"CreatedById","CreatedDate","Id","IsDeleted","LastModifiedById","LastModifiedDate","LastReferencedDate","LastViewedDate","Name","OwnerId","SystemModstamp","reismobj__APIItemGroup__c","reismobj__APIItem__c","reismobj__AccountDetailField__c","reismobj__AccountField__c","reismobj__CatalogItemDetailField__c","reismobj__CatalogItemField__c","reismobj__ContactField__c","reismobj__DistributionPriceField__c","reismobj__FixedValue__c","reismobj__OrderDetailField__c","reismobj__OrderField__c","reismobj__OrderItemDetailField__c","reismobj__OrderItemField__c","reismobj__TargetEC__c"
"005d5000004TiwDAAS","2026-02-19T12:13:16.000Z","a08RB00001EVThxYAH","false","005d5000004TiwDAAS","2026-03-13T09:15:33.000Z","","","Customer_id","005d5000004TiwDAAS","2026-03-13T09:15:33.000Z","Customer","id","","ecf_customer_id__c","","","","","","","","","","ecforce"
"005d5000004TiwDAAS","2026-02-19T12:13:16.000Z","a08RB00001EVThyYAH","false","005d5000004TiwDAAS","2026-02-19T12:13:16.000Z","","","Customer_authentication_token","005d5000004TiwDAAS","2026-02-19T12:13:16.000Z","Customer","authentication_token","","ecf_authentication_token__c","","","","","","","","","","ecforce"
"005d5000004TiwDAAS","2026-02-19T12:13:16.000Z","a08RB00001EVThzYAH","false","005d5000004TiwDAAS","2026-02-19T12:13:16.000Z","","","Customer_number","005d5000004TiwDAAS","2026-02-19T12:13:16.000Z","Customer","number","","ecf_number__c","","","","","","","","","","ecforce"
"005d5000004TiwDAAS","2026-02-19T12:13:16.000Z","a08RB00001EVTi0YAH","false","005d5000004TiwDAAS","2026-02-19T12:13:16.000Z","","","Customer_state","005d5000004TiwDAAS","2026-02-19T12:13:16.000Z","Customer","state","","ecf_state__c","","","","","","","","","","ecforce"
"005d5000004TiwDAAS","2026-02-19T12:13:16.000Z","a08RB00001EVTi1YAH","false","005d5000004TiwDAAS","2026-02-19T12:13:16.000Z","","","Customer_human_state_name","005d5000004TiwDAAS","2026-02-19T12:13:16.000Z","Customer","human_state_name","","ecf_human_state_name__c","","","","","","","","","","ecforce"
"005d5000004TiwDAAS","2026-02-19T12:13:16.000Z","a08RB00001EVTi2YAH","false","005d5000004TiwDAAS","2026-02-19T12:13:16.000Z","","","Customer_customer_rank_name","005d5000004TiwDAAS","2026-02-19T12:13:16.000Z","Customer","customer_rank_name","","ecf_customer_rank_name__c","","","","","","","","","","ecforce"
"005d5000004TiwDAAS","2026-02-19T12:13:16.000Z","a08RB00001EVTi3YAH","false","005d5000004TiwDAAS","2026-03-16T18:12:57.000Z","","","Customer_email","005d5000004TiwDAAS","2026-03-16T18:12:57.000Z","Customer","email","","ecf_customer_email__c","","","","","","","ecf_customer_email__c","","","ecforce"
"005d5000004TiwDAAS","2026-02-19T12:13:16.000Z","a08RB00001EVTi4YAH","false","005d5000004TiwDAAS","2026-02-19T12:13:16.000Z","","","Customer_mobile_email","005d5000004TiwDAAS","2026-02-19T12:13:16.000Z","Customer","mobile_email","","ecf_mobile_email__c","","","","","","","","","","ecforce"
"005d5000004TiwDAAS","2026-02-19T12:13:16.000Z","a08RB00001EVTi5YAH","false","005d5000004TiwDAAS","2026-02-19T12:13:16.000Z","","","Customer_sex_id","005d5000004TiwDAAS","2026-02-19T12:13:16.000Z","Customer","sex_id","","ecf_sex_id__c","","","","","","","","","","ecforce"
"005d5000004TiwDAAS","2026-02-19T12:13:16.000Z","a08RB00001EVTi6YAH","false","005d5000004TiwDAAS","2026-02-19T12:13:16.000Z","","","Customer_sex","005d5000004TiwDAAS","2026-02-19T12:13:16.000Z","Customer","sex","","ecf_sex__c","","","","","","","","","","ecforce"
"005d5000004TiwDAAS","2026-02-19T12:13:16.000Z","a08RB00001EVTi7YAH","false","005d5000004TiwDAAS","2026-02-19T12:13:16.000Z","","","Customer_job","005d5000004TiwDAAS","2026-02-19T12:13:16.000Z","Customer","job","","ecf_job__c","","","","","","","","","","ecforce"
"005d5000004TiwDAAS","2026-02-19T12:13:16.000Z","a08RB00001EVTi8YAH","false","005d5000004TiwDAAS","2026-02-19T12:13:16.000Z","","","Customer_birth","005d5000004TiwDAAS","2026-02-19T12:13:16.000Z","Customer","birth","","ecf_birth__c","","","","","","","","","","ecforce"
"005d5000004TiwDAAS","2026-02-19T12:13:16.000Z","a08RB00001EVTi9YAH","false","005d5000004TiwDAAS","2026-02-19T12:13:16.000Z","","","Customer_buy_times","005d5000004TiwDAAS","2026-02-19T12:13:16.000Z","Customer","buy_times","","ecf_buy_times__c","","","","","","","","","","ecforce"
"005d5000004TiwDAAS","2026-02-19T12:13:16.000Z","a08RB00001EVTiAYAX","false","005d5000004TiwDAAS","2026-02-19T12:13:16.000Z","","","Customer_buy_total","005d5000004TiwDAAS","2026-02-19T12:13:16.000Z","Customer","buy_total","","ecf_buy_total__c","","","","","","","","","","ecforce"
"005d5000004TiwDAAS","2026-02-19T12:13:16.000Z","a08RB00001EVTiBYAX","false","005d5000004TiwDAAS","2026-02-19T12:13:16.000Z","","","Customer_first_order_completed_at","005d5000004TiwDAAS","2026-02-19T12:13:16.000Z","Customer","first_order_completed_at","","ecf_first_order_completed_at__c","","","","","","","","","","ecforce"
"005d5000004TiwDAAS","2026-02-19T12:13:16.000Z","a08RB00001EVTiCYAX","false","005d5000004TiwDAAS","2026-02-19T12:13:16.000Z","","","Customer_last_order_completed_at","005d5000004TiwDAAS","2026-02-19T12:13:16.000Z","Customer","last_order_completed_at","","ecf_last_order_completed_at__c","","","","","","","","","","ecforce"
"005d5000004TiwDAAS","2026-02-19T12:13:16.000Z","a08RB00001EVTiDYAX","false","005d5000004TiwDAAS","2026-02-19T12:13:16.000Z","","","Customer_point","005d5000004TiwDAAS","2026-02-19T12:13:16.000Z","Customer","point","","ecf_point__c","","","","","","","","","","ecforce"
"005d5000004TiwDAAS","2026-02-19T12:13:16.000Z","a08RB00001EVTiEYAX","false","005d5000004TiwDAAS","2026-02-19T12:13:16.000Z","","","Customer_point_expired_at","005d5000004TiwDAAS","2026-02-19T12:13:16.000Z","Customer","point_expired_at","","ecf_point_expired_at__c","","","","","","","","","","ecforce"
"005d5000004TiwDAAS","2026-02-19T12:13:16.000Z","a08RB00001EVTiFYAX","false","005d5000004TiwDAAS","2026-02-19T12:13:16.000Z","","","Customer_customer_type_name","005d5000004TiwDAAS","2026-02-19T12:13:16.000Z","Customer","customer_type_name","","ecf_customer_type_name__c","","","","","","","","","","ecforce"
"005d5000004TiwDAAS","2026-02-19T12:13:16.000Z","a08RB00001EVTiGYAX","false","005d5000004TiwDAAS","2026-02-19T12:13:16.000Z","","","Customer_optin","005d5000004TiwDAAS","2026-02-19T12:13:16.000Z","Customer","optin","","ecf_optin__c","","","","","","","","","","ecforce"
"005d5000004TiwDAAS","2026-02-19T12:13:16.000Z","a08RB00001EVTiHYAX","false","005d5000004TiwDAAS","2026-02-19T12:13:16.000Z","","","Customer_line_id","005d5000004TiwDAAS","2026-02-19T12:13:16.000Z","Customer","line_id","","ecf_line_id__c","","","","","","","","","","ecforce"
"005d5000004TiwDAAS","2026-02-19T12:13:16.000Z","a08RB00001EVTiIYAX","false","005d5000004TiwDAAS","2026-02-19T12:13:16.000Z","","","Customer_tenant_id","005d5000004TiwDAAS","2026-02-19T12:13:16.000Z","Customer","tenant_id","","ecf_tenant_id__c","","","","","","","","","","ecforce"
"005d5000004TiwDAAS","2026-02-19T12:13:16.000Z","a08RB00001EVTiJYAX","false","005d5000004TiwDAAS","2026-02-19T12:13:16.000Z","","","Customer_mail_delivery_stop","005d5000004TiwDAAS","2026-02-19T12:13:16.000Z","Customer","mail_delivery_stop","","ecf_mail_delivery_stop__c","","","","","","","","","","ecforce"
"005d5000004TiwDAAS","2026-02-19T12:13:16.000Z","a08RB00001EVTiKYAX","false","005d5000004TiwDAAS","2026-02-19T12:13:16.000Z","","","Customer_np_royal_customer","005d5000004TiwDAAS","2026-02-19T12:13:16.000Z","Customer","np_royal_customer","","ecf_np_royal_customer__c","","","","","","","","","","ecforce"
"005d5000004TiwDAAS","2026-02-19T12:13:16.000Z","a08RB00001EVTiLYAX","false","005d5000004TiwDAAS","2026-02-19T12:13:16.000Z","","","Customer_blacklist","005d5000004TiwDAAS","2026-02-19T12:13:16.000Z","Customer","blacklist","","ecf_blacklist__c","","","","","","","","","","ecforce"
"005d5000004TiwDAAS","2026-02-19T12:13:16.000Z","a08RB00001EVTiMYAX","false","005d5000004TiwDAAS","2026-02-19T12:13:16.000Z","","","Customer_blacklist_reasons","005d5000004TiwDAAS","2026-02-19T12:13:16.000Z","Customer","blacklist_reasons","","ecf_blacklist_reasons__c","","","","","","","","","","ecforce"
"005d5000004TiwDAAS","2026-02-19T12:13:16.000Z","a08RB00001EVTiNYAX","false","005d5000004TiwDAAS","2026-02-19T12:13:16.000Z","","","Customer_labels","005d5000004TiwDAAS","2026-02-19T12:13:16.000Z","Customer","labels","","ecf_labels__c","","","","","","","","","","ecforce"
"005d5000004TiwDAAS","2026-02-19T12:13:16.000Z","a08RB00001EVTiOYAX","false","005d5000004TiwDAAS","2026-03-17T07:41:33.000Z","","","Customer_coupon_codes","005d5000004TiwDAAS","2026-03-17T07:41:33.000Z","Customer","coupon_codes","","ecf_coupon_codes__c","","","","","","","ecf_coupon_codes__c","","","ecforce"
"005d5000004TiwDAAS","2026-02-19T12:13:16.000Z","a08RB00001EVTiPYAX","false","005d5000004TiwDAAS","2026-02-19T12:13:16.000Z","","","Customer_link_number","005d5000004TiwDAAS","2026-02-19T12:13:16.000Z","Customer","link_number","","ecf_link_number__c","","","","","","","","","","ecforce"
"005d5000004TiwDAAS","2026-02-19T12:13:16.000Z","a08RB00001EVTiQYAX","false","005d5000004TiwDAAS","2026-02-19T12:13:16.000Z","","","Customer_is_auto_generated_email","005d5000004TiwDAAS","2026-02-19T12:13:16.000Z","Customer","is_auto_generated_email","","ecf_is_auto_generated_email__c","","","","","","","","","","ecforce"
"005d5000004TiwDAAS","2026-02-19T12:13:16.000Z","a08RB00001EVTiRYAX","false","005d5000004TiwDAAS","2026-02-19T12:13:16.000Z","","","Customer_auth_infrastructure_id","005d5000004TiwDAAS","2026-02-19T12:13:16.000Z","Customer","auth_infrastructure_id","","ecf_auth_infrastructure_id__c","","","","","","","","","","ecforce"
"005d5000004TiwDAAS","2026-02-19T12:13:16.000Z","a08RB00001EVTiSYAX","false","005d5000004TiwDAAS","2026-02-19T12:13:16.000Z","","","Customer_option01","005d5000004TiwDAAS","2026-02-19T12:13:16.000Z","Customer","option01","","ecf_option01__c","","","","","","","","","","ecforce"
"005d5000004TiwDAAS","2026-02-19T12:13:16.000Z","a08RB00001EVTiTYAX","false","005d5000004TiwDAAS","2026-02-19T12:13:16.000Z","","","Customer_option02","005d5000004TiwDAAS","2026-02-19T12:13:16.000Z","Customer","option02","","ecf_option02__c","","","","","","","","","","ecforce"
"005d5000004TiwDAAS","2026-02-19T12:13:16.000Z","a08RB00001EVTiUYAX","false","005d5000004TiwDAAS","2026-02-19T12:13:16.000Z","","","Customer_option03","005d5000004TiwDAAS","2026-02-19T12:13:16.000Z","Customer","option03","","ecf_option03__c","","","","","","","","","","ecforce"
"005d5000004TiwDAAS","2026-02-19T12:13:16.000Z","a08RB00001EVTiVYAX","false","005d5000004TiwDAAS","2026-02-19T12:13:16.000Z","","","Customer_option04","005d5000004TiwDAAS","2026-02-19T12:13:16.000Z","Customer","option04","","ecf_option04__c","","","","","","","","","","ecforce"
"005d5000004TiwDAAS","2026-02-19T12:13:16.000Z","a08RB00001EVTiWYAX","false","005d5000004TiwDAAS","2026-02-19T12:13:16.000Z","","","Customer_option05","005d5000004TiwDAAS","2026-02-19T12:13:16.000Z","Customer","option05","","ecf_option05__c","","","","","","","","","","ecforce"
"005d5000004TiwDAAS","2026-02-19T12:13:16.000Z","a08RB00001EVTiXYAX","false","005d5000004TiwDAAS","2026-02-19T12:13:16.000Z","","","Customer_option06","005d5000004TiwDAAS","2026-02-19T12:13:16.000Z","Customer","option06","","ecf_option06__c","","","","","","","","","","ecforce"
"005d5000004TiwDAAS","2026-02-19T12:13:16.000Z","a08RB00001EVTiYYAX","false","005d5000004TiwDAAS","2026-02-19T12:13:16.000Z","","","Customer_option07","005d5000004TiwDAAS","2026-02-19T12:13:16.000Z","Customer","option07","","ecf_option07__c","","","","","","","","","","ecforce"
"005d5000004TiwDAAS","2026-02-19T12:13:16.000Z","a08RB00001EVTiZYAX","false","005d5000004TiwDAAS","2026-02-19T12:13:16.000Z","","","Customer_option08","005d5000004TiwDAAS","2026-02-19T12:13:16.000Z","Customer","option08","","ecf_option08__c","","","","","","","","","","ecforce"
"005d5000004TiwDAAS","2026-02-19T12:13:16.000Z","a08RB00001EVTiaYAH","false","005d5000004TiwDAAS","2026-02-19T12:13:16.000Z","","","Customer_option09","005d5000004TiwDAAS","2026-02-19T12:13:16.000Z","Customer","option09","","ecf_option09__c","","","","","","","","","","ecforce"
"005d5000004TiwDAAS","2026-02-19T12:13:16.000Z","a08RB00001EVTibYAH","false","005d5000004TiwDAAS","2026-02-19T12:13:16.000Z","","","Customer_option10","005d5000004TiwDAAS","2026-02-19T12:13:16.000Z","Customer","option10","","ecf_option10__c","","","","","","","","","","ecforce"
"005d5000004TiwDAAS","2026-02-19T12:13:16.000Z","a08RB00001EVTicYAH","false","005d5000004TiwDAAS","2026-03-24T15:07:06.000Z","","","Customer_created_at","005d5000004TiwDAAS","2026-03-24T15:07:06.000Z","Customer","created_at","","ecf_customer_created_at__c","","","","","","","","","","ecforce"
"005d5000004TiwDAAS","2026-02-19T12:13:16.000Z","a08RB00001EVTidYAH","false","005d5000004TiwDAAS","2026-03-16T15:05:32.000Z","","","Customer_updated_at","005d5000004TiwDAAS","2026-03-16T15:05:32.000Z","Customer","updated_at","","ecf_customer_updated_at__c","","","","","","","","","","ecforce"
"005d5000004TiwDAAS","2026-02-19T12:13:16.000Z","a08RB00001EVTieYAH","false","005d5000004TiwDAAS","2026-02-19T12:13:16.000Z","","","Customer_deleted_at","005d5000004TiwDAAS","2026-02-19T12:13:16.000Z","Customer","deleted_at","","ecf_deleted_at__c","","","","","","","","","","ecforce"
"005d5000004TiwDAAS","2026-02-19T12:13:16.000Z","a08RB00001EVTifYAH","false","005d5000004TiwDAAS","2026-03-16T14:25:13.000Z","","","Order_id","005d5000004TiwDAAS","2026-03-16T14:25:13.000Z","Order","id","","ecf_order_id__c","","","","","","","ecf_id__c","","","ecforce"
"005d5000004TiwDAAS","2026-02-19T12:13:16.000Z","a08RB00001EVTigYAH","false","005d5000004TiwDAAS","2026-03-10T06:21:17.000Z","","","Order_number1","005d5000004TiwDAAS","2026-03-10T06:21:17.000Z","Order","number 1","","","","","","","","","Name","","","ecforce"
"005d5000004TiwDAAS","2026-02-19T12:13:16.000Z","a08RB00001EVTihYAH","false","005d5000004TiwDAAS","2026-03-16T18:09:21.000Z","","","Order_labels","005d5000004TiwDAAS","2026-03-16T18:09:21.000Z","Order","labels","","","","","","","","","ecf_order_labels__c","","","ecforce"
"005d5000004TiwDAAS","2026-02-19T12:13:16.000Z","a08RB00001EVTiiYAH","false","005d5000004TiwDAAS","2026-02-19T12:13:16.000Z","","","Order_customer_id","005d5000004TiwDAAS","2026-02-19T12:13:16.000Z","Order","customer_id","","","","","","","","","ecf_customer_id__c","","","ecforce"
"005d5000004TiwDAAS","2026-02-19T12:13:16.000Z","a08RB00001EVTijYAH","false","005d5000004TiwDAAS","2026-02-19T12:13:16.000Z","","","Order_customer_number","005d5000004TiwDAAS","2026-02-19T12:13:16.000Z","Order","customer_number","","","","","","","","","ecf_customer_number__c","","","ecforce"
"005d5000004TiwDAAS","2026-02-19T12:13:16.000Z","a08RB00001EVTikYAH","false","005d5000004TiwDAAS","2026-03-16T18:06:43.000Z","","","Order_customer_labels","005d5000004TiwDAAS","2026-03-16T18:06:43.000Z","Order","customer_labels","","","","","","","","","ecf_order_customer_labels__c","","","ecforce"
"005d5000004TiwDAAS","2026-02-19T12:13:16.000Z","a08RB00001EVTilYAH","false","005d5000004TiwDAAS","2026-02-19T12:13:16.000Z","","","Order_subs_order_id","005d5000004TiwDAAS","2026-02-19T12:13:16.000Z","Order","subs_order_id","","","","","","","","","ecf_subs_order_id__c","","","ecforce"
"005d5000004TiwDAAS","2026-02-19T12:13:16.000Z","a08RB00001EVTimYAH","false","005d5000004TiwDAAS","2026-03-16T14:30:04.000Z","","","Order_subs_order_number","005d5000004TiwDAAS","2026-03-16T14:30:04.000Z","Order","subs_order_number","","ecf_subs_order_number__c","","","","","","","ecf_subs_order_number__c","","","ecforce"
"005d5000004TiwDAAS","2026-02-19T12:13:16.000Z","a08RB00001EVTinYAH","false","005d5000004TiwDAAS","2026-02-19T12:13:16.000Z","","","Order_subs_order_labels","005d5000004TiwDAAS","2026-02-19T12:13:16.000Z","Order","subs_order_labels","","","","","","","","","ecf_subs_order_labels__c","","","ecforce"
"005d5000004TiwDAAS","2026-02-19T12:13:16.000Z","a08RB00001EVTioYAH","false","005d5000004TiwDAAS","2026-02-19T12:13:16.000Z","","","Order_product_labels","005d5000004TiwDAAS","2026-02-19T12:13:16.000Z","Order","product_labels","","","","","","","","","ecf_product_labels__c","","","ecforce"
"005d5000004TiwDAAS","2026-02-19T12:13:16.000Z","a08RB00001EVTipYAH","false","005d5000004TiwDAAS","2026-02-19T12:13:16.000Z","","","Order_bundled_items","005d5000004TiwDAAS","2026-02-19T12:13:16.000Z","Order","bundled_items","","","","","","","","","ecf_bundled_items__c","","","ecforce"
"005d5000004TiwDAAS","2026-02-19T12:13:16.000Z","a08RB00001EVTiqYAH","false","005d5000004TiwDAAS","2026-02-19T12:13:16.000Z","","","Order_product_name_with_tax","005d5000004TiwDAAS","2026-02-19T12:13:16.000Z","Order","product_name_with_tax","","","","","","","","","ecf_product_name_with_tax__c","","","ecforce"
"005d5000004TiwDAAS","2026-02-19T12:13:16.000Z","a08RB00001EVTirYAH","false","005d5000004TiwDAAS","2026-03-16T13:16:31.000Z","","","Order_ip","005d5000004TiwDAAS","2026-03-16T13:16:31.000Z","Order","ip","","ecf_ip__c","","","","","","","ecf_ip__c","","","ecforce"
"005d5000004TiwDAAS","2026-02-19T12:13:16.000Z","a08RB00001EVTisYAH","false","005d5000004TiwDAAS","2026-02-19T12:13:16.000Z","","","Order_device_variant","005d5000004TiwDAAS","2026-02-19T12:13:16.000Z","Order","device_variant","","","","","","","","","ecf_device_variant__c","","","ecforce"
"005d5000004TiwDAAS","2026-02-19T12:13:16.000Z","a08RB00001EVTitYAH","false","005d5000004TiwDAAS","2026-02-19T12:13:16.000Z","","","Order_shipping_carrier_code","005d5000004TiwDAAS","2026-02-19T12:13:16.000Z","Order","shipping_carrier_code","","","","","","","","","ecf_shipping_carrier_code__c","","","ecforce"
"005d5000004TiwDAAS","2026-02-19T12:13:16.000Z","a08RB00001EVTiuYAH","false","005d5000004TiwDAAS","2026-02-19T12:13:16.000Z","","","Order_human_offer_name","005d5000004TiwDAAS","2026-02-19T12:13:16.000Z","Order","human_offer_name","","","","","","","","","ecf_human_offer_name__c","","","ecforce"
"005d5000004TiwDAAS","2026-02-19T12:13:16.000Z","a08RB00001EVTivYAH","false","005d5000004TiwDAAS","2026-02-19T12:13:16.000Z","","","Order_url_id","005d5000004TiwDAAS","2026-02-19T12:13:16.000Z","Order","url_id","","","","","","","","","ecf_url_id__c","","","ecforce"
"005d5000004TiwDAAS","2026-02-19T12:13:16.000Z","a08RB00001EVTiwYAH","false","005d5000004TiwDAAS","2026-03-16T13:19:26.000Z","","","Order_url","005d5000004TiwDAAS","2026-03-16T13:19:26.000Z","Order","url","","ecf_url__c","","","","","","","ecf_url__c","","","ecforce"
"005d5000004TiwDAAS","2026-02-19T12:13:16.000Z","a08RB00001EVTixYAH","false","005d5000004TiwDAAS","2026-02-19T12:13:16.000Z","","","Order_url_group","005d5000004TiwDAAS","2026-02-19T12:13:16.000Z","Order","url_group","","","","","","","","","ecf_url_group__c","","","ecforce"
"005d5000004TiwDAAS","2026-02-19T12:13:16.000Z","a08RB00001EVTiyYAH","false","005d5000004TiwDAAS","2026-02-19T12:13:16.000Z","","","Order_advertiser","005d5000004TiwDAAS","2026-02-19T12:13:16.000Z","Order","advertiser","","","","","","","","","ecf_advertiser__c","","","ecforce"
"005d5000004TiwDAAS","2026-02-19T12:13:16.000Z","a08RB00001EVTizYAH","false","005d5000004TiwDAAS","2026-02-19T12:13:16.000Z","","","Order_payment_access_id","005d5000004TiwDAAS","2026-02-19T12:13:16.000Z","Order","payment_access_id","","","","","","","","","ecf_payment_access_id__c","","","ecforce"
"005d5000004TiwDAAS","2026-02-19T12:13:16.000Z","a08RB00001EVTj0YAH","false","005d5000004TiwDAAS","2026-02-19T12:13:16.000Z","","","Order_payment_access_pass","005d5000004TiwDAAS","2026-02-19T12:13:16.000Z","Order","payment_access_pass","","","","","","","","","ecf_payment_access_pass__c","","","ecforce"
"005d5000004TiwDAAS","2026-02-19T12:13:16.000Z","a08RB00001EVTj1YAH","false","005d5000004TiwDAAS","2026-02-19T12:13:16.000Z","","","Order_payment_number","005d5000004TiwDAAS","2026-02-19T12:13:16.000Z","Order","payment_number","","","","","","","","","ecf_payment_number__c","","","ecforce"
"005d5000004TiwDAAS","2026-02-19T12:13:16.000Z","a08RB00001EVTj2YAH","false","005d5000004TiwDAAS","2026-02-19T12:13:16.000Z","","","Order_wrapping","005d5000004TiwDAAS","2026-02-19T12:13:16.000Z","Order","wrapping","","","","","","","","","ecf_wrapping__c","","","ecforce"
"005d5000004TiwDAAS","2026-02-19T12:13:16.000Z","a08RB00001EVTj3YAH","false","005d5000004TiwDAAS","2026-02-19T12:13:16.000Z","","","Order_remark","005d5000004TiwDAAS","2026-02-19T12:13:16.000Z","Order","remark","","","","","","","","","ecf_remark__c","","","ecforce"
"005d5000004TiwDAAS","2026-02-19T12:13:16.000Z","a08RB00001EVTj4YAH","false","005d5000004TiwDAAS","2026-02-19T12:13:16.000Z","","","Order_store","005d5000004TiwDAAS","2026-02-19T12:13:16.000Z","Order","store","","","","","","","","","ecf_store__c","","","ecforce"
"005d5000004TiwDAAS","2026-02-19T12:13:16.000Z","a08RB00001EVTj5YAH","false","005d5000004TiwDAAS","2026-03-14T14:06:54.000Z","","","Order_state","005d5000004TiwDAAS","2026-03-14T14:06:54.000Z","Order","state","","","","","","","","","ecf_order_state__c","","","ecforce"
"005d5000004TiwDAAS","2026-02-19T12:13:16.000Z","a08RB00001EVTj6YAH","false","005d5000004TiwDAAS","2026-03-16T14:33:31.000Z","","","Order_human_state","005d5000004TiwDAAS","2026-03-16T14:33:31.000Z","Order","human_state","","ecf_order_human_state__c","","","","","","","ecf_order_human_state__c","","","ecforce"
"005d5000004TiwDAAS","2026-02-19T12:13:16.000Z","a08RB00001EVTj7YAH","false","005d5000004TiwDAAS","2026-03-14T14:06:54.000Z","","","Order_payment_state","005d5000004TiwDAAS","2026-03-14T14:06:54.000Z","Order","payment_state","","","","","","","","","ecf_payment_state__c","","","ecforce"
"005d5000004TiwDAAS","2026-02-19T12:13:16.000Z","a08RB00001EVTj8YAH","false","005d5000004TiwDAAS","2026-03-16T14:38:32.000Z","","","Order_payment_human_state","005d5000004TiwDAAS","2026-03-16T14:38:32.000Z","Order","payment_human_state","","ecf_payment_human_state__c","","","","","","","ecf_payment_human_state__c","","","ecforce"
"005d5000004TiwDAAS","2026-02-19T12:13:16.000Z","a08RB00001EVTj9YAH","false","005d5000004TiwDAAS","2026-03-16T05:07:38.000Z","","","Order_email","005d5000004TiwDAAS","2026-03-16T05:07:38.000Z","Order","email","","ecf_email__c","","","","","","","ecf_email__c","","","ecforce"
"005d5000004TiwDAAS","2026-02-19T12:13:16.000Z","a08RB00001EVTjAYAX","false","005d5000004TiwDAAS","2026-02-19T12:13:16.000Z","","","Order_subtotal","005d5000004TiwDAAS","2026-02-19T12:13:16.000Z","Order","subtotal","","","","","","","","","ecf_subtotal__c","","","ecforce"
"005d5000004TiwDAAS","2026-02-19T12:13:16.000Z","a08RB00001EVTjBYAX","false","005d5000004TiwDAAS","2026-02-19T12:13:16.000Z","","","Order_subtotal8","005d5000004TiwDAAS","2026-02-19T12:13:16.000Z","Order","subtotal8","","","","","","","","","ecf_subtotal8__c","","","ecforce"
"005d5000004TiwDAAS","2026-02-19T12:13:16.000Z","a08RB00001EVTjCYAX","false","005d5000004TiwDAAS","2026-02-19T12:13:16.000Z","","","Order_subtotal10","005d5000004TiwDAAS","2026-02-19T12:13:16.000Z","Order","subtotal10","","","","","","","","","ecf_subtotal10__c","","","ecforce"
"005d5000004TiwDAAS","2026-02-19T12:13:16.000Z","a08RB00001EVTjDYAX","false","005d5000004TiwDAAS","2026-02-19T12:13:16.000Z","","","Order_discount","005d5000004TiwDAAS","2026-02-19T12:13:16.000Z","Order","discount","","","","","","","","","ecf_discount__c","","","ecforce"
"005d5000004TiwDAAS","2026-02-19T12:13:16.000Z","a08RB00001EVTjEYAX","false","005d5000004TiwDAAS","2026-02-19T12:13:16.000Z","","","Order_discount8","005d5000004TiwDAAS","2026-02-19T12:13:16.000Z","Order","discount8","","","","","","","","","ecf_discount8__c","","","ecforce"
"005d5000004TiwDAAS","2026-02-19T12:13:16.000Z","a08RB00001EVTjFYAX","false","005d5000004TiwDAAS","2026-02-19T12:13:16.000Z","","","Order_discount10","005d5000004TiwDAAS","2026-02-19T12:13:16.000Z","Order","discount10","","","","","","","","","ecf_discount10__c","","","ecforce"
"005d5000004TiwDAAS","2026-02-19T12:13:16.000Z","a08RB00001EVTjGYAX","false","005d5000004TiwDAAS","2026-02-19T12:13:16.000Z","","","Order_point","005d5000004TiwDAAS","2026-02-19T12:13:16.000Z","Order","point","","","","","","","","","ecf_point__c","","","ecforce"
"005d5000004TiwDAAS","2026-02-19T12:13:16.000Z","a08RB00001EVTjHYAX","false","005d5000004TiwDAAS","2026-02-19T12:13:16.000Z","","","Order_point8","005d5000004TiwDAAS","2026-02-19T12:13:16.000Z","Order","point8","","","","","","","","","ecf_point8__c","","","ecforce"
"005d5000004TiwDAAS","2026-02-19T12:13:16.000Z","a08RB00001EVTjIYAX","false","005d5000004TiwDAAS","2026-02-19T12:13:16.000Z","","","Order_point10","005d5000004TiwDAAS","2026-02-19T12:13:16.000Z","Order","point10","","","","","","","","","ecf_point10__c","","","ecforce"
"005d5000004TiwDAAS","2026-02-19T12:13:16.000Z","a08RB00001EVTjJYAX","false","005d5000004TiwDAAS","2026-02-19T12:13:16.000Z","","","Order_discount_with_point","005d5000004TiwDAAS","2026-02-19T12:13:16.000Z","Order","discount_with_point","","","","","","","","","ecf_discount_with_point__c","","","ecforce"
"005d5000004TiwDAAS","2026-02-19T12:13:16.000Z","a08RB00001EVTjKYAX","false","005d5000004TiwDAAS","2026-02-19T12:13:16.000Z","","","Order_discount_with_point8","005d5000004TiwDAAS","2026-02-19T12:13:16.000Z","Order","discount_with_point8","","","","","","","","","ecf_discount_with_point8__c","","","ecforce"
"005d5000004TiwDAAS","2026-02-19T12:13:16.000Z","a08RB00001EVTjLYAX","false","005d5000004TiwDAAS","2026-02-19T12:13:16.000Z","","","Order_discount_with_point10","005d5000004TiwDAAS","2026-02-19T12:13:16.000Z","Order","discount_with_point10","","","","","","","","","ecf_discount_with_point10__c","","","ecforce"
"005d5000004TiwDAAS","2026-02-19T12:13:16.000Z","a08RB00001EVTjMYAX","false","005d5000004TiwDAAS","2026-02-19T12:13:16.000Z","","","Order_misc_fee","005d5000004TiwDAAS","2026-02-19T12:13:16.000Z","Order","misc_fee","","","","","","","","","ecf_misc_fee__c","","","ecforce"
"005d5000004TiwDAAS","2026-02-19T12:13:16.000Z","a08RB00001EVTjNYAX","false","005d5000004TiwDAAS","2026-02-19T12:13:16.000Z","","","Order_deliv_fee","005d5000004TiwDAAS","2026-02-19T12:13:16.000Z","Order","deliv_fee","","","","","","","","","ecf_deliv_fee__c","","","ecforce"
"005d5000004TiwDAAS","2026-02-19T12:13:16.000Z","a08RB00001EVTjOYAX","false","005d5000004TiwDAAS","2026-02-19T12:13:16.000Z","","","Order_charge","005d5000004TiwDAAS","2026-02-19T12:13:16.000Z","Order","charge","","","","","","","","","ecf_charge__c","","","ecforce"
"005d5000004TiwDAAS","2026-02-19T12:13:16.000Z","a08RB00001EVTjPYAX","false","005d5000004TiwDAAS","2026-02-19T12:13:16.000Z","","","Order_adjustment","005d5000004TiwDAAS","2026-02-19T12:13:16.000Z","Order","adjustment","","","","","","","","","ecf_adjustment__c","","","ecforce"
"005d5000004TiwDAAS","2026-02-19T12:13:16.000Z","a08RB00001EVTjQYAX","false","005d5000004TiwDAAS","2026-02-19T12:13:16.000Z","","","Order_tax","005d5000004TiwDAAS","2026-02-19T12:13:16.000Z","Order","tax","","","","","","","","","ecf_tax__c","","","ecforce"
"005d5000004TiwDAAS","2026-02-19T12:13:16.000Z","a08RB00001EVTjRYAX","false","005d5000004TiwDAAS","2026-02-19T12:13:16.000Z","","","Order_tax8","005d5000004TiwDAAS","2026-02-19T12:13:16.000Z","Order","tax8","","","","","","","","","ecf_tax8__c","","","ecforce"
"005d5000004TiwDAAS","2026-02-19T12:13:16.000Z","a08RB00001EVTjSYAX","false","005d5000004TiwDAAS","2026-02-19T12:13:16.000Z","","","Order_tax10","005d5000004TiwDAAS","2026-02-19T12:13:16.000Z","Order","tax10","","","","","","","","","ecf_tax10__c","","","ecforce"
"005d5000004TiwDAAS","2026-02-19T12:13:16.000Z","a08RB00001EVTjTYAX","false","005d5000004TiwDAAS","2026-03-16T14:35:06.000Z","","","Order_total","005d5000004TiwDAAS","2026-03-16T14:35:06.000Z","Order","total","","ecf_total__c","","","","","","","ecf_total__c","","","ecforce"
"005d5000004TiwDAAS","2026-02-19T12:13:16.000Z","a08RB00001EVTjUYAX","false","005d5000004TiwDAAS","2026-02-19T12:13:16.000Z","","","Order_total8","005d5000004TiwDAAS","2026-02-19T12:13:16.000Z","Order","total8","","","","","","","","","ecf_total8__c","","","ecforce"
"005d5000004TiwDAAS","2026-02-19T12:13:16.000Z","a08RB00001EW4pVYAT","false","005d5000004TiwDAAS","2026-02-19T12:13:16.000Z","","","Order_total10","005d5000004TiwDAAS","2026-02-19T12:13:16.000Z","Order","total10","","","","","","","","","ecf_total10__c","","","ecforce"
"005d5000004TiwDAAS","2026-02-19T12:13:16.000Z","a08RB00001EW4pWYAT","false","005d5000004TiwDAAS","2026-03-16T14:37:26.000Z","","","Order_payment_total","005d5000004TiwDAAS","2026-03-16T14:37:26.000Z","Order","payment_total","","ecf_payment_total__c","","","","","","","ecf_payment_total__c","","","ecforce"
"005d5000004TiwDAAS","2026-02-19T12:13:16.000Z","a08RB00001EW4pXYAT","false","005d5000004TiwDAAS","2026-02-19T12:13:16.000Z","","","Order_redeem_point","005d5000004TiwDAAS","2026-02-19T12:13:16.000Z","Order","redeem_point","","","","","","","","","ecf_redeem_point__c","","","ecforce"
"005d5000004TiwDAAS","2026-02-19T12:13:16.000Z","a08RB00001EW4pYYAT","false","005d5000004TiwDAAS","2026-03-05T15:12:24.000Z","","","Order_reward_point","005d5000004TiwDAAS","2026-03-05T15:12:24.000Z","Order","reward_point","","ecf_reward_point__c","","","","","","","ecf_reward_point__c","","","ecforce"
"005d5000004TiwDAAS","2026-02-19T12:13:16.000Z","a08RB00001EW4pZYAT","false","005d5000004TiwDAAS","2026-03-05T15:12:08.000Z","","","Order_grant_plan_point","005d5000004TiwDAAS","2026-03-05T15:12:08.000Z","Order","grant_plan_point","","ecf_grant_plan_point__c","","","","","","","ecf_grant_plan_point__c","","","ecforce"
"005d5000004TiwDAAS","2026-02-19T12:13:16.000Z","a08RB00001EW4paYAD","false","005d5000004TiwDAAS","2026-02-19T12:13:16.000Z","","","Order_total_recurring_sales_price_discount","005d5000004TiwDAAS","2026-02-19T12:13:16.000Z","Order","total_recurring_sales_price_discount","","","","","","","","","ecf_total_recurring_sales_price_discount__c","","","ecforce"
"005d5000004TiwDAAS","2026-02-19T12:13:16.000Z","a08RB00001EW4pbYAD","false","005d5000004TiwDAAS","2026-02-19T12:13:16.000Z","","","Order_shipping_carrier_id","005d5000004TiwDAAS","2026-02-19T12:13:16.000Z","Order","shipping_carrier_id","","","","","","","","","ecf_shipping_carrier_id__c","","","ecforce"
"005d5000004TiwDAAS","2026-02-19T12:13:16.000Z","a08RB00001EW4pcYAD","false","005d5000004TiwDAAS","2026-02-19T12:13:16.000Z","","","Order_shipping_carrier_name","005d5000004TiwDAAS","2026-02-19T12:13:16.000Z","Order","shipping_carrier_name","","","","","","","","","ecf_shipping_carrier_name__c","","","ecforce"
"005d5000004TiwDAAS","2026-02-19T12:13:16.000Z","a08RB00001EW4pdYAD","false","005d5000004TiwDAAS","2026-02-19T12:13:16.000Z","","","Order_stock_location_id","005d5000004TiwDAAS","2026-02-19T12:13:16.000Z","Order","stock_location_id","","","","","","","","","ecf_stock_location_id__c","","","ecforce"
"005d5000004TiwDAAS","2026-02-19T12:13:16.000Z","a08RB00001EW4peYAD","false","005d5000004TiwDAAS","2026-02-19T12:13:16.000Z","","","Order_stock_location_name","005d5000004TiwDAAS","2026-02-19T12:13:16.000Z","Order","stock_location_name","","","","","","","","","ecf_stock_location_name__c","","","ecforce"
"005d5000004TiwDAAS","2026-02-19T12:13:16.000Z","a08RB00001EW4pfYAD","false","005d5000004TiwDAAS","2026-02-19T12:13:16.000Z","","","Order_tracking_url","005d5000004TiwDAAS","2026-02-19T12:13:16.000Z","Order","tracking_url","","","","","","","","","ecf_tracking_url__c","","","ecforce"
"005d5000004TiwDAAS","2026-02-19T12:13:16.000Z","a08RB00001EW4pgYAD","false","005d5000004TiwDAAS","2026-02-19T12:13:16.000Z","","","Order_shipping_slip","005d5000004TiwDAAS","2026-02-19T12:13:16.000Z","Order","shipping_slip","","","","","","","","","ecf_shipping_slip__c","","","ecforce"
"005d5000004TiwDAAS","2026-02-19T12:13:16.000Z","a08RB00001EW4phYAD","false","005d5000004TiwDAAS","2026-03-14T15:30:45.000Z","","","Order_times","005d5000004TiwDAAS","2026-03-14T15:30:45.000Z","Order","times","","","","","","","","","ecf_order_times__c","","","ecforce"
"005d5000004TiwDAAS","2026-02-19T12:13:16.000Z","a08RB00001EW4piYAD","false","005d5000004TiwDAAS","2026-02-19T12:13:16.000Z","","","Order_shipping_histories_count","005d5000004TiwDAAS","2026-02-19T12:13:16.000Z","Order","shipping_histories_count","","","","","","","","","ecf_shipping_histories_count__c","","","ecforce"
"005d5000004TiwDAAS","2026-02-19T12:13:16.000Z","a08RB00001EW4pjYAD","false","005d5000004TiwDAAS","2026-02-19T12:13:16.000Z","","","Order_picked_list","005d5000004TiwDAAS","2026-02-19T12:13:16.000Z","Order","picked_list","","","","","","","","","ecf_picked_list__c","","","ecforce"
"005d5000004TiwDAAS","2026-02-19T12:13:16.000Z","a08RB00001EW4pkYAD","false","005d5000004TiwDAAS","2026-02-19T12:13:16.000Z","","","Order_picked_at","005d5000004TiwDAAS","2026-02-19T12:13:16.000Z","Order","picked_at","","","","","","","","","ecf_picked_at__c","","","ecforce"
"005d5000004TiwDAAS","2026-02-19T12:13:16.000Z","a08RB00001EW4plYAD","false","005d5000004TiwDAAS","2026-02-19T12:13:16.000Z","","","Order_payment_last_error_message","005d5000004TiwDAAS","2026-02-19T12:13:16.000Z","Order","payment_last_error_message","","","","","","","","","ecf_payment_last_error_message__c","","","ecforce"
"005d5000004TiwDAAS","2026-02-19T12:13:16.000Z","a08RB00001EW4pmYAD","false","005d5000004TiwDAAS","2026-02-19T12:13:16.000Z","","","Order_customer_contacts","005d5000004TiwDAAS","2026-02-19T12:13:16.000Z","Order","customer_contacts","","","","","","","","","ecf_customer_contacts__c","","","ecforce"
"005d5000004TiwDAAS","2026-02-19T12:13:16.000Z","a08RB00001EW4pnYAD","false","005d5000004TiwDAAS","2026-02-19T12:13:16.000Z","","","Order_coupons","005d5000004TiwDAAS","2026-02-19T12:13:16.000Z","Order","coupons","","","","","","","","","ecf_coupons__c","","","ecforce"
"005d5000004TiwDAAS","2026-02-19T12:13:16.000Z","a08RB00001EW4poYAD","false","005d5000004TiwDAAS","2026-02-19T12:13:16.000Z","","","Order_payment_method_name","005d5000004TiwDAAS","2026-02-19T12:13:16.000Z","Order","payment_method_name","","","","","","","","","ecf_payment_method_name__c","","","ecforce"
"005d5000004TiwDAAS","2026-02-19T12:13:16.000Z","a08RB00001EW4ppYAD","false","005d5000004TiwDAAS","2026-02-19T12:13:16.000Z","","","Order_payment_times","005d5000004TiwDAAS","2026-02-19T12:13:16.000Z","Order","payment_times","","","","","","","","","ecf_payment_times__c","","","ecforce"
"005d5000004TiwDAAS","2026-02-19T12:13:16.000Z","a08RB00001EW4pqYAD","false","005d5000004TiwDAAS","2026-03-17T06:41:27.000Z","","","Order_kind","005d5000004TiwDAAS","2026-03-17T06:41:27.000Z","Order","kind","","","","","","","","","ecf_order_kind__c","","","ecforce"
"005d5000004TiwDAAS","2026-02-19T12:13:16.000Z","a08RB00001EW4prYAD","false","005d5000004TiwDAAS","2026-02-19T12:13:16.000Z","","","Order_nth","005d5000004TiwDAAS","2026-02-19T12:13:16.000Z","Order","nth","","","","","","","","","ecf_nth__c","","","ecforce"
"005d5000004TiwDAAS","2026-02-19T12:13:16.000Z","a08RB00001EW4psYAD","false","005d5000004TiwDAAS","2026-02-19T12:13:16.000Z","","","Order_scheduled_to_be_shipped_at","005d5000004TiwDAAS","2026-02-19T12:13:16.000Z","Order","scheduled_to_be_shipped_at","","","","","","","","","ecf_scheduled_to_be_shipped_at__c","","","ecforce"
"005d5000004TiwDAAS","2026-02-19T12:13:16.000Z","a08RB00001EW4ptYAD","false","005d5000004TiwDAAS","2026-02-19T12:13:16.000Z","","","Order_scheduled_to_be_delivered_at","005d5000004TiwDAAS","2026-02-19T12:13:16.000Z","Order","scheduled_to_be_delivered_at","","","","","","","","","ecf_scheduled_to_be_delivered_at__c","","","ecforce"
"005d5000004TiwDAAS","2026-02-19T12:13:16.000Z","a08RB00001EW4puYAD","false","005d5000004TiwDAAS","2026-02-19T12:13:16.000Z","","","Order_scheduled_delivery_time","005d5000004TiwDAAS","2026-02-19T12:13:16.000Z","Order","scheduled_delivery_time","","","","","","","","","ecf_scheduled_delivery_time__c","","","ecforce"
"005d5000004TiwDAAS","2026-02-19T12:13:16.000Z","a08RB00001EW4pvYAD","false","005d5000004TiwDAAS","2026-02-19T12:13:16.000Z","","","Order_previous_scheduled_to_be_shipped_at","005d5000004TiwDAAS","2026-02-19T12:13:16.000Z","Order","previous_scheduled_to_be_shipped_at","","","","","","","","","ecf_previous_scheduled_to_be_shipped_at__c","","","ecforce"
"005d5000004TiwDAAS","2026-02-19T12:13:16.000Z","a08RB00001EW4pwYAD","false","005d5000004TiwDAAS","2026-02-19T12:13:16.000Z","","","Order_previous_scheduled_to_be_delivered_at","005d5000004TiwDAAS","2026-02-19T12:13:16.000Z","Order","previous_scheduled_to_be_delivered_at","","","","","","","","","ecf_previous_scheduled_to_be_delivered_at__c","","","ecforce"
"005d5000004TiwDAAS","2026-02-19T12:13:16.000Z","a08RB00001EW4pxYAD","false","005d5000004TiwDAAS","2026-02-19T12:13:16.000Z","","","Order_scheduled_delivery_time_code","005d5000004TiwDAAS","2026-02-19T12:13:16.000Z","Order","scheduled_delivery_time_code","","","","","","","","","ecf_scheduled_delivery_time_code__c","","","ecforce"
"005d5000004TiwDAAS","2026-02-19T12:13:16.000Z","a08RB00001EW4pyYAD","false","005d5000004TiwDAAS","2026-02-19T12:13:16.000Z","","","Order_first_reminded_at","005d5000004TiwDAAS","2026-02-19T12:13:16.000Z","Order","first_reminded_at","","","","","","","","","ecf_first_reminded_at__c","","","ecforce"
"005d5000004TiwDAAS","2026-02-19T12:13:16.000Z","a08RB00001EW4pzYAD","false","005d5000004TiwDAAS","2026-02-19T12:13:16.000Z","","","Order_remindered_at","005d5000004TiwDAAS","2026-02-19T12:13:16.000Z","Order","remindered_at","","","","","","","","","ecf_remindered_at__c","","","ecforce"
"005d5000004TiwDAAS","2026-02-19T12:13:16.000Z","a08RB00001EW4q0YAD","false","005d5000004TiwDAAS","2026-02-19T12:13:16.000Z","","","Order_reminder_count","005d5000004TiwDAAS","2026-02-19T12:13:16.000Z","Order","reminder_count","","","","","","","","","ecf_reminder_count__c","","","ecforce"
"005d5000004TiwDAAS","2026-02-19T12:13:16.000Z","a08RB00001EW4q1YAD","false","005d5000004TiwDAAS","2026-02-19T12:13:16.000Z","","","Order_due_at","005d5000004TiwDAAS","2026-02-19T12:13:16.000Z","Order","due_at","","","","","","","","","ecf_due_at__c","","","ecforce"
"005d5000004TiwDAAS","2026-02-19T12:13:16.000Z","a08RB00001EW4q2YAD","false","005d5000004TiwDAAS","2026-02-19T12:13:16.000Z","","","Order_created_at","005d5000004TiwDAAS","2026-02-19T12:13:16.000Z","Order","created_at","","","","","","","","","ecf_created_at__c","","","ecforce"
"005d5000004TiwDAAS","2026-02-19T12:13:16.000Z","a08RB00001EW4q3YAD","false","005d5000004TiwDAAS","2026-03-14T15:26:50.000Z","","","Order_updated_at","005d5000004TiwDAAS","2026-03-14T15:26:50.000Z","Order","updated_at","","","","","","","","","ecf_order_updated_at__c","","","ecforce"
"005d5000004TiwDAAS","2026-02-19T12:13:16.000Z","a08RB00001EW4q4YAD","false","005d5000004TiwDAAS","2026-03-16T14:46:50.000Z","","","Order_completed_at","005d5000004TiwDAAS","2026-03-16T14:46:50.000Z","Order","completed_at","","ecf_order_completed_at__c","","","","","","","ecf_order_completed_at__c","","","ecforce"
"005d5000004TiwDAAS","2026-02-19T12:13:16.000Z","a08RB00001EW4q5YAD","false","005d5000004TiwDAAS","2026-02-19T12:13:16.000Z","","","Order_delivered_at","005d5000004TiwDAAS","2026-02-19T12:13:16.000Z","Order","delivered_at","","","","","","","","","ecf_delivered_at__c","","","ecforce"
"005d5000004TiwDAAS","2026-02-19T12:13:16.000Z","a08RB00001EW4q6YAD","false","005d5000004TiwDAAS","2026-02-19T12:13:16.000Z","","","Order_shipped_at","005d5000004TiwDAAS","2026-02-19T12:13:16.000Z","Order","shipped_at","","","","","","","","","ecf_shipped_at__c","","","ecforce"
"005d5000004TiwDAAS","2026-02-19T12:13:16.000Z","a08RB00001EW4q7YAD","false","005d5000004TiwDAAS","2026-02-19T12:13:16.000Z","","","Order_payment_authed_at","005d5000004TiwDAAS","2026-02-19T12:13:16.000Z","Order","payment_authed_at","","","","","","","","","ecf_payment_authed_at__c","","","ecforce"
"005d5000004TiwDAAS","2026-02-19T12:13:16.000Z","a08RB00001EW4q8YAD","false","005d5000004TiwDAAS","2026-03-16T14:46:50.000Z","","","Order_payment_completed_at","005d5000004TiwDAAS","2026-03-16T14:46:50.000Z","Order","payment_completed_at","","ecf_payment_completed_at__c","","","","","","","ecf_payment_completed_at__c","","","ecforce"
"005d5000004TiwDAAS","2026-02-19T12:13:16.000Z","a08RB00001EW4q9YAD","false","005d5000004TiwDAAS","2026-02-19T12:13:16.000Z","","","Order_payment_paid_at","005d5000004TiwDAAS","2026-02-19T12:13:16.000Z","Order","payment_paid_at","","","","","","","","","ecf_payment_paid_at__c","","","ecforce"
"005d5000004TiwDAAS","2026-02-19T12:13:16.000Z","a08RB00001EW4qAYAT","false","005d5000004TiwDAAS","2026-02-19T12:13:16.000Z","","","Order_payment_voided_at","005d5000004TiwDAAS","2026-02-19T12:13:16.000Z","Order","payment_voided_at","","","","","","","","","ecf_payment_voided_at__c","","","ecforce"
"005d5000004TiwDAAS","2026-02-19T12:13:16.000Z","a08RB00001EW4qBYAT","false","005d5000004TiwDAAS","2026-02-19T12:13:16.000Z","","","Order_last_order","005d5000004TiwDAAS","2026-02-19T12:13:16.000Z","Order","last_order","","","","","","","","","ecf_last_order__c","","","ecforce"
"005d5000004TiwDAAS","2026-02-19T12:13:16.000Z","a08RB00001EW4qCYAT","false","005d5000004TiwDAAS","2026-02-19T12:13:16.000Z","","","Order_memo01","005d5000004TiwDAAS","2026-02-19T12:13:16.000Z","Order","memo01","","","","","","","","","ecf_memo01__c","","","ecforce"
"005d5000004TiwDAAS","2026-02-19T12:13:16.000Z","a08RB00001EW4qDYAT","false","005d5000004TiwDAAS","2026-02-19T12:13:16.000Z","","","Order_memo02","005d5000004TiwDAAS","2026-02-19T12:13:16.000Z","Order","memo02","","","","","","","","","ecf_memo02__c","","","ecforce"
"005d5000004TiwDAAS","2026-02-19T12:13:16.000Z","a08RB00001EW4qEYAT","false","005d5000004TiwDAAS","2026-02-19T12:13:16.000Z","","","Order_subs_order_memo01","005d5000004TiwDAAS","2026-02-19T12:13:16.000Z","Order","subs_order_memo01","","","","","","","","","ecf_subs_order_memo01__c","","","ecforce"
"005d5000004TiwDAAS","2026-02-19T12:13:16.000Z","a08RB00001EW4qFYAT","false","005d5000004TiwDAAS","2026-02-19T12:13:16.000Z","","","Order_subs_order_memo02","005d5000004TiwDAAS","2026-02-19T12:13:16.000Z","Order","subs_order_memo02","","","","","","","","","ecf_subs_order_memo02__c","","","ecforce"
"005d5000004TiwDAAS","2026-02-19T12:13:16.000Z","a08RB00001EW4qGYAT","false","005d5000004TiwDAAS","2026-03-16T14:32:25.000Z","","","Order_invite_code","005d5000004TiwDAAS","2026-03-16T14:32:25.000Z","Order","invite_code","","ecf_invite_code__c","","","","","","","ecf_invite_code__c","","","ecforce"
"005d5000004TiwDAAS","2026-02-19T12:13:16.000Z","a08RB00001EW4qHYAT","false","005d5000004TiwDAAS","2026-02-19T12:13:16.000Z","","","Order_multiple_shipping","005d5000004TiwDAAS","2026-02-19T12:13:16.000Z","Order","multiple_shipping","","","","","","","","","ecf_multiple_shipping__c","","","ecforce"
"005d5000004TiwDAAS","2026-02-19T12:13:16.000Z","a08RB00001EW4qIYAT","false","005d5000004TiwDAAS","2026-02-19T12:13:16.000Z","","","Order_tbc","005d5000004TiwDAAS","2026-02-19T12:13:16.000Z","Order","tbc","","","","","","","","","ecf_tbc__c","","","ecforce"
"005d5000004TiwDAAS","2026-02-19T12:13:16.000Z","a08RB00001EW4qJYAT","false","005d5000004TiwDAAS","2026-02-19T12:13:16.000Z","","","Order_tbc_order_reasons","005d5000004TiwDAAS","2026-02-19T12:13:16.000Z","Order","tbc_order_reasons","","","","","","","","","ecf_tbc_order_reasons__c","","","ecforce"
"005d5000004TiwDAAS","2026-02-19T12:13:16.000Z","a08RB00001EW4qKYAT","false","005d5000004TiwDAAS","2026-02-19T12:13:16.000Z","","","Order_at_score_result","005d5000004TiwDAAS","2026-02-19T12:13:16.000Z","Order","at_score_result","","","","","","","","","ecf_at_score_result__c","","","ecforce"
"005d5000004TiwDAAS","2026-02-19T12:13:16.000Z","a08RB00001EW4qLYAT","false","005d5000004TiwDAAS","2026-02-19T12:13:16.000Z","","","Order_o_plux_result","005d5000004TiwDAAS","2026-02-19T12:13:16.000Z","Order","o_plux_result","","","","","","","","","ecf_o_plux_result__c","","","ecforce"
"005d5000004TiwDAAS","2026-02-19T12:13:16.000Z","a08RB00001EW4qMYAT","false","005d5000004TiwDAAS","2026-02-19T12:13:16.000Z","","","Order_o_plux_description","005d5000004TiwDAAS","2026-02-19T12:13:16.000Z","Order","o_plux_description","","","","","","","","","ecf_o_plux_description__c","","","ecforce"
"005d5000004TiwDAAS","2026-02-19T12:13:16.000Z","a08RB00001EW4qNYAT","false","005d5000004TiwDAAS","2026-02-20T11:33:24.000Z","","","Order_spider_af_result","005d5000004TiwDAAS","2026-02-20T11:33:24.000Z","Order","spider_af_result","","","","","","","","","ecf_spider_af_result__c","","","ecforce"
"005d5000004TiwDAAS","2026-02-19T12:13:16.000Z","a08RB00001EW4qOYAT","false","005d5000004TiwDAAS","2026-02-20T11:33:24.000Z","","","Order_spider_af_description","005d5000004TiwDAAS","2026-02-20T11:33:24.000Z","Order","spider_af_description","","","","","","","","","ecf_spider_af_description__c","","","ecforce"
"005d5000004TiwDAAS","2026-02-19T12:13:16.000Z","a08RB00001EW4qPYAT","false","005d5000004TiwDAAS","2026-02-20T11:33:24.000Z","","","Order_tenant_id","005d5000004TiwDAAS","2026-02-20T11:33:24.000Z","Order","tenant_id","","","","","","","","","ecf_tenant_id__c","","","ecforce"
"005d5000004TiwDAAS","2026-02-19T12:13:16.000Z","a08RB00001EW4qQYAT","false","005d5000004TiwDAAS","2026-02-19T12:13:16.000Z","","","Order_link_number","005d5000004TiwDAAS","2026-02-19T12:13:16.000Z","Order","link_number","","","","","","","","","ecf_link_number__c","","","ecforce"
"005d5000004TiwDAAS","2026-02-19T12:13:16.000Z","a08RB00001EW4qRYAT","false","005d5000004TiwDAAS","2026-02-20T11:33:24.000Z","","","Order_pickup_location1","005d5000004TiwDAAS","2026-02-20T11:33:24.000Z","Order","pickup_location1","","","","","","","","","ecf_pickup_location1__c","","","ecforce"
"005d5000004TiwDAAS","2026-02-19T12:13:16.000Z","a08RB00001EW4qSYAT","false","005d5000004TiwDAAS","2026-02-19T12:13:16.000Z","","","Order_pickup_location2","005d5000004TiwDAAS","2026-02-19T12:13:16.000Z","Order","pickup_location2","","","","","","","","","ecf_pickup_location2__c","","","ecforce"
"005d5000004TiwDAAS","2026-02-19T12:13:16.000Z","a08RB00001EW4qTYAT","false","005d5000004TiwDAAS","2026-02-19T12:13:16.000Z","","","Order_doorbell","005d5000004TiwDAAS","2026-02-19T12:13:16.000Z","Order","doorbell","","","","","","","","","ecf_doorbell__c","","","ecforce"
"005d5000004TiwDAAS","2026-02-19T12:13:16.000Z","a08RB00001EW4qUYAT","false","005d5000004TiwDAAS","2026-02-19T12:13:16.000Z","","","Order_cv_route","005d5000004TiwDAAS","2026-02-19T12:13:16.000Z","Order","cv_route","","","","","","","","","ecf_cv_route__c","","","ecforce"
"005d5000004TiwDAAS","2026-02-19T12:13:16.000Z","a08RB00001EW4qVYAT","false","005d5000004TiwDAAS","2026-03-18T15:18:07.000Z","","","SubsOrder_id","005d5000004TiwDAAS","2026-03-18T15:18:07.000Z","SubsOrder","id","","ecf_subsorder_id__c","","","","","","","ecf_subsorder_id__c","","","ecforce"
"005d5000004TiwDAAS","2026-02-19T12:13:16.000Z","a08RB00001EW4qWYAT","false","005d5000004TiwDAAS","2026-03-10T06:22:55.000Z","","","SubsOrder_number1","005d5000004TiwDAAS","2026-03-10T06:22:55.000Z","SubsOrder","number 1","","","","","","","","","Name","","","ecforce"
"005d5000004TiwDAAS","2026-02-19T12:13:16.000Z","a08RB00001EW4qXYAT","false","005d5000004TiwDAAS","2026-02-20T11:31:49.000Z","","","SubsOrder_customer_number","005d5000004TiwDAAS","2026-02-20T11:31:49.000Z","SubsOrder","customer_number","","","","","","","","","ecf_customer_number__c","","","ecforce"
"005d5000004TiwDAAS","2026-02-19T12:13:16.000Z","a08RB00001EW4qYYAT","false","005d5000004TiwDAAS","2026-02-20T11:31:49.000Z","","","SubsOrder_wrapping","005d5000004TiwDAAS","2026-02-20T11:31:49.000Z","SubsOrder","wrapping","","","","","","","","","ecf_wrapping__c","","","ecforce"
"005d5000004TiwDAAS","2026-02-19T12:13:16.000Z","a08RB00001EW4qZYAT","false","005d5000004TiwDAAS","2026-03-14T15:30:45.000Z","","","SubsOrder_times","005d5000004TiwDAAS","2026-03-14T15:30:45.000Z","SubsOrder","times","","","","","","","","","ecf_subsorder_times__c","","","ecforce"
"005d5000004TiwDAAS","2026-02-19T12:13:16.000Z","a08RB00001EW4qaYAD","false","005d5000004TiwDAAS","2026-03-05T15:38:56.000Z","","","SubsOrder_orders_count","005d5000004TiwDAAS","2026-03-05T15:38:56.000Z","SubsOrder","orders_count","","ecf_orders_count__c","","","","","","","ecf_orders_count__c","","","ecforce"
"005d5000004TiwDAAS","2026-02-19T12:13:16.000Z","a08RB00001EW4qbYAD","false","005d5000004TiwDAAS","2026-02-20T11:31:49.000Z","","","SubsOrder_store","005d5000004TiwDAAS","2026-02-20T11:31:49.000Z","SubsOrder","store","","","","","","","","","ecf_store__c","","","ecforce"
"005d5000004TiwDAAS","2026-02-19T12:13:16.000Z","a08RB00001EW4qcYAD","false","005d5000004TiwDAAS","2026-03-14T14:06:54.000Z","","","SubsOrder_state","005d5000004TiwDAAS","2026-03-14T14:06:54.000Z","SubsOrder","state","","","","","","","","","ecf_subsorder_state__c","","","ecforce"
"005d5000004TiwDAAS","2026-02-19T12:13:16.000Z","a08RB00001EW4qdYAD","false","005d5000004TiwDAAS","2026-03-14T14:06:54.000Z","","","SubsOrder_human_state","005d5000004TiwDAAS","2026-03-14T14:06:54.000Z","SubsOrder","human_state","","ecf_subsorder_human_state__c","","","","","","","ecf_subsorder_human_state__c","","","ecforce"
"005d5000004TiwDAAS","2026-02-19T12:13:16.000Z","a08RB00001EW4qeYAD","false","005d5000004TiwDAAS","2026-02-20T11:31:49.000Z","","","SubsOrder_subtotal","005d5000004TiwDAAS","2026-02-20T11:31:49.000Z","SubsOrder","subtotal","","","","","","","","","ecf_subtotal__c","","","ecforce"
"005d5000004TiwDAAS","2026-02-19T12:13:16.000Z","a08RB00001EW4qfYAD","false","005d5000004TiwDAAS","2026-03-13T09:02:07.000Z","","","SubsOrder_tbc","005d5000004TiwDAAS","2026-03-13T09:02:07.000Z","SubsOrder","tbc","","","","","","","","","ecf_subsorder_tbc__c","","","ecforce"
"005d5000004TiwDAAS","2026-02-19T12:13:16.000Z","a08RB00001EW4qgYAD","false","005d5000004TiwDAAS","2026-02-20T11:31:49.000Z","","","SubsOrder_tbc_subs_order_reasons","005d5000004TiwDAAS","2026-02-20T11:31:49.000Z","SubsOrder","tbc_subs_order_reasons","","","","","","","","","ecf_tbc_subs_order_reasons__c","","","ecforce"
"005d5000004TiwDAAS","2026-02-19T12:13:16.000Z","a08RB00001EW4qhYAD","false","005d5000004TiwDAAS","2026-02-20T11:31:49.000Z","","","SubsOrder_remaining_number_of_orders","005d5000004TiwDAAS","2026-02-20T11:31:49.000Z","SubsOrder","remaining_number_of_orders","","","","","","","","","ecf_remaining_number_of_orders__c","","","ecforce"
"005d5000004TiwDAAS","2026-02-19T12:13:16.000Z","a08RB00001EW4qiYAD","false","005d5000004TiwDAAS","2026-02-20T11:31:49.000Z","","","SubsOrder_available_payment_schedules","005d5000004TiwDAAS","2026-02-20T11:31:49.000Z","SubsOrder","available_payment_schedules","","","","","","",",","","ecf_available_payment_schedules__c","","","ecforce"
"005d5000004TiwDAAS","2026-02-19T12:13:16.000Z","a08RB00001EW4qjYAD","false","005d5000004TiwDAAS","2026-03-05T15:38:56.000Z","","","SubsOrder_payment_schedule","005d5000004TiwDAAS","2026-03-05T15:38:56.000Z","SubsOrder","payment_schedule","","ecf_payment_schedule__c","","","","","","","ecf_payment_schedule__c","","","ecforce"
"005d5000004TiwDAAS","2026-02-19T12:13:16.000Z","a08RB00001EW4qkYAD","false","005d5000004TiwDAAS","2026-02-20T11:31:49.000Z","","","SubsOrder_payment_schedule_locked","005d5000004TiwDAAS","2026-02-20T11:31:49.000Z","SubsOrder","payment_schedule_locked","","","","","","","","","ecf_payment_schedule_locked__c","","","ecforce"
"005d5000004TiwDAAS","2026-02-19T12:13:16.000Z","a08RB00001EW4qlYAD","false","005d5000004TiwDAAS","2026-02-20T11:31:49.000Z","","","SubsOrder_scheduled_to_be_delivered_every_x_month","005d5000004TiwDAAS","2026-02-20T11:31:49.000Z","SubsOrder","scheduled_to_be_delivered_every_x_month","","","","","","","","","ecf_scheduled_to_be_delivered_every_x_month__c","","","ecforce"
"005d5000004TiwDAAS","2026-02-19T12:13:16.000Z","a08RB00001EW4qmYAD","false","005d5000004TiwDAAS","2026-02-20T11:31:49.000Z","","","SubsOrder_scheduled_to_be_delivered_on_xth_day","005d5000004TiwDAAS","2026-02-20T11:31:49.000Z","SubsOrder","scheduled_to_be_delivered_on_xth_day","","","","","","","","","ecf_scheduled_to_be_delivered_on_xth_day__c","","","ecforce"
"005d5000004TiwDAAS","2026-02-19T12:13:16.000Z","a08RB00001EW4qnYAD","false","005d5000004TiwDAAS","2026-02-20T11:32:21.000Z","","","SubsOrder_scheduled_to_be_delivered_every_x_day","005d5000004TiwDAAS","2026-02-20T11:32:21.000Z","SubsOrder","scheduled_to_be_delivered_every_x_day","","","","","","","","","ecf_scheduled_to_be_delivered_every_x_day__c","","","ecforce"
"005d5000004TiwDAAS","2026-02-19T12:13:16.000Z","a08RB00001EW4qoYAD","false","005d5000004TiwDAAS","2026-02-20T11:31:49.000Z","","","SubsOrder_scheduled_to_be_delivered_on_xth_day_of_week","005d5000004TiwDAAS","2026-02-20T11:31:49.000Z","SubsOrder","scheduled_to_be_delivered_on_xth_day_of_week","","","","","","","","","ecf_scheduled_to_be_delivered_on_xth_day_of_week__c","","","ecforce"
"005d5000004TiwDAAS","2026-02-19T12:13:16.000Z","a08RB00001EW4qpYAD","false","005d5000004TiwDAAS","2026-02-20T11:31:49.000Z","","","SubsOrder_human_scheduled_to_be_delivered_every_x_day_of_week","005d5000004TiwDAAS","2026-02-20T11:31:49.000Z","SubsOrder","human_scheduled_to_be_delivered_every_x_day_of_week","","","","","","","","","ecf_human_scheduled_to_be_delivered_every_x_day_of_week__c","","","ecforce"
"005d5000004TiwDAAS","2026-02-19T12:13:16.000Z","a08RB00001EW4qqYAD","false","005d5000004TiwDAAS","2026-03-13T09:07:47.000Z","","","SubsOrder_scheduled_to_be_shipped_at","005d5000004TiwDAAS","2026-03-13T09:07:47.000Z","SubsOrder","scheduled_to_be_shipped_at","","","","","","","","","ecf_subsorder_scheduled_to_be_shipped_at__c","","","ecforce"
"005d5000004TiwDAAS","2026-02-19T12:13:16.000Z","a08RB00001EW4qrYAD","false","005d5000004TiwDAAS","2026-03-13T09:09:40.000Z","","","SubsOrder_scheduled_to_be_delivered_at","005d5000004TiwDAAS","2026-03-13T09:09:40.000Z","SubsOrder","scheduled_to_be_delivered_at","","ecf_scheduled_to_be_delivered_at__c","","","","","","","ecf_subsorder_scheduled_to_be_delivered__c","","","ecforce"
"005d5000004TiwDAAS","2026-02-19T12:13:16.000Z","a08RB00001EW4qsYAD","false","005d5000004TiwDAAS","2026-02-20T11:31:49.000Z","","","SubsOrder_scheduled_delivery_time","005d5000004TiwDAAS","2026-02-20T11:31:49.000Z","SubsOrder","scheduled_delivery_time","","","","","","","","","ecf_scheduled_delivery_time__c","","","ecforce"
"005d5000004TiwDAAS","2026-02-19T12:13:16.000Z","a08RB00001EW4qtYAD","false","005d5000004TiwDAAS","2026-02-20T11:31:49.000Z","","","SubsOrder_previous_scheduled_to_be_shipped_at","005d5000004TiwDAAS","2026-02-20T11:31:49.000Z","SubsOrder","previous_scheduled_to_be_shipped_at","","","","","","","","","ecf_previous_scheduled_to_be_shipped_at__c","","","ecforce"
"005d5000004TiwDAAS","2026-02-19T12:13:16.000Z","a08RB00001EW4quYAD","false","005d5000004TiwDAAS","2026-03-13T09:06:23.000Z","","","SubsOrder_previous_scheduled_to_be_delivered_at","005d5000004TiwDAAS","2026-03-13T09:06:23.000Z","SubsOrder","previous_scheduled_to_be_delivered_at","","","","","","","","","ecf_subsorder_previous_scheduled_to_be_d__c","","","ecforce"
"005d5000004TiwDAAS","2026-02-19T12:13:16.000Z","a08RB00001EW4qvYAD","false","005d5000004TiwDAAS","2026-02-20T11:31:49.000Z","","","SubsOrder_suspend_reasons","005d5000004TiwDAAS","2026-02-20T11:31:49.000Z","SubsOrder","suspend_reasons","","","","","","","","","ecf_suspend_reasons__c","","","ecforce"
"005d5000004TiwDAAS","2026-02-19T12:13:16.000Z","a08RB00001EW4qwYAD","false","005d5000004TiwDAAS","2026-02-20T11:31:49.000Z","","","SubsOrder_cancel_reasons","005d5000004TiwDAAS","2026-02-20T11:31:49.000Z","SubsOrder","cancel_reasons","","","","","","","","","ecf_cancel_reasons__c","","","ecforce"
"005d5000004TiwDAAS","2026-02-19T12:13:16.000Z","a08RB00001EW4qxYAD","false","005d5000004TiwDAAS","2026-02-20T11:31:49.000Z","","","SubsOrder_elapsed_days_from_suspended","005d5000004TiwDAAS","2026-02-20T11:31:49.000Z","SubsOrder","elapsed_days_from_suspended","","","","","","","","","ecf_elapsed_days_from_suspended__c","","","ecforce"
"005d5000004TiwDAAS","2026-02-19T12:13:16.000Z","a08RB00001EW4qyYAD","false","005d5000004TiwDAAS","2026-02-20T11:31:49.000Z","","","SubsOrder_elapsed_days_from_canceled","005d5000004TiwDAAS","2026-02-20T11:31:49.000Z","SubsOrder","elapsed_days_from_canceled","","","","","","","","","ecf_elapsed_days_from_canceled__c","","","ecforce"
"005d5000004TiwDAAS","2026-02-19T12:13:16.000Z","a08RB00001EW4qzYAD","false","005d5000004TiwDAAS","2026-03-05T15:38:56.000Z","","","SubsOrder_payment_method_name","005d5000004TiwDAAS","2026-03-05T15:38:56.000Z","SubsOrder","payment_method_name","","ecf_payment_method_name__c","","","","","","","ecf_payment_method_name__c","","","ecforce"
"005d5000004TiwDAAS","2026-02-19T12:13:16.000Z","a08RB00001EW4r0YAD","false","005d5000004TiwDAAS","2026-02-20T11:31:49.000Z","","","SubsOrder_payment_times","005d5000004TiwDAAS","2026-02-20T11:31:49.000Z","SubsOrder","payment_times","","","","","","","","","ecf_payment_times__c","","","ecforce"
"005d5000004TiwDAAS","2026-02-19T12:13:16.000Z","a08RB00001EW4r1YAD","false","005d5000004TiwDAAS","2026-02-20T11:31:49.000Z","","","SubsOrder_recurring_block_times","005d5000004TiwDAAS","2026-02-20T11:31:49.000Z","SubsOrder","recurring_block_times","","","","","","","","","ecf_recurring_block_times__c","","","ecforce"
"005d5000004TiwDAAS","2026-02-19T12:13:16.000Z","a08RB00001EW4r2YAD","false","005d5000004TiwDAAS","2026-02-20T11:31:49.000Z","","","SubsOrder_remaining_block_times","005d5000004TiwDAAS","2026-02-20T11:31:49.000Z","SubsOrder","remaining_block_times","","","","","","","","","ecf_remaining_block_times__c","","","ecforce"
"005d5000004TiwDAAS","2026-02-19T12:13:16.000Z","a08RB00001EW4r3YAD","false","005d5000004TiwDAAS","2026-03-16T18:09:21.000Z","","","SubsOrder_labels","005d5000004TiwDAAS","2026-03-16T18:09:21.000Z","SubsOrder","labels","","","","","","","","","ecf_subsorder_labels__c","","","ecforce"
"005d5000004TiwDAAS","2026-02-19T12:13:16.000Z","a08RB00001EW4r4YAD","false","005d5000004TiwDAAS","2026-03-16T18:06:43.000Z","","","SubsOrder_customer_labels","005d5000004TiwDAAS","2026-03-16T18:06:43.000Z","SubsOrder","customer_labels","","","","","","","","","ecf_subsorder_customer_labels__c","","","ecforce"
"005d5000004TiwDAAS","2026-02-19T12:13:16.000Z","a08RB00001EW4r5YAD","false","005d5000004TiwDAAS","2026-02-20T11:31:49.000Z","","","SubsOrder_product_labels","005d5000004TiwDAAS","2026-02-20T11:31:49.000Z","SubsOrder","product_labels","","","","","","","","","ecf_product_labels__c","","","ecforce"
"005d5000004TiwDAAS","2026-02-19T12:13:16.000Z","a08RB00001EW4r6YAD","false","005d5000004TiwDAAS","2026-02-20T11:31:49.000Z","","","SubsOrder_customer_contacts","005d5000004TiwDAAS","2026-02-20T11:31:49.000Z","SubsOrder","customer_contacts","","","","","","","","","ecf_customer_contacts__c","","","ecforce"
"005d5000004TiwDAAS","2026-02-19T12:13:16.000Z","a08RB00001EW4r7YAD","false","005d5000004TiwDAAS","2026-02-20T11:31:49.000Z","","","SubsOrder_memo01","005d5000004TiwDAAS","2026-02-20T11:31:49.000Z","SubsOrder","memo01","","","","","","","","","ecf_memo01__c","","","ecforce"
"005d5000004TiwDAAS","2026-02-19T12:13:16.000Z","a08RB00001EW4r8YAD","false","005d5000004TiwDAAS","2026-02-20T11:31:49.000Z","","","SubsOrder_memo02","005d5000004TiwDAAS","2026-02-20T11:31:49.000Z","SubsOrder","memo02","","","","","","","","","ecf_memo02__c","","","ecforce"
"005d5000004TiwDAAS","2026-02-19T12:13:16.000Z","a08RB00001EW4r9YAD","false","005d5000004TiwDAAS","2026-02-20T11:31:49.000Z","","","SubsOrder_default_shipping_carrier_id","005d5000004TiwDAAS","2026-02-20T11:31:49.000Z","SubsOrder","default_shipping_carrier_id","","","","","","","","","ecf_default_shipping_carrier_id__c","","","ecforce"
"005d5000004TiwDAAS","2026-02-19T12:13:16.000Z","a08RB00001EW4rAYAT","false","005d5000004TiwDAAS","2026-02-20T11:31:49.000Z","","","SubsOrder_default_shipping_carrier","005d5000004TiwDAAS","2026-02-20T11:31:49.000Z","SubsOrder","default_shipping_carrier","","","","","","","","","ecf_default_shipping_carrier__c","","","ecforce"
"005d5000004TiwDAAS","2026-02-19T12:13:16.000Z","a08RB00001EW4rBYAT","false","005d5000004TiwDAAS","2026-02-20T11:31:49.000Z","","","SubsOrder_default_shipping_carrier_locked","005d5000004TiwDAAS","2026-02-20T11:31:49.000Z","SubsOrder","default_shipping_carrier_locked","","","","","","","","","ecf_default_shipping_carrier_locked__c","","","ecforce"
"005d5000004TiwDAAS","2026-02-19T12:13:16.000Z","a08RB00001EW4rCYAT","false","005d5000004TiwDAAS","2026-02-20T11:31:49.000Z","","","SubsOrder_tenant_id","005d5000004TiwDAAS","2026-02-20T11:31:49.000Z","SubsOrder","tenant_id","","","","","","","","","ecf_tenant_id__c","","","ecforce"
"005d5000004TiwDAAS","2026-02-19T12:13:16.000Z","a08RB00001EW4rDYAT","false","005d5000004TiwDAAS","2026-02-20T11:31:49.000Z","","","SubsOrder_skip_next_scheduled_delivery","005d5000004TiwDAAS","2026-02-20T11:31:49.000Z","SubsOrder","skip_next_scheduled_delivery","","","","","","","","","ecf_skip_next_scheduled_delivery__c","","","ecforce"
"005d5000004TiwDAAS","2026-02-19T12:13:16.000Z","a08RB00001EW4rEYAT","false","005d5000004TiwDAAS","2026-02-20T11:31:49.000Z","","","SubsOrder_link_number","005d5000004TiwDAAS","2026-02-20T11:31:49.000Z","SubsOrder","link_number","","","","","","","","","ecf_link_number__c","","","ecforce"
"005d5000004TiwDAAS","2026-02-19T12:13:16.000Z","a08RB00001EW4rFYAT","false","005d5000004TiwDAAS","2026-02-20T11:31:49.000Z","","","SubsOrder_pickup_location1","005d5000004TiwDAAS","2026-02-20T11:31:49.000Z","SubsOrder","pickup_location1","","","","","","","","","ecf_pickup_location1__c","","","ecforce"
"005d5000004TiwDAAS","2026-02-19T12:13:16.000Z","a08RB00001EW4rGYAT","false","005d5000004TiwDAAS","2026-02-20T11:31:49.000Z","","","SubsOrder_pickup_location2","005d5000004TiwDAAS","2026-02-20T11:31:49.000Z","SubsOrder","pickup_location2","","","","","","","","","ecf_pickup_location2__c","","","ecforce"
"005d5000004TiwDAAS","2026-02-19T12:13:16.000Z","a08RB00001EW4rHYAT","false","005d5000004TiwDAAS","2026-02-20T11:31:49.000Z","","","SubsOrder_doorbell","005d5000004TiwDAAS","2026-02-20T11:31:49.000Z","SubsOrder","doorbell","","","","","","","","","ecf_doorbell__c","","","ecforce"
"005d5000004TiwDAAS","2026-02-19T12:13:16.000Z","a08RB00001EW4rIYAT","false","005d5000004TiwDAAS","2026-03-14T15:24:03.000Z","","","SubsOrder_created_at","005d5000004TiwDAAS","2026-03-14T15:24:03.000Z","SubsOrder","created_at","","ecf_subsorder_created_at__c","","","","","","","ecf_subsorder_created_at__c","","","ecforce"
"005d5000004TiwDAAS","2026-02-19T12:13:16.000Z","a08RB00001EW4rJYAT","false","005d5000004TiwDAAS","2026-03-13T09:10:40.000Z","","","SubsOrder_updated_at","005d5000004TiwDAAS","2026-03-13T09:10:40.000Z","SubsOrder","updated_at","","","","","","","","","ecf_subsorder_updated_at__c","","","ecforce"
"005d5000004TiwDAAS","2026-02-19T12:13:16.000Z","a08RB00001EW4rKYAT","false","005d5000004TiwDAAS","2026-02-20T11:31:49.000Z","","","SubsOrder_suspended_at","005d5000004TiwDAAS","2026-02-20T11:31:49.000Z","SubsOrder","suspended_at","","","","","","","","","ecf_suspended_at__c","","","ecforce"
"005d5000004TiwDAAS","2026-02-19T12:13:16.000Z","a08RB00001EW4rLYAT","false","005d5000004TiwDAAS","2026-02-20T11:31:49.000Z","","","SubsOrder_canceled_at","005d5000004TiwDAAS","2026-02-20T11:31:49.000Z","SubsOrder","canceled_at","","","","","","","","","ecf_canceled_at__c","","","ecforce"
"005d5000004TiwDAAS","2026-02-19T12:13:16.000Z","a08RB00001EW4rMYAT","false","005d5000004TiwDAAS","2026-02-20T11:31:49.000Z","","","SubsOrder_deleted_at","005d5000004TiwDAAS","2026-02-20T11:31:49.000Z","SubsOrder","deleted_at","","","","","","","","","ecf_deleted_at__c","","","ecforce"
"005d5000004TiwDAAS","2026-02-19T12:13:16.000Z","a08RB00001EW4rNYAT","false","005d5000004TiwDAAS","2026-03-18T02:58:56.000Z","","","Note_id","005d5000004TiwDAAS","2026-03-18T02:58:56.000Z","Note","id","ecf_note_id__c","","","","","","","ecf_note_id__c","ecf_note_id__c","","","ecforce"
"005d5000004TiwDAAS","2026-02-19T12:13:16.000Z","a08RB00001EW4rOYAT","false","005d5000004TiwDAAS","2026-03-05T13:02:19.000Z","","","Note_content","005d5000004TiwDAAS","2026-03-05T13:02:19.000Z","Note","content","ecf_content__c","","","","","","","ecf_content__c","ecf_content__c","","","ecforce"
"005d5000004TiwDAAS","2026-02-19T12:13:16.000Z","a08RB00001EW4rPYAT","false","005d5000004TiwDAAS","2026-03-18T02:58:56.000Z","","","Note_created_at","005d5000004TiwDAAS","2026-03-18T02:58:56.000Z","Note","created_at","ecf_note_created_at__c","","","","","","","ecf_note_created_at__c","ecf_note_created_at__c","","","ecforce"
"005d5000004TiwDAAS","2026-02-19T12:13:16.000Z","a08RB00001EW4rQYAT","false","005d5000004TiwDAAS","2026-03-18T02:58:56.000Z","","","Note_updated_at","005d5000004TiwDAAS","2026-03-18T02:58:56.000Z","Note","updated_at","ecf_note_updated_at__c","","","","","","","ecf_note_updated_at__c","ecf_note_updated_at__c","","","ecforce"
"005d5000004TiwDAAS","2026-02-19T12:13:16.000Z","a08RB00001EW4rRYAT","false","005d5000004TiwDAAS","2026-03-05T13:02:19.000Z","","","Note_operated_at","005d5000004TiwDAAS","2026-03-05T13:02:19.000Z","Note","operated_at","ecf_operated_at__c","","","","","","","ecf_operated_at__c","ecf_operated_at__c","","","ecforce"
"005d5000004TiwDAAS","2026-02-19T12:13:16.000Z","a08RB00001EW4rSYAT","false","005d5000004TiwDAAS","2026-03-16T12:33:25.000Z","","","Point_id","005d5000004TiwDAAS","2026-03-16T12:33:25.000Z","Point","id","ecf_point_id__c","","","","","","","","","","","ecforce"
"005d5000004TiwDAAS","2026-02-19T12:13:16.000Z","a08RB00001EW4rTYAT","false","005d5000004TiwDAAS","2026-03-05T13:03:29.000Z","","","Point_customer_id","005d5000004TiwDAAS","2026-03-05T13:03:29.000Z","Point","customer_id","ecf_customer_id__c","","","","","","","","ecf_customer_id__c","","","ecforce"
"005d5000004TiwDAAS","2026-02-19T12:13:16.000Z","a08RB00001EW4rUYAT","false","005d5000004TiwDAAS","2026-03-05T13:03:29.000Z","","","Point_point_event_id","005d5000004TiwDAAS","2026-03-05T13:03:29.000Z","Point","point_event_id","ecf_point_event_id__c","","","","","","","","ecf_point_event_id__c","","","ecforce"
"005d5000004TiwDAAS","2026-02-19T12:13:16.000Z","a08RB00001EW4rVYAT","false","005d5000004TiwDAAS","2026-03-05T13:03:29.000Z","","","Point_point_event_type","005d5000004TiwDAAS","2026-03-05T13:03:29.000Z","Point","point_event_type","ecf_point_event_type__c","","","","","","","","ecf_point_event_type__c","","","ecforce"
"005d5000004TiwDAAS","2026-02-19T12:13:16.000Z","a08RB00001EW4rWYAT","false","005d5000004TiwDAAS","2026-03-05T13:03:29.000Z","","","Point_point_event_name","005d5000004TiwDAAS","2026-03-05T13:03:29.000Z","Point","point_event_name","ecf_point_event_name__c","","","","","","","","ecf_point_event_name__c","","","ecforce"
"005d5000004TiwDAAS","2026-02-19T12:13:16.000Z","a08RB00001EW4rXYAT","false","005d5000004TiwDAAS","2026-03-05T13:03:29.000Z","","","Point_point_event_description","005d5000004TiwDAAS","2026-03-05T13:03:29.000Z","Point","point_event_description","ecf_point_event_description__c","","","","","","","","ecf_point_event_description__c","","","ecforce"
"005d5000004TiwDAAS","2026-02-19T12:13:16.000Z","a08RB00001EW4rYYAT","false","005d5000004TiwDAAS","2026-03-05T13:03:29.000Z","","","Point_point","005d5000004TiwDAAS","2026-03-05T13:03:29.000Z","Point","point","ecf_point__c","","","","","","","","ecf_point__c","","","ecforce"
"005d5000004TiwDAAS","2026-02-19T12:13:16.000Z","a08RB00001EW4rZYAT","false","005d5000004TiwDAAS","2026-03-05T13:03:29.000Z","","","Point_point_total","005d5000004TiwDAAS","2026-03-05T13:03:29.000Z","Point","point_total","ecf_point_total__c","","","","","","","","ecf_point_total__c","","","ecforce"
"005d5000004TiwDAAS","2026-02-19T12:13:16.000Z","a08RB00001EW4raYAD","false","005d5000004TiwDAAS","2026-03-05T13:03:29.000Z","","","Point_created_at","005d5000004TiwDAAS","2026-03-05T13:03:29.000Z","Point","created_at","ecf_created_at__c","","","","","","","","ecf_created_at__c","","","ecforce"
"005d5000004TiwDAAS","2026-02-19T12:13:16.000Z","a08RB00001EW4rbYAD","false","005d5000004TiwDAAS","2026-03-14T15:26:50.000Z","","","Point_updated_at","005d5000004TiwDAAS","2026-03-14T15:26:50.000Z","Point","updated_at","ecf_updated_at__c","","","","","","","","ecf_point_updated_at__c","","","ecforce"
"005d5000004TiwDAAS","2026-02-19T12:13:16.000Z","a08RB00001EW4rcYAD","false","005d5000004TiwDAAS","2026-03-05T13:03:29.000Z","","","Point_deleted_at","005d5000004TiwDAAS","2026-03-05T13:03:29.000Z","Point","deleted_at","ecf_deleted_at__c","","","","","","","","ecf_deleted_at__c","","","ecforce"
"005d5000004TiwDAAS","2026-02-19T12:13:16.000Z","a08RB00001EW4rdYAD","false","005d5000004TiwDAAS","2026-03-13T04:20:25.000Z","","","Address_id","005d5000004TiwDAAS","2026-03-13T04:20:25.000Z","Address","id","","","","","","","","","","","","ecforce"
"005d5000004TiwDAAS","2026-02-19T12:13:16.000Z","a08RB00001EW4reYAD","false","005d5000004TiwDAAS","2026-03-04T12:02:48.000Z","","","Address_name01","005d5000004TiwDAAS","2026-03-04T12:02:48.000Z","Address","name01","","ecf_name01__c","","","","","","","ecf_name01__c","","","ecforce"
"005d5000004TiwDAAS","2026-02-19T12:13:16.000Z","a08RB00001EW4rfYAD","false","005d5000004TiwDAAS","2026-03-04T12:02:48.000Z","","","Address_name02","005d5000004TiwDAAS","2026-03-04T12:02:48.000Z","Address","name02","","ecf_name02__c","","","","","","","ecf_name02__c","","","ecforce"
"005d5000004TiwDAAS","2026-02-19T12:13:16.000Z","a08RB00001EW4rgYAD","false","005d5000004TiwDAAS","2026-03-04T12:02:48.000Z","","","Address_kana01","005d5000004TiwDAAS","2026-03-04T12:02:48.000Z","Address","kana01","","ecf_kana01__c","","","","","","","ecf_kana01__c","","","ecforce"
"005d5000004TiwDAAS","2026-02-19T12:13:16.000Z","a08RB00001EW4rhYAD","false","005d5000004TiwDAAS","2026-03-04T12:02:48.000Z","","","Address_kana02","005d5000004TiwDAAS","2026-03-04T12:02:48.000Z","Address","kana02","","ecf_kana02__c","","","","","","","ecf_kana02__c","","","ecforce"
"005d5000004TiwDAAS","2026-02-19T12:13:16.000Z","a08RB00001EW4riYAD","false","005d5000004TiwDAAS","2026-03-04T12:02:48.000Z","","","Address_company_name","005d5000004TiwDAAS","2026-03-04T12:02:48.000Z","Address","company_name","","ecf_company_name__c","","","","","","","ecf_company_name__c","","","ecforce"
"005d5000004TiwDAAS","2026-02-19T12:13:16.000Z","a08RB00001EW4rjYAD","false","005d5000004TiwDAAS","2026-03-04T12:02:48.000Z","","","Address_zip01","005d5000004TiwDAAS","2026-03-04T12:02:48.000Z","Address","zip01","","ecf_zip01__c","","","","","","","ecf_zip01__c","","","ecforce"
"005d5000004TiwDAAS","2026-02-19T12:13:16.000Z","a08RB00001EW4rkYAD","false","005d5000004TiwDAAS","2026-03-04T12:02:48.000Z","","","Address_zip02","005d5000004TiwDAAS","2026-03-04T12:02:48.000Z","Address","zip02","","ecf_zip02__c","","","","","","","ecf_zip02__c","","","ecforce"
"005d5000004TiwDAAS","2026-02-19T12:13:16.000Z","a08RB00001EW4rlYAD","false","005d5000004TiwDAAS","2026-03-04T12:02:48.000Z","2026-04-17T00:37:20.000Z","2026-04-17T00:37:20.000Z","Address_addr01","005d5000004TiwDAAS","2026-03-04T12:02:48.000Z","Address","addr01","","ecf_addr01__c","","","","","","","ecf_addr01__c","","","ecforce"
"005d5000004TiwDAAS","2026-02-19T12:13:16.000Z","a08RB00001EW4rmYAD","false","005d5000004TiwDAAS","2026-03-04T12:02:48.000Z","","","Address_addr02","005d5000004TiwDAAS","2026-03-04T12:02:48.000Z","Address","addr02","","ecf_addr02__c","","","","","","","ecf_addr02__c","","","ecforce"
"005d5000004TiwDAAS","2026-02-19T12:13:16.000Z","a08RB00001EW4rnYAD","false","005d5000004TiwDAAS","2026-03-04T12:02:48.000Z","","","Address_addr03","005d5000004TiwDAAS","2026-03-04T12:02:48.000Z","Address","addr03","","ecf_addr03__c","","","","","","","ecf_addr03__c","","","ecforce"
"005d5000004TiwDAAS","2026-02-19T12:13:16.000Z","a08RB00001EW4roYAD","false","005d5000004TiwDAAS","2026-03-04T12:02:48.000Z","","","Address_tel01","005d5000004TiwDAAS","2026-03-04T12:02:48.000Z","Address","tel01","","ecf_tel01__c","","","","","","","ecf_tel01__c","","","ecforce"
"005d5000004TiwDAAS","2026-02-19T12:13:16.000Z","a08RB00001EW4rpYAD","false","005d5000004TiwDAAS","2026-03-04T12:02:48.000Z","","","Address_tel02","005d5000004TiwDAAS","2026-03-04T12:02:48.000Z","Address","tel02","","ecf_tel02__c","","","","","","","ecf_tel02__c","","","ecforce"
"005d5000004TiwDAAS","2026-02-19T12:13:16.000Z","a08RB00001EW4rqYAD","false","005d5000004TiwDAAS","2026-03-04T12:02:48.000Z","","","Address_tel03","005d5000004TiwDAAS","2026-03-04T12:02:48.000Z","Address","tel03","","ecf_tel03__c","","","","","","","ecf_tel03__c","","","ecforce"
"005d5000004TiwDAAS","2026-02-19T12:13:16.000Z","a08RB00001EW4rrYAD","false","005d5000004TiwDAAS","2026-03-04T12:02:48.000Z","","","Address_tel01_received","005d5000004TiwDAAS","2026-03-04T12:02:48.000Z","Address","tel01_received","","ecf_tel01_received__c","","","","","","","ecf_tel01_received__c","","","ecforce"
"005d5000004TiwDAAS","2026-02-19T12:13:16.000Z","a08RB00001EW4rsYAD","false","005d5000004TiwDAAS","2026-03-04T12:02:48.000Z","","","Address_tel02_received","005d5000004TiwDAAS","2026-03-04T12:02:48.000Z","Address","tel02_received","","ecf_tel02_received__c","","","","","","","ecf_tel02_received__c","","","ecforce"
"005d5000004TiwDAAS","2026-02-19T12:13:16.000Z","a08RB00001EW4rtYAD","false","005d5000004TiwDAAS","2026-03-04T12:02:48.000Z","","","Address_tel03_received","005d5000004TiwDAAS","2026-03-04T12:02:48.000Z","Address","tel03_received","","ecf_tel03_received__c","","","","","","","ecf_tel03_received__c","","","ecforce"
"005d5000004TiwDAAS","2026-02-19T12:13:16.000Z","a08RB00001EW4ruYAD","false","005d5000004TiwDAAS","2026-03-04T12:02:48.000Z","","","Address_fax01","005d5000004TiwDAAS","2026-03-04T12:02:48.000Z","Address","fax01","","ecf_fax01__c","","","","","","","ecf_fax01__c","","","ecforce"
"005d5000004TiwDAAS","2026-02-19T12:13:16.000Z","a08RB00001EW4rvYAD","false","005d5000004TiwDAAS","2026-03-04T12:02:48.000Z","","","Address_fax02","005d5000004TiwDAAS","2026-03-04T12:02:48.000Z","Address","fax02","","ecf_fax02__c","","","","","","","ecf_fax02__c","","","ecforce"
"005d5000004TiwDAAS","2026-02-19T12:13:16.000Z","a08RB00001EW4rwYAD","false","005d5000004TiwDAAS","2026-03-04T12:02:48.000Z","","","Address_fax03","005d5000004TiwDAAS","2026-03-04T12:02:48.000Z","Address","fax03","","ecf_fax03__c","","","","","","","ecf_fax03__c","","","ecforce"
"005d5000004TiwDAAS","2026-02-19T12:13:16.000Z","a08RB00001EW4rxYAD","false","005d5000004TiwDAAS","2026-03-04T12:02:48.000Z","","","Address_prefecture_id","005d5000004TiwDAAS","2026-03-04T12:02:48.000Z","Address","prefecture_id","","ecf_prefecture_id__c","","","","","","","ecf_prefecture_id__c","","","ecforce"
"005d5000004TiwDAAS","2026-02-19T12:13:16.000Z","a08RB00001EW4ryYAD","false","005d5000004TiwDAAS","2026-03-04T12:02:48.000Z","","","Address_prefecture_name","005d5000004TiwDAAS","2026-03-04T12:02:48.000Z","Address","prefecture_name","","ecf_prefecture_name__c","","","","","","","ecf_prefecture_name__c","","","ecforce"
"005d5000004TiwDAAS","2026-02-19T12:13:16.000Z","a08RB00001EW4rzYAD","false","005d5000004TiwDAAS","2026-03-09T07:23:03.000Z","","","Address_full_name","005d5000004TiwDAAS","2026-03-09T07:23:03.000Z","Address","full_name","","Name","","","","","","","ecf_full_name__c","","","ecforce"
"005d5000004TiwDAAS","2026-02-19T12:13:16.000Z","a08RB00001EW4s0YAD","false","005d5000004TiwDAAS","2026-03-04T12:02:48.000Z","","","Address_full_kana","005d5000004TiwDAAS","2026-03-04T12:02:48.000Z","Address","full_kana","","ecf_full_kana__c","","","","","","","ecf_full_kana__c","","","ecforce"
"005d5000004TiwDAAS","2026-02-19T12:13:16.000Z","a08RB00001EW4s1YAD","false","005d5000004TiwDAAS","2026-03-04T12:02:48.000Z","","","Address_full_tel","005d5000004TiwDAAS","2026-03-04T12:02:48.000Z","Address","full_tel","","ecf_full_tel__c","","","","","","","ecf_full_tel__c","","","ecforce"
"005d5000004TiwDAAS","2026-02-19T12:13:16.000Z","a08RB00001EW4s2YAD","false","005d5000004TiwDAAS","2026-03-04T12:02:48.000Z","2026-04-17T02:12:44.000Z","2026-04-17T02:12:44.000Z","Address_full_fax","005d5000004TiwDAAS","2026-03-04T12:02:48.000Z","Address","full_fax","","ecf_full_fax__c","","","","","","","ecf_full_fax__c","","","ecforce"
"005d5000004TiwDAAS","2026-02-19T12:13:16.000Z","a08RB00001EW4s3YAD","false","005d5000004TiwDAAS","2026-03-04T12:02:48.000Z","","","Address_full_zip","005d5000004TiwDAAS","2026-03-04T12:02:48.000Z","Address","full_zip","","ecf_full_zip__c","","","","","","","ecf_full_zip__c","","","ecforce"
"005d5000004TiwDAAS","2026-02-19T12:13:16.000Z","a08RB00001EW4s4YAD","false","005d5000004TiwDAAS","2026-03-04T12:02:48.000Z","","","Address_full_address","005d5000004TiwDAAS","2026-03-04T12:02:48.000Z","Address","full_address","","ecf_full_address__c","","","","","","","ecf_full_address__c","","","ecforce"
"005d5000004TiwDAAS","2026-02-19T12:13:16.000Z","a08RB00001EW4s5YAD","false","005d5000004TiwDAAS","2026-03-04T12:02:48.000Z","","","Address_full_address_with_space","005d5000004TiwDAAS","2026-03-04T12:02:48.000Z","Address","full_address_with_space","","ecf_full_address_with_space__c","","","","","","","ecf_full_address_with_space__c","","","ecforce"
"005d5000004TiwDAAS","2026-02-19T12:13:16.000Z","a08RB00001EW4s6YAD","false","005d5000004TiwDAAS","2026-03-04T12:02:48.000Z","","","Address_created_at","005d5000004TiwDAAS","2026-03-04T12:02:48.000Z","Address","created_at","","ecf_created_at__c","","","","","","","ecf_created_at__c","","","ecforce"
"005d5000004TiwDAAS","2026-02-19T12:13:16.000Z","a08RB00001EW4s7YAD","false","005d5000004TiwDAAS","2026-03-16T15:05:32.000Z","","","Address_updated_at","005d5000004TiwDAAS","2026-03-16T15:05:32.000Z","Address","updated_at","","ecf_address_updated_at__c","","","","","","","ecf_address_updated_at__c","","","ecforce"
"005d5000004TiwDAAS","2026-02-19T12:13:16.000Z","a08RB00001EW4s8YAD","false","005d5000004TiwDAAS","2026-03-18T07:18:58.000Z","","","ShippingAddress_id","005d5000004TiwDAAS","2026-03-18T07:18:58.000Z","ShippingAddress","id","","ecf_ship_id__c","","","","","","","","","","ecforce"
"005d5000004TiwDAAS","2026-02-19T12:13:16.000Z","a08RB00001EW4s9YAD","false","005d5000004TiwDAAS","2026-02-20T11:41:49.000Z","","","ShippingAddress_name01","005d5000004TiwDAAS","2026-02-20T11:41:49.000Z","ShippingAddress","name01","","","","","","","","","ecf_name01__c","","","ecforce"
"005d5000004TiwDAAS","2026-02-19T12:13:16.000Z","a08RB00001EW4sAYAT","false","005d5000004TiwDAAS","2026-02-20T11:41:49.000Z","","","ShippingAddress_name02","005d5000004TiwDAAS","2026-02-20T11:41:49.000Z","ShippingAddress","name02","","","","","","","","","ecf_name02__c","","","ecforce"
"005d5000004TiwDAAS","2026-02-19T12:13:16.000Z","a08RB00001EW4sBYAT","false","005d5000004TiwDAAS","2026-02-20T11:41:49.000Z","","","ShippingAddress_kana01","005d5000004TiwDAAS","2026-02-20T11:41:49.000Z","ShippingAddress","kana01","","","","","","","","","ecf_kana01__c","","","ecforce"
"005d5000004TiwDAAS","2026-02-19T12:13:16.000Z","a08RB00001EW4sCYAT","false","005d5000004TiwDAAS","2026-02-20T11:41:49.000Z","","","ShippingAddress_kana02","005d5000004TiwDAAS","2026-02-20T11:41:49.000Z","ShippingAddress","kana02","","","","","","","","","ecf_kana02__c","","","ecforce"
"005d5000004TiwDAAS","2026-02-19T12:13:16.000Z","a08RB00001EW4sDYAT","false","005d5000004TiwDAAS","2026-02-20T11:41:49.000Z","","","ShippingAddress_company_name","005d5000004TiwDAAS","2026-02-20T11:41:49.000Z","ShippingAddress","company_name","","","","","","","","","ecf_company_name__c","","","ecforce"
"005d5000004TiwDAAS","2026-02-19T12:13:16.000Z","a08RB00001EW4sEYAT","false","005d5000004TiwDAAS","2026-02-20T11:41:49.000Z","","","ShippingAddress_zip01","005d5000004TiwDAAS","2026-02-20T11:41:49.000Z","ShippingAddress","zip01","","","","","","","","","ecf_zip01__c","","","ecforce"
"005d5000004TiwDAAS","2026-02-19T12:13:16.000Z","a08RB00001EW4sFYAT","false","005d5000004TiwDAAS","2026-02-20T11:41:49.000Z","","","ShippingAddress_zip02","005d5000004TiwDAAS","2026-02-20T11:41:49.000Z","ShippingAddress","zip02","","","","","","","","","ecf_zip02__c","","","ecforce"
"005d5000004TiwDAAS","2026-02-19T12:13:16.000Z","a08RB00001EW4sGYAT","false","005d5000004TiwDAAS","2026-02-20T11:41:49.000Z","","","ShippingAddress_addr01","005d5000004TiwDAAS","2026-02-20T11:41:49.000Z","ShippingAddress","addr01","","","","","","","","","ecf_addr01__c","","","ecforce"
"005d5000004TiwDAAS","2026-02-19T12:13:16.000Z","a08RB00001EW4sHYAT","false","005d5000004TiwDAAS","2026-02-20T11:41:49.000Z","","","ShippingAddress_addr02","005d5000004TiwDAAS","2026-02-20T11:41:49.000Z","ShippingAddress","addr02","","","","","","","","","ecf_addr02__c","","","ecforce"
"005d5000004TiwDAAS","2026-02-19T12:13:16.000Z","a08RB00001EW4sIYAT","false","005d5000004TiwDAAS","2026-02-20T11:41:49.000Z","","","ShippingAddress_addr03","005d5000004TiwDAAS","2026-02-20T11:41:49.000Z","ShippingAddress","addr03","","","","","","","","","ecf_addr03__c","","","ecforce"
"005d5000004TiwDAAS","2026-02-19T12:13:16.000Z","a08RB00001EW4sJYAT","false","005d5000004TiwDAAS","2026-02-20T11:41:49.000Z","","","ShippingAddress_tel01","005d5000004TiwDAAS","2026-02-20T11:41:49.000Z","ShippingAddress","tel01","","","","","","","","","ecf_tel01__c","","","ecforce"
"005d5000004TiwDAAS","2026-02-19T12:13:16.000Z","a08RB00001EW4sKYAT","false","005d5000004TiwDAAS","2026-02-20T11:41:49.000Z","","","ShippingAddress_tel02","005d5000004TiwDAAS","2026-02-20T11:41:49.000Z","ShippingAddress","tel02","","","","","","","","","ecf_tel02__c","","","ecforce"
"005d5000004TiwDAAS","2026-02-19T12:13:16.000Z","a08RB00001EW4sLYAT","false","005d5000004TiwDAAS","2026-02-20T11:41:49.000Z","","","ShippingAddress_tel03","005d5000004TiwDAAS","2026-02-20T11:41:49.000Z","ShippingAddress","tel03","","","","","","","","","ecf_tel03__c","","","ecforce"
"005d5000004TiwDAAS","2026-02-19T12:13:16.000Z","a08RB00001EW4sMYAT","false","005d5000004TiwDAAS","2026-02-20T11:41:49.000Z","","","ShippingAddress_tel01_received","005d5000004TiwDAAS","2026-02-20T11:41:49.000Z","ShippingAddress","tel01_received","","","","","","","","","ecf_tel01_received__c","","","ecforce"
"005d5000004TiwDAAS","2026-02-19T12:13:16.000Z","a08RB00001EW4sNYAT","false","005d5000004TiwDAAS","2026-02-20T11:41:49.000Z","","","ShippingAddress_tel02_received","005d5000004TiwDAAS","2026-02-20T11:41:49.000Z","ShippingAddress","tel02_received","","","","","","","","","ecf_tel02_received__c","","","ecforce"
"005d5000004TiwDAAS","2026-02-19T12:13:16.000Z","a08RB00001EW4sOYAT","false","005d5000004TiwDAAS","2026-02-20T11:41:49.000Z","","","ShippingAddress_tel03_received","005d5000004TiwDAAS","2026-02-20T11:41:49.000Z","ShippingAddress","tel03_received","","","","","","","","","ecf_tel03_received__c","","","ecforce"
"005d5000004TiwDAAS","2026-02-19T12:13:16.000Z","a08RB00001EW4sPYAT","false","005d5000004TiwDAAS","2026-02-20T11:41:49.000Z","","","ShippingAddress_fax01","005d5000004TiwDAAS","2026-02-20T11:41:49.000Z","ShippingAddress","fax01","","","","","","","","","ecf_fax01__c","","","ecforce"
"005d5000004TiwDAAS","2026-02-19T12:13:16.000Z","a08RB00001EW4sQYAT","false","005d5000004TiwDAAS","2026-02-20T11:41:49.000Z","","","ShippingAddress_fax02","005d5000004TiwDAAS","2026-02-20T11:41:49.000Z","ShippingAddress","fax02","","","","","","","","","ecf_fax02__c","","","ecforce"
"005d5000004TiwDAAS","2026-02-19T12:13:16.000Z","a08RB00001EW4sRYAT","false","005d5000004TiwDAAS","2026-02-20T11:41:49.000Z","","","ShippingAddress_fax03","005d5000004TiwDAAS","2026-02-20T11:41:49.000Z","ShippingAddress","fax03","","","","","","","","","ecf_fax03__c","","","ecforce"
"005d5000004TiwDAAS","2026-02-19T12:13:16.000Z","a08RB00001EW4sSYAT","false","005d5000004TiwDAAS","2026-03-14T06:28:08.000Z","","","ShippingAddress_shipping_address_note","005d5000004TiwDAAS","2026-03-14T06:28:08.000Z","ShippingAddress","shipping_address_note","","ecf_shipping_address_note__c","","","","","","","ecf_shipping_address_note__c","","","ecforce"
"005d5000004TiwDAAS","2026-02-19T12:13:16.000Z","a08RB00001EW4sTYAT","false","005d5000004TiwDAAS","2026-02-20T11:41:49.000Z","","","ShippingAddress_prefecture_id","005d5000004TiwDAAS","2026-02-20T11:41:49.000Z","ShippingAddress","prefecture_id","","","","","","","","","ecf_prefecture_id__c","","","ecforce"
"005d5000004TiwDAAS","2026-02-19T12:13:16.000Z","a08RB00001EW4sUYAT","false","005d5000004TiwDAAS","2026-03-14T06:49:55.000Z","","","ShippingAddress_prefecture_name","005d5000004TiwDAAS","2026-03-14T06:49:55.000Z","ShippingAddress","prefecture_name","","ecf_shipping_prefecture_name__c","","","","","","","ecf_shipping_prefecture_name__c","","","ecforce"
"005d5000004TiwDAAS","2026-02-19T12:13:16.000Z","a08RB00001EW4sVYAT","false","005d5000004TiwDAAS","2026-03-14T06:28:08.000Z","","","ShippingAddress_full_name","005d5000004TiwDAAS","2026-03-14T06:28:08.000Z","ShippingAddress","full_name","","ecf_shipping_full_name__c","","","","","","","ecf_shipping_full_name__c","","","ecforce"
"005d5000004TiwDAAS","2026-02-19T12:13:16.000Z","a08RB00001EW4sWYAT","false","005d5000004TiwDAAS","2026-03-14T06:28:08.000Z","","","ShippingAddress_full_kana","005d5000004TiwDAAS","2026-03-14T06:28:08.000Z","ShippingAddress","full_kana","","ecf_shipping_full_kana__c","","","","","","","ecf_shipping_full_kana__c","","","ecforce"
"005d5000004TiwDAAS","2026-02-19T12:13:16.000Z","a08RB00001EW4sXYAT","false","005d5000004TiwDAAS","2026-03-14T06:28:08.000Z","","","ShippingAddress_full_tel","005d5000004TiwDAAS","2026-03-14T06:28:08.000Z","ShippingAddress","full_tel","","ecf_shipping_full_tel__c","","","","","","","ecf_shipping_full_tel__c","","","ecforce"
"005d5000004TiwDAAS","2026-02-19T12:13:16.000Z","a08RB00001EW4sYYAT","false","005d5000004TiwDAAS","2026-02-20T11:41:49.000Z","","","ShippingAddress_full_fax","005d5000004TiwDAAS","2026-02-20T11:41:49.000Z","ShippingAddress","full_fax","","","","","","","","","ecf_full_fax__c","","","ecforce"
"005d5000004TiwDAAS","2026-02-19T12:13:16.000Z","a08RB00001EW4sZYAT","false","005d5000004TiwDAAS","2026-03-14T06:28:08.000Z","","","ShippingAddress_full_zip","005d5000004TiwDAAS","2026-03-14T06:28:08.000Z","ShippingAddress","full_zip","","ecf_shipping_full_zip__c","","","","","","","ecf_shipping_full_zip__c","","","ecforce"
"005d5000004TiwDAAS","2026-02-19T12:13:16.000Z","a08RB00001EW4saYAD","false","005d5000004TiwDAAS","2026-03-14T06:28:08.000Z","","","ShippingAddress_full_address","005d5000004TiwDAAS","2026-03-14T06:28:08.000Z","ShippingAddress","full_address","","ecf_shipping_full_address__c","","","","","","","ecf_shipping_full_address__c","","","ecforce"
"005d5000004TiwDAAS","2026-02-19T12:13:16.000Z","a08RB00001EW4sbYAD","false","005d5000004TiwDAAS","2026-02-20T11:41:49.000Z","","","ShippingAddress_full_address_with_space","005d5000004TiwDAAS","2026-02-20T11:41:49.000Z","ShippingAddress","full_address_with_space","","","","","","","","","ecf_full_address_with_space__c","","","ecforce"
"005d5000004TiwDAAS","2026-02-19T12:13:16.000Z","a08RB00001EW4scYAD","false","005d5000004TiwDAAS","2026-02-20T11:41:49.000Z","","","ShippingAddress_created_at","005d5000004TiwDAAS","2026-02-20T11:41:49.000Z","ShippingAddress","created_at","","","","","","","","","ecf_created_at__c","","","ecforce"
"005d5000004TiwDAAS","2026-02-19T12:13:16.000Z","a08RB00001EW4sdYAD","false","005d5000004TiwDAAS","2026-03-14T15:26:50.000Z","","","ShippingAddress_updated_at","005d5000004TiwDAAS","2026-03-14T15:26:50.000Z","ShippingAddress","updated_at","","","","","","","","","ecf_shipping_updated_at__c","","","ecforce"
"005d5000004TiwDAAS","2026-02-19T12:13:16.000Z","a08RB00001EW4seYAD","false","005d5000004TiwDAAS","2026-02-19T12:13:16.000Z","","","OrderItem_id","005d5000004TiwDAAS","2026-02-19T12:13:16.000Z","OrderItem","id","","","","","","","","","","","ecf_id__c","ecforce"
"005d5000004TiwDAAS","2026-02-19T12:13:16.000Z","a08RB00001EW4sfYAD","false","005d5000004TiwDAAS","2026-02-19T12:13:16.000Z","","","OrderItem_variant_id","005d5000004TiwDAAS","2026-02-19T12:13:16.000Z","OrderItem","variant_id","","","","","","","","","","","ecf_variant_id__c","ecforce"
"005d5000004TiwDAAS","2026-02-19T12:13:16.000Z","a08RB00001EW4sgYAD","false","005d5000004TiwDAAS","2026-02-19T12:13:16.000Z","","","OrderItem_product_bundled_item_id","005d5000004TiwDAAS","2026-02-19T12:13:16.000Z","OrderItem","product_bundled_item_id","","","","","","","","","","","ecf_product_bundled_item_id__c","ecforce"
"005d5000004TiwDAAS","2026-02-19T12:13:16.000Z","a08RB00001EW4shYAD","false","005d5000004TiwDAAS","2026-03-17T14:43:35.000Z","","","OrderItem_product_number","005d5000004TiwDAAS","2026-03-17T14:43:35.000Z","OrderItem","product_number","","","","ecf_product_number__c","","ecf_product_number__c","","","","","ecf_product_number__c","ecforce"
"005d5000004TiwDAAS","2026-02-19T12:13:16.000Z","a08RB00001EW4siYAD","false","005d5000004TiwDAAS","2026-02-20T08:09:42.000Z","","","OrderItem_product_name","005d5000004TiwDAAS","2026-02-20T08:09:42.000Z","OrderItem","product_name","","","","Name","","","","","","","Name","ecforce"
"005d5000004TiwDAAS","2026-02-19T12:13:16.000Z","a08RB00001EW4sjYAD","false","005d5000004TiwDAAS","2026-02-19T12:13:16.000Z","","","OrderItem_product_category_names","005d5000004TiwDAAS","2026-02-19T12:13:16.000Z","OrderItem","product_category_names","","","","ecf_product_category_names__c","","","","","","","ecf_product_category_names__c","ecforce"
"005d5000004TiwDAAS","2026-02-19T12:13:16.000Z","a08RB00001EW4skYAD","false","005d5000004TiwDAAS","2026-02-19T12:13:16.000Z","","","OrderItem_product_maker_name","005d5000004TiwDAAS","2026-02-19T12:13:16.000Z","OrderItem","product_maker_name","","","","","","","","","","","ecf_product_maker_name__c","ecforce"
"005d5000004TiwDAAS","2026-02-19T12:13:16.000Z","a08RB00001EW4slYAD","false","005d5000004TiwDAAS","2026-03-17T14:44:45.000Z","","","OrderItem_variant_sku","005d5000004TiwDAAS","2026-03-17T14:44:45.000Z","OrderItem","variant_sku","","","","ecf_variant_sku__c","","","","","","","ecf_variant_sku__c","ecforce"
"005d5000004TiwDAAS","2026-02-19T12:13:16.000Z","a08RB00001EW4smYAD","false","005d5000004TiwDAAS","2026-02-19T12:13:16.000Z","","","OrderItem_stock_location_id","005d5000004TiwDAAS","2026-02-19T12:13:16.000Z","OrderItem","stock_location_id","","","","","","","","","","","ecf_stock_location_id__c","ecforce"
"005d5000004TiwDAAS","2026-02-19T12:13:16.000Z","a08RB00001EW4snYAD","false","005d5000004TiwDAAS","2026-02-19T12:13:16.000Z","","","OrderItem_stock_location_name","005d5000004TiwDAAS","2026-02-19T12:13:16.000Z","OrderItem","stock_location_name","","","","","","","","","","","ecf_stock_location_name__c","ecforce"
"005d5000004TiwDAAS","2026-02-19T12:13:16.000Z","a08RB00001EW4soYAD","false","005d5000004TiwDAAS","2026-02-25T05:25:19.000Z","","","OrderItem_list_price","005d5000004TiwDAAS","2026-02-25T05:25:19.000Z","OrderItem","list_price","","","","","","reismobj__ListPrice__c","","","","","ecf_list_price__c","ecforce"
"005d5000004TiwDAAS","2026-02-19T12:13:16.000Z","a08RB00001EW4spYAD","false","005d5000004TiwDAAS","2026-02-19T12:13:16.000Z","","","OrderItem_sales_price","005d5000004TiwDAAS","2026-02-19T12:13:16.000Z","OrderItem","sales_price","","","","","","","","","","","ecf_sales_price__c","ecforce"
"005d5000004TiwDAAS","2026-02-19T12:13:16.000Z","a08RB00001EW4sqYAD","false","005d5000004TiwDAAS","2026-02-25T05:27:07.000Z","","","OrderItem_price","005d5000004TiwDAAS","2026-02-25T05:27:07.000Z","OrderItem","price","","","","","","","","","","","reismobj__UnitPrice__c","ecforce"
"005d5000004TiwDAAS","2026-02-19T12:13:16.000Z","a08RB00001EW4srYAD","false","005d5000004TiwDAAS","2026-02-25T05:23:11.000Z","","","OrderItem_quantity","005d5000004TiwDAAS","2026-02-25T05:23:11.000Z","OrderItem","quantity","","","","","","","","","","","reismobj__Quantity__c","ecforce"
"005d5000004TiwDAAS","2026-02-19T12:13:16.000Z","a08RB00001EW4ssYAD","false","005d5000004TiwDAAS","2026-02-19T12:13:16.000Z","","","OrderItem_set_item_quantity","005d5000004TiwDAAS","2026-02-19T12:13:16.000Z","OrderItem","set_item_quantity","","","","","","","","","","","ecf_set_item_quantity__c","ecforce"
"005d5000004TiwDAAS","2026-02-19T12:13:16.000Z","a08RB00001EW4stYAD","false","005d5000004TiwDAAS","2026-02-19T12:13:16.000Z","","","OrderItem_tax_rate","005d5000004TiwDAAS","2026-02-19T12:13:16.000Z","OrderItem","tax_rate","","","","","","","","","","","ecf_tax_rate__c","ecforce"
"005d5000004TiwDAAS","2026-02-19T12:13:16.000Z","a08RB00001EW4suYAD","false","005d5000004TiwDAAS","2026-02-19T12:13:16.000Z","","","OrderItem_onetime","005d5000004TiwDAAS","2026-02-19T12:13:16.000Z","OrderItem","onetime","","","","","","","","","","","ecf_onetime__c","ecforce"
"005d5000004TiwDAAS","2026-02-19T12:13:16.000Z","a08RB00001EW4svYAD","false","005d5000004TiwDAAS","2026-02-19T12:13:16.000Z","","","OrderItem_gift_target_list","005d5000004TiwDAAS","2026-02-19T12:13:16.000Z","OrderItem","gift_target_list","","","","","","",",","","","","ecf_gift_target_list__c","ecforce"
"005d5000004TiwDAAS","2026-02-19T12:13:16.000Z","a08RB00001EW4swYAD","false","005d5000004TiwDAAS","2026-02-19T12:13:16.000Z","","","OrderItem_created_at","005d5000004TiwDAAS","2026-02-19T12:13:16.000Z","OrderItem","created_at","","","","","","","","","","","ecf_created_at__c","ecforce"
"005d5000004TiwDAAS","2026-02-19T12:13:16.000Z","a08RB00001EW4sxYAD","false","005d5000004TiwDAAS","2026-02-19T12:13:16.000Z","","","OrderItem_updated_at","005d5000004TiwDAAS","2026-02-19T12:13:16.000Z","OrderItem","updated_at","","","","","","","","","","","ecf_updated_at__c","ecforce"
"005d5000004TiwDAAS","2026-02-19T12:13:16.000Z","a08RB00001EW4syYAD","false","005d5000004TiwDAAS","2026-02-19T12:13:16.000Z","","","GiftTarget_type","005d5000004TiwDAAS","2026-02-19T12:13:16.000Z","GiftTarget","type","","","","","","","","","","ecf_type__c","","ecforce"
"005d5000004TiwDAAS","2026-02-19T12:13:16.000Z","a08RB00001EW4szYAD","false","005d5000004TiwDAAS","2026-02-19T12:13:16.000Z","","","GiftTarget_target_variant_sku","005d5000004TiwDAAS","2026-02-19T12:13:16.000Z","GiftTarget","target_variant_sku","","","","","","","","","","ecf_target_variant_sku__c","","ecforce"
"005d5000004TiwDAAS","2026-02-19T12:13:16.000Z","a08RB00001EW4t0YAD","false","005d5000004TiwDAAS","2026-02-19T12:13:16.000Z","","","GiftTarget_target_product_number","005d5000004TiwDAAS","2026-02-19T12:13:16.000Z","GiftTarget","target_product_number","","","","","","","","","","ecf_target_product_number__c","","ecforce"
"005d5000004TiwDAAS","2026-02-19T12:13:16.000Z","a08RB00001EW4t1YAD","false","005d5000004TiwDAAS","2026-02-19T12:13:16.000Z","","","GiftTarget_quantity","005d5000004TiwDAAS","2026-02-19T12:13:16.000Z","GiftTarget","quantity","","","","","","","","","","ecf_quantity__c","","ecforce"
"005d5000004TiwDAAS","2026-02-19T12:13:16.000Z","a08RB00001EW4t2YAD","false","005d5000004TiwDAAS","2026-02-19T12:13:16.000Z","","","GiftTarget_noshi_omotegaki","005d5000004TiwDAAS","2026-02-19T12:13:16.000Z","GiftTarget","noshi_omotegaki","","","","","","","","","","ecf_noshi_omotegaki__c","","ecforce"
"005d5000004TiwDAAS","2026-02-19T12:13:16.000Z","a08RB00001EW4t3YAD","false","005d5000004TiwDAAS","2026-02-19T12:13:16.000Z","","","GiftTarget_noshi_naire","005d5000004TiwDAAS","2026-02-19T12:13:16.000Z","GiftTarget","noshi_naire","","","","","","","","","","ecf_noshi_naire__c","","ecforce"
"005d5000004TiwDAAS","2026-02-19T12:13:16.000Z","a08RB00001EW4t4YAD","false","005d5000004TiwDAAS","2026-02-20T11:56:15.000Z","","","Variant_id","005d5000004TiwDAAS","2026-02-20T11:56:15.000Z","Variant","id","","","","","","","","","","","ecf_id__c","ecforce"
"005d5000004TiwDAAS","2026-02-19T12:13:16.000Z","a08RB00001EW4t5YAD","false","005d5000004TiwDAAS","2026-02-20T11:56:15.000Z","","","Variant_sku","005d5000004TiwDAAS","2026-02-20T11:56:15.000Z","Variant","sku","","","","","","","","","","","ecf_sku__c","ecforce"
"005d5000004TiwDAAS","2026-02-19T12:13:16.000Z","a08RB00001EW4t6YAD","false","005d5000004TiwDAAS","2026-02-20T11:56:15.000Z","","","Variant_name","005d5000004TiwDAAS","2026-02-20T11:56:15.000Z","Variant","name","","","","","","","","","","","ecf_name__c","ecforce"
"005d5000004TiwDAAS","2026-02-19T12:13:16.000Z","a08RB00001EW4t7YAD","false","005d5000004TiwDAAS","2026-02-20T11:56:15.000Z","","","Variant_state","005d5000004TiwDAAS","2026-02-20T11:56:15.000Z","Variant","state","","","","","","","","","","","ecf_state__c","ecforce"
"005d5000004TiwDAAS","2026-02-19T12:13:16.000Z","a08RB00001EW4t8YAD","false","005d5000004TiwDAAS","2026-02-20T11:56:15.000Z","","","Variant_human_state_name","005d5000004TiwDAAS","2026-02-20T11:56:15.000Z","Variant","human_state_name","","","","","","","","","","","ecf_human_state_name__c","ecforce"
"005d5000004TiwDAAS","2026-02-19T12:13:16.000Z","a08RB00001EW4t9YAD","false","005d5000004TiwDAAS","2026-02-20T11:56:15.000Z","","","Variant_is_master","005d5000004TiwDAAS","2026-02-20T11:56:15.000Z","Variant","is_master","","","","","","","","","","","ecf_is_master__c","ecforce"
"005d5000004TiwDAAS","2026-02-19T12:13:16.000Z","a08RB00001EW4tAYAT","false","005d5000004TiwDAAS","2026-02-20T11:56:15.000Z","","","Variant_product_id","005d5000004TiwDAAS","2026-02-20T11:56:15.000Z","Variant","product_id","","","","","","","","","","","ecf_product_id__c","ecforce"
"005d5000004TiwDAAS","2026-02-19T12:13:16.000Z","a08RB00001EW4tBYAT","false","005d5000004TiwDAAS","2026-02-20T11:56:15.000Z","","","Variant_description","005d5000004TiwDAAS","2026-02-20T11:56:15.000Z","Variant","description","","","","","","","","","","","ecf_description__c","ecforce"
"005d5000004TiwDAAS","2026-02-19T12:13:16.000Z","a08RB00001EW4tCYAT","false","005d5000004TiwDAAS","2026-02-20T11:56:15.000Z","","","Variant_description_mobile","005d5000004TiwDAAS","2026-02-20T11:56:15.000Z","Variant","description_mobile","","","","","","","","","","","ecf_description_mobile__c","ecforce"
"005d5000004TiwDAAS","2026-02-19T12:13:16.000Z","a08RB00001EW4tDYAT","false","005d5000004TiwDAAS","2026-02-20T11:56:15.000Z","","","Variant_volume","005d5000004TiwDAAS","2026-02-20T11:56:15.000Z","Variant","volume","","","","","","","","","","","ecf_volume__c","ecforce"
"005d5000004TiwDAAS","2026-02-19T12:13:16.000Z","a08RB00001EW4tEYAT","false","005d5000004TiwDAAS","2026-02-20T11:56:15.000Z","","","Variant_list_price","005d5000004TiwDAAS","2026-02-20T11:56:15.000Z","Variant","list_price","","","","","","","","","","","ecf_list_price__c","ecforce"
"005d5000004TiwDAAS","2026-02-19T12:13:16.000Z","a08RB00001EW4tFYAT","false","005d5000004TiwDAAS","2026-02-20T11:56:15.000Z","","","Variant_sales_price","005d5000004TiwDAAS","2026-02-20T11:56:15.000Z","Variant","sales_price","","","","","","","","","","","ecf_sales_price__c","ecforce"
"005d5000004TiwDAAS","2026-02-19T12:13:16.000Z","a08RB00001EW4tGYAT","false","005d5000004TiwDAAS","2026-02-20T11:56:15.000Z","","","Variant_options","005d5000004TiwDAAS","2026-02-20T11:56:15.000Z","Variant","options","","","","","","",",","","","","ecf_options__c","ecforce"
"005d5000004TiwDAAS","2026-02-19T12:13:16.000Z","a08RB00001EW4tHYAT","false","005d5000004TiwDAAS","2026-02-20T11:56:15.000Z","","","Variant_created_at","005d5000004TiwDAAS","2026-02-20T11:56:15.000Z","Variant","created_at","","","","","","","","","","","ecf_created_at__c","ecforce"
"005d5000004TiwDAAS","2026-02-19T12:13:16.000Z","a08RB00001EW4tIYAT","false","005d5000004TiwDAAS","2026-02-20T11:56:15.000Z","","","Variant_updated_at","005d5000004TiwDAAS","2026-02-20T11:56:15.000Z","Variant","updated_at","","","","","","","","","","","ecf_updated_at__c","ecforce"
"005d5000004TiwDAAS","2026-02-19T12:13:16.000Z","a08RB00001EW4tJYAT","false","005d5000004TiwDAAS","2026-02-20T11:56:15.000Z","","","Variant_deleted_at","005d5000004TiwDAAS","2026-02-20T11:56:15.000Z","Variant","deleted_at","","","","","","","","","","","ecf_deleted_at__c","ecforce"
"005d5000004TiwDAAS","2026-02-19T12:13:16.000Z","a08RB00001EW4tKYAT","false","005d5000004TiwDAAS","2026-02-20T11:56:15.000Z","","","Variant_link_number","005d5000004TiwDAAS","2026-02-20T11:56:15.000Z","Variant","link_number","","","","","","","","","","","ecf_link_number__c","ecforce"
"005d5000004TiwDAAS","2026-02-19T12:13:16.000Z","a08RB00001EW4tLYAT","false","005d5000004TiwDAAS","2026-03-10T10:06:30.000Z","","","Thumbnail_id","005d5000004TiwDAAS","2026-03-10T10:06:30.000Z","Thumbnail","id","","","ecf_id__c","","","","","","","","","ecforce"
"005d5000004TiwDAAS","2026-02-19T12:13:16.000Z","a08RB00001EW4tMYAT","false","005d5000004TiwDAAS","2026-03-07T05:00:24.000Z","","","Thumbnail_file_name","005d5000004TiwDAAS","2026-03-07T05:00:24.000Z","Thumbnail","file_name","","","ecf_file_name__c","","","","","","ecf_file_name__c","","","ecforce"
"005d5000004TiwDAAS","2026-02-19T12:13:16.000Z","a08RB00001EW4tNYAT","false","005d5000004TiwDAAS","2026-03-07T05:00:24.000Z","","","Thumbnail_content_type","005d5000004TiwDAAS","2026-03-07T05:00:24.000Z","Thumbnail","content_type","","","ecf_content_type__c","","","","","","ecf_content_type__c","","","ecforce"
"005d5000004TiwDAAS","2026-02-19T12:13:16.000Z","a08RB00001EW4tOYAT","false","005d5000004TiwDAAS","2026-03-07T05:00:24.000Z","","","Thumbnail_file_size","005d5000004TiwDAAS","2026-03-07T05:00:24.000Z","Thumbnail","file_size","","","ecf_file_size__c","","","","","","ecf_file_size__c","","","ecforce"
"005d5000004TiwDAAS","2026-02-19T12:13:16.000Z","a08RB00001EW4tPYAT","false","005d5000004TiwDAAS","2026-03-07T05:00:24.000Z","","","Thumbnail_position","005d5000004TiwDAAS","2026-03-07T05:00:24.000Z","Thumbnail","position","","","ecf_position__c","","","","","","ecf_position__c","","","ecforce"
"005d5000004TiwDAAS","2026-02-19T12:13:16.000Z","a08RB00001EW4tQYAT","false","005d5000004TiwDAAS","2026-03-12T13:07:59.000Z","","","Thumbnail_url","005d5000004TiwDAAS","2026-03-12T13:07:59.000Z","Thumbnail","url","","","ecf_url__c","","","","","","","","","ecforce"
"005d5000004TiwDAAS","2026-02-19T12:13:16.000Z","a08RB00001EW4tRYAT","false","005d5000004TiwDAAS","2026-03-07T05:00:24.000Z","","","Thumbnail_url_small","005d5000004TiwDAAS","2026-03-07T05:00:24.000Z","Thumbnail","url_small","","","ecf_url_small__c","","","","","","ecf_url_small__c","","","ecforce"
"005d5000004TiwDAAS","2026-02-19T12:13:16.000Z","a08RB00001EW4tSYAT","false","005d5000004TiwDAAS","2026-03-07T05:00:24.000Z","","","Thumbnail_url_medium","005d5000004TiwDAAS","2026-03-07T05:00:24.000Z","Thumbnail","url_medium","","","ecf_url_medium__c","","","","","","ecf_url_medium__c","","","ecforce"
"005d5000004TiwDAAS","2026-02-19T12:13:16.000Z","a08RB00001EW4tTYAT","false","005d5000004TiwDAAS","2026-03-07T05:00:24.000Z","","","Thumbnail_url_large","005d5000004TiwDAAS","2026-03-07T05:00:24.000Z","Thumbnail","url_large","","","ecf_url_large__c","","","","","","ecf_url_large__c","","","ecforce"
"005d5000004TiwDAAS","2026-02-19T12:13:16.000Z","a08RB00001EW4tUYAT","false","005d5000004TiwDAAS","2026-03-07T05:00:24.000Z","","","Thumbnail_path","005d5000004TiwDAAS","2026-03-07T05:00:24.000Z","Thumbnail","path","","","ecf_path__c","","","","","","ecf_path__c","","","ecforce"
"005d5000004TiwDAAS","2026-02-19T12:13:16.000Z","a08RB00001EW4tVYAT","false","005d5000004TiwDAAS","2026-03-07T05:00:24.000Z","","","Thumbnail_path_small","005d5000004TiwDAAS","2026-03-07T05:00:24.000Z","Thumbnail","path_small","","","ecf_path_small__c","","","","","","ecf_path_small__c","","","ecforce"
"005d5000004TiwDAAS","2026-02-19T12:13:16.000Z","a08RB00001EW4tWYAT","false","005d5000004TiwDAAS","2026-03-07T05:00:24.000Z","","","Thumbnail_path_medium","005d5000004TiwDAAS","2026-03-07T05:00:24.000Z","Thumbnail","path_medium","","","ecf_path_medium__c","","","","","","ecf_path_medium__c","","","ecforce"
"005d5000004TiwDAAS","2026-02-19T12:13:16.000Z","a08RB00001EW4tXYAT","false","005d5000004TiwDAAS","2026-03-07T05:00:24.000Z","","","Thumbnail_path_large","005d5000004TiwDAAS","2026-03-07T05:00:24.000Z","Thumbnail","path_large","","","ecf_path_large__c","","","","","","ecf_path_large__c","","","ecforce"
"005d5000004TiwDAAS","2026-02-19T12:13:16.000Z","a08RB00001EW4tYYAT","false","005d5000004TiwDAAS","2026-03-07T05:00:24.000Z","","","Thumbnail_created_at","005d5000004TiwDAAS","2026-03-07T05:00:24.000Z","Thumbnail","created_at","","","ecf_created_at__c","","","","","","ecf_created_at__c","","","ecforce"
"005d5000004TiwDAAS","2026-02-19T12:13:16.000Z","a08RB00001EW4tZYAT","false","005d5000004TiwDAAS","2026-03-14T15:26:50.000Z","","","Thumbnail_updated_at","005d5000004TiwDAAS","2026-03-14T15:26:50.000Z","Thumbnail","updated_at","","","ecf_updated_at__c","","","","","","ecf_thumbnail_updated_at__c","","","ecforce"
"005d5000004TiwDAAS","2026-02-19T12:13:16.000Z","a08RB00001EW4taYAD","false","005d5000004TiwDAAS","2026-02-20T12:00:07.000Z","","","OneDColorAnswer_answer_id","005d5000004TiwDAAS","2026-02-20T12:00:07.000Z","OneDColorAnswer","answer_id","","","","","","","","","ecf_answer_id__c","","","ecforce"
"005d5000004TiwDAAS","2026-02-19T12:13:16.000Z","a08RB00001EW4tbYAD","false","005d5000004TiwDAAS","2026-02-20T12:00:07.000Z","","","OneDColorAnswer_personalize_id","005d5000004TiwDAAS","2026-02-20T12:00:07.000Z","OneDColorAnswer","personalize_id","","","","","","","","","ecf_personalize_id__c","","","ecforce"
"005d5000004TiwDAAS","2026-02-19T12:13:16.000Z","a08RB00001EW4tcYAD","false","005d5000004TiwDAAS","2026-02-20T12:00:07.000Z","","","OneDColorAnswer_code","005d5000004TiwDAAS","2026-02-20T12:00:07.000Z","OneDColorAnswer","code","","","","","","","","","ecf_code__c","","","ecforce"
"005d5000004TiwDAAS","2026-02-19T12:13:16.000Z","a08RB00001EW4tdYAD","false","005d5000004TiwDAAS","2026-02-20T12:00:07.000Z","","","OneDColorAnswer_name","005d5000004TiwDAAS","2026-02-20T12:00:07.000Z","OneDColorAnswer","name","","","","","","","","","ecf_name__c","","","ecforce"
"005d5000004TiwDAAS","2026-02-19T12:13:16.000Z","a08RB00001EW4teYAD","false","005d5000004TiwDAAS","2026-02-20T12:00:07.000Z","","","OneDColorAnswer_method","005d5000004TiwDAAS","2026-02-20T12:00:07.000Z","OneDColorAnswer","method","","","","","","","","","ecf_method__c","","","ecforce"
"005d5000004TiwDAAS","2026-02-19T12:13:16.000Z","a08RB00001EW4tfYAD","false","005d5000004TiwDAAS","2026-02-20T12:00:07.000Z","","","OneDColorAnswer_identifier","005d5000004TiwDAAS","2026-02-20T12:00:07.000Z","OneDColorAnswer","identifier","","","","","","","","","ecf_identifier__c","","","ecforce"
"005d5000004TiwDAAS","2026-02-19T12:13:16.000Z","a08RB00001EW4tgYAD","false","005d5000004TiwDAAS","2026-02-20T12:00:07.000Z","","","OneDColorAnswer_answer_started_at","005d5000004TiwDAAS","2026-02-20T12:00:07.000Z","OneDColorAnswer","answer_started_at","","","","","","","","","ecf_answer_started_at__c","","","ecforce"
"005d5000004TiwDAAS","2026-02-19T12:13:16.000Z","a08RB00001EW4thYAD","false","005d5000004TiwDAAS","2026-02-20T12:00:07.000Z","","","OneDColorAnswer_access_device","005d5000004TiwDAAS","2026-02-20T12:00:07.000Z","OneDColorAnswer","access_device","","","","","","","","","ecf_access_device__c","","","ecforce"
"005d5000004TiwDAAS","2026-02-19T12:13:16.000Z","a08RB00001EW4tiYAD","false","005d5000004TiwDAAS","2026-02-20T12:00:07.000Z","","","OneDColorAnswer_access_os","005d5000004TiwDAAS","2026-02-20T12:00:07.000Z","OneDColorAnswer","access_os","","","","","","","","","ecf_access_os__c","","","ecforce"
"005d5000004TiwDAAS","2026-02-19T12:13:16.000Z","a08RB00001EW4tjYAD","false","005d5000004TiwDAAS","2026-02-20T12:00:07.000Z","","","OneDColorAnswer_access_referrer","005d5000004TiwDAAS","2026-02-20T12:00:07.000Z","OneDColorAnswer","access_referrer","","","","","","","","","ecf_access_referrer__c","","","ecforce"
"005d5000004TiwDAAS","2026-02-19T12:13:16.000Z","a08RB00001EW4tkYAD","false","005d5000004TiwDAAS","2026-02-20T12:00:07.000Z","","","OneDColorAnswer_answer_completed_at","005d5000004TiwDAAS","2026-02-20T12:00:07.000Z","OneDColorAnswer","answer_completed_at","","","","","","","","","ecf_answer_completed_at__c","","","ecforce"
"005d5000004TiwDAAS","2026-02-19T12:13:16.000Z","a08RB00001EW4tlYAD","false","005d5000004TiwDAAS","2026-02-20T12:00:07.000Z","","","OneDColorAnswer_complete_action_id","005d5000004TiwDAAS","2026-02-20T12:00:07.000Z","OneDColorAnswer","complete_action_id","","","","","","","","","ecf_complete_action_id__c","","","ecforce"
"005d5000004TiwDAAS","2026-02-19T12:13:16.000Z","a08RB00001EW4tmYAD","false","005d5000004TiwDAAS","2026-02-20T12:00:07.000Z","","","OneDColorAnswer_complete_action_name","005d5000004TiwDAAS","2026-02-20T12:00:07.000Z","OneDColorAnswer","complete_action_name","","","","","","","","","ecf_complete_action_name__c","","","ecforce"
"005d5000004TiwDAAS","2026-02-19T12:13:16.000Z","a08RB00001EW4tnYAD","false","005d5000004TiwDAAS","2026-02-20T12:00:07.000Z","","","OneDColorAnswer_complete_action","005d5000004TiwDAAS","2026-02-20T12:00:07.000Z","OneDColorAnswer","complete_action","","","","","","","","","ecf_complete_action__c","","","ecforce"
"005d5000004TiwDAAS","2026-02-19T12:13:16.000Z","a08RB00001EW4toYAD","false","005d5000004TiwDAAS","2026-02-20T12:00:07.000Z","","","OneDColorAnswer_answer_results","005d5000004TiwDAAS","2026-02-20T12:00:07.000Z","OneDColorAnswer","answer_results","","","","","","",",","","ecf_answer_results__c","","","ecforce"
"005d5000004TiwDAAS","2026-02-19T12:13:16.000Z","a08RB00001EW4tpYAD","false","005d5000004TiwDAAS","2026-02-20T12:00:07.000Z","","","OneDColorAnswerScore_answer_id","005d5000004TiwDAAS","2026-02-20T12:00:07.000Z","OneDColorAnswerScore","answer_id","","","","","","","","","ecf_answer_id__c","","","ecforce"
"005d5000004TiwDAAS","2026-02-19T12:13:16.000Z","a08RB00001EW4tqYAD","false","005d5000004TiwDAAS","2026-02-20T12:00:07.000Z","","","OneDColorAnswerScore_kind","005d5000004TiwDAAS","2026-02-20T12:00:07.000Z","OneDColorAnswerScore","kind","","","","","","","","","ecf_kind__c","","","ecforce"
"005d5000004TiwDAAS","2026-02-19T12:13:16.000Z","a08RB00001EW4trYAD","false","005d5000004TiwDAAS","2026-02-20T12:00:07.000Z","","","OneDColorAnswerScore_score","005d5000004TiwDAAS","2026-02-20T12:00:07.000Z","OneDColorAnswerScore","score","","","","","","","","","ecf_score__c","","","ecforce"
"005d5000004TiwDAAS","2026-02-19T12:13:16.000Z","a08RB00001EW4tsYAD","false","005d5000004TiwDAAS","2026-03-18T01:27:31.000Z","","","CreditCard_id","005d5000004TiwDAAS","2026-03-18T01:27:31.000Z","CreditCard","id","ecf_creditcard_id__c","","","","","","","","","","","ecforce"
"005d5000004TiwDAAS","2026-02-19T12:13:16.000Z","a08RB00001EW4ttYAD","false","005d5000004TiwDAAS","2026-03-24T15:31:25.000Z","","","CreditCard_month","005d5000004TiwDAAS","2026-03-24T15:31:25.000Z","CreditCard","month","ecf_month__c","","","","","","","","ecf_month__c","","","ecforce"
"005d5000004TiwDAAS","2026-02-19T12:13:16.000Z","a08RB00001EW4tuYAD","false","005d5000004TiwDAAS","2026-03-24T15:30:54.000Z","","","CreditCard_year","005d5000004TiwDAAS","2026-03-24T15:30:54.000Z","CreditCard","year","ecf_year__c","","","","","","","","ecf_year__c","","","ecforce"
"005d5000004TiwDAAS","2026-02-19T12:13:16.000Z","a08RB00001EW4tvYAD","false","005d5000004TiwDAAS","2026-02-20T11:10:41.000Z","","","CreditCard_last_digits","005d5000004TiwDAAS","2026-02-20T11:10:41.000Z","CreditCard","last_digits","","","","","","","","","ecf_last_digits__c","","","ecforce"
"005d5000004TiwDAAS","2026-02-19T12:13:16.000Z","a08RB00001EW4twYAD","false","005d5000004TiwDAAS","2026-03-18T01:27:31.000Z","","","CreditCard_name","005d5000004TiwDAAS","2026-03-18T01:27:31.000Z","CreditCard","name","ecf_creditcard_name__c","","","","","","","","ecf_name__c","","","ecforce"
"005d5000004TiwDAAS","2026-02-19T12:13:16.000Z","a08RB00001EW4txYAD","false","005d5000004TiwDAAS","2026-02-20T11:03:04.000Z","","","CreditCard_gateway_customer_profile_id","005d5000004TiwDAAS","2026-02-20T11:03:04.000Z","CreditCard","gateway_customer_profile_id","","","","","","","","","ecf_gateway_customer_profile_id__c","","","ecforce"
"005d5000004TiwDAAS","2026-02-19T12:13:16.000Z","a08RB00001EW4tyYAD","false","005d5000004TiwDAAS","2026-02-20T11:10:41.000Z","","","CreditCard_gateway_payment_profile_id","005d5000004TiwDAAS","2026-02-20T11:10:41.000Z","CreditCard","gateway_payment_profile_id","","","","","","","","","ecf_gateway_payment_profile_id__c","","","ecforce"
"005d5000004TiwDAAS","2026-02-19T12:13:16.000Z","a08RB00001EW4tzYAD","false","005d5000004TiwDAAS","2026-02-20T11:10:41.000Z","","","CreditCard_gateway_card_seq","005d5000004TiwDAAS","2026-02-20T11:10:41.000Z","CreditCard","gateway_card_seq","","","","","","","","","ecf_gateway_card_seq__c","","","ecforce"
"005d5000004TiwDAAS","2026-02-19T12:13:16.000Z","a08RB00001EW4u0YAD","false","005d5000004TiwDAAS","2026-02-20T11:10:41.000Z","","","CreditCard_access_token","005d5000004TiwDAAS","2026-02-20T11:10:41.000Z","CreditCard","access_token","","","","","","","","","ecf_access_token__c","","","ecforce"
"005d5000004TiwDAAS","2026-02-19T12:13:16.000Z","a08RB00001EW4u1YAD","false","005d5000004TiwDAAS","2026-02-20T11:10:41.000Z","","","CreditCard_client_ip","005d5000004TiwDAAS","2026-02-20T11:10:41.000Z","CreditCard","client_ip","","","","","","","","","ecf_client_ip__c","","","ecforce"
"005d5000004TiwDAAS","2026-02-19T12:13:16.000Z","a08RB00001EW4u2YAD","false","005d5000004TiwDAAS","2026-03-18T01:27:31.000Z","","","CreditCard_default","005d5000004TiwDAAS","2026-03-18T01:27:31.000Z","CreditCard","default","ecf_creditcard_default__c","","","","","","","","ecf_default__c","","","ecforce"
"005d5000004TiwDAAS","2026-02-19T12:13:16.000Z","a08RB00001EW4u3YAD","false","005d5000004TiwDAAS","2026-03-17T12:52:33.000Z","","","MemberGroup_id","005d5000004TiwDAAS","2026-03-17T12:52:33.000Z","MemberGroup","id","ecf_membergroup_id__c","ecf_membergroup_id__c","","","","","","","","","","ecforce"
"005d5000004TiwDAAS","2026-02-19T12:13:16.000Z","a08RB00001EW4u4YAD","false","005d5000004TiwDAAS","2026-03-05T13:58:33.000Z","","","MemberGroup_name","005d5000004TiwDAAS","2026-03-05T13:58:33.000Z","MemberGroup","name","ecf_name__c","ecf_name__c","","","","","","","","","","ecforce"
"005d5000004TiwDAAS","2026-02-19T12:13:16.000Z","a08RB00001EW4u5YAD","false","005d5000004TiwDAAS","2026-03-05T13:58:33.000Z","","","MemberGroup_status","005d5000004TiwDAAS","2026-03-05T13:58:33.000Z","MemberGroup","status","ecf_status__c","ecf_status__c","","","","","","","","","","ecforce"
"005d5000004TiwDAAS","2026-02-19T12:13:16.000Z","a08RB00001EW4u6YAD","false","005d5000004TiwDAAS","2026-03-17T12:52:33.000Z","","","CustomerPermittedVariant_id","005d5000004TiwDAAS","2026-03-17T12:52:33.000Z","CustomerPermittedVariant","id","ecf_customerpermittedvariant_id__c","ecf_customerpermittedvariant_id__c","","","","","","","","","","ecforce"
"005d5000004TiwDAAS","2026-02-19T12:13:16.000Z","a08RB00001EW4u7YAD","false","005d5000004TiwDAAS","2026-03-05T13:01:41.000Z","","","CustomerPermittedVariant_variant_id","005d5000004TiwDAAS","2026-03-05T13:01:41.000Z","CustomerPermittedVariant","variant_id","ecf_variant_id__c","ecf_variant_id__c","","","","","","","","","","ecforce"
"005d5000004TiwDAAS","2026-02-19T12:13:16.000Z","a08RB00001EW4u8YAD","false","005d5000004TiwDAAS","2026-03-05T13:01:41.000Z","","","CustomerPermittedVariant_started_at","005d5000004TiwDAAS","2026-03-05T13:01:41.000Z","CustomerPermittedVariant","started_at","ecf_started_at__c","ecf_started_at__c","","","","","","","","","","ecforce"
"005d5000004TiwDAAS","2026-02-19T12:13:16.000Z","a08RB00001EW4u9YAD","false","005d5000004TiwDAAS","2026-03-05T13:01:41.000Z","","","CustomerPermittedVariant_ended_at","005d5000004TiwDAAS","2026-03-05T13:01:41.000Z","CustomerPermittedVariant","ended_at","ecf_ended_at__c","ecf_ended_at__c","","","","","","","","","","ecforce"
"005d5000004TiwDAAS","2026-02-19T12:13:16.000Z","a08RB00001EW4uAYAT","false","005d5000004TiwDAAS","2026-03-05T12:47:22.000Z","","","SubsOrder_scheduled_delivery_time_id","005d5000004TiwDAAS","2026-03-05T12:47:22.000Z","SubsOrder","scheduled_delivery_time_id","","","","","","","","","ecf_scheduled_delivery_time_id__c","","","ecforce"
"005d5000004TiwDAAS","2026-02-19T12:13:16.000Z","a08RB00001EW4uBYAT","false","005d5000004TiwDAAS","2026-03-05T11:54:16.000Z","","","SubsOrder_order_free_columns","005d5000004TiwDAAS","2026-03-05T11:54:16.000Z","SubsOrder","order_free_columns","","","","","","",",","ecf_order_free_columns__c","","","","ecforce"
"005d5000004TiwDAAS","2026-02-19T12:13:16.000Z","a08RB00001EW4uCYAT","false","005d5000004TiwDAAS","2026-03-05T12:42:16.000Z","","","Order_pay_with_epos","005d5000004TiwDAAS","2026-03-05T12:42:16.000Z","Order","pay_with_epos","","","","","","","","","ecf_pay_with_epos__c","","","ecforce"
"005d5000004TiwDAAS","2026-02-19T12:13:16.000Z","a08RB00001EW4uGYAT","false","005d5000004TiwDAAS","2026-03-05T12:43:49.000Z","","","Order_campaigns","005d5000004TiwDAAS","2026-03-05T12:43:49.000Z","Order","campaigns","","","","","","",",","ecf_campaigns__c","","","","ecforce"
"005d5000004TiwDAAS","2026-02-19T12:13:16.000Z","a08RB00001EW4uHYAT","false","005d5000004TiwDAAS","2026-03-10T10:07:04.000Z","","","ShippingAddressForMultipleShipping_id","005d5000004TiwDAAS","2026-03-10T10:07:04.000Z","ShippingAddressForMultipleShipping","id","","","","","","","","ecf_id__c","","","","ecforce"
"005d5000004TiwDAAS","2026-02-19T12:13:16.000Z","a08RB00001EW4uIYAT","false","005d5000004TiwDAAS","2026-03-13T04:24:29.000Z","","","ShippingAddressForMultipleShipping_name01","005d5000004TiwDAAS","2026-03-13T04:24:29.000Z","ShippingAddressForMultipleShipping","name01","","","","","","","","ecf_name01__c","","","","ecforce"
"005d5000004TiwDAAS","2026-02-19T12:13:16.000Z","a08RB00001EW4uJYAT","false","005d5000004TiwDAAS","2026-03-13T04:24:29.000Z","","","ShippingAddressForMultipleShipping_name02","005d5000004TiwDAAS","2026-03-13T04:24:29.000Z","ShippingAddressForMultipleShipping","name02","","","","","","","","ecf_name02__c","","","","ecforce"
"005d5000004TiwDAAS","2026-02-19T12:13:16.000Z","a08RB00001EW4uKYAT","false","005d5000004TiwDAAS","2026-03-13T04:24:29.000Z","","","ShippingAddressForMultipleShipping_kana01","005d5000004TiwDAAS","2026-03-13T04:24:29.000Z","ShippingAddressForMultipleShipping","kana01","","","","","","","","ecf_kana01__c","","","","ecforce"
"005d5000004TiwDAAS","2026-02-19T12:13:16.000Z","a08RB00001EW4uLYAT","false","005d5000004TiwDAAS","2026-03-13T04:24:29.000Z","","","ShippingAddressForMultipleShipping_kana02","005d5000004TiwDAAS","2026-03-13T04:24:29.000Z","ShippingAddressForMultipleShipping","kana02","","","","","","","","ecf_kana02__c","","","","ecforce"
"005d5000004TiwDAAS","2026-02-19T12:13:16.000Z","a08RB00001EW4uMYAT","false","005d5000004TiwDAAS","2026-03-13T04:24:29.000Z","","","ShippingAddressForMultipleShipping_company_name","005d5000004TiwDAAS","2026-03-13T04:24:29.000Z","ShippingAddressForMultipleShipping","company_name","","","","","","","","ecf_company_name__c","","","","ecforce"
"005d5000004TiwDAAS","2026-02-19T12:13:16.000Z","a08RB00001EW4uNYAT","false","005d5000004TiwDAAS","2026-03-13T04:24:29.000Z","","","ShippingAddressForMultipleShipping_zip01","005d5000004TiwDAAS","2026-03-13T04:24:29.000Z","ShippingAddressForMultipleShipping","zip01","","","","","","","","ecf_zip01__c","","","","ecforce"
"005d5000004TiwDAAS","2026-02-19T12:13:16.000Z","a08RB00001EW4uOYAT","false","005d5000004TiwDAAS","2026-03-13T04:24:29.000Z","","","ShippingAddressForMultipleShipping_zip02","005d5000004TiwDAAS","2026-03-13T04:24:29.000Z","ShippingAddressForMultipleShipping","zip02","","","","","","","","ecf_zip02__c","","","","ecforce"
"005d5000004TiwDAAS","2026-02-19T12:13:17.000Z","a08RB00001EW4uPYAT","false","005d5000004TiwDAAS","2026-03-13T04:24:29.000Z","","","ShippingAddressForMultipleShipping_addr01","005d5000004TiwDAAS","2026-03-13T04:24:29.000Z","ShippingAddressForMultipleShipping","addr01","","","","","","","","ecf_addr01__c","","","","ecforce"
"005d5000004TiwDAAS","2026-02-19T12:13:17.000Z","a08RB00001EW4uQYAT","false","005d5000004TiwDAAS","2026-03-13T04:24:29.000Z","","","ShippingAddressForMultipleShipping_addr02","005d5000004TiwDAAS","2026-03-13T04:24:29.000Z","ShippingAddressForMultipleShipping","addr02","","","","","","","","ecf_addr02__c","","","","ecforce"
"005d5000004TiwDAAS","2026-02-19T12:13:17.000Z","a08RB00001EW4uRYAT","false","005d5000004TiwDAAS","2026-03-13T04:24:29.000Z","","","ShippingAddressForMultipleShipping_addr03","005d5000004TiwDAAS","2026-03-13T04:24:29.000Z","ShippingAddressForMultipleShipping","addr03","","","","","","","","ecf_addr03__c","","","","ecforce"
"005d5000004TiwDAAS","2026-02-19T12:13:17.000Z","a08RB00001EW4uSYAT","false","005d5000004TiwDAAS","2026-03-13T04:24:29.000Z","","","ShippingAddressForMultipleShipping_tel01","005d5000004TiwDAAS","2026-03-13T04:24:29.000Z","ShippingAddressForMultipleShipping","tel01","","","","","","","","ecf_tel01__c","","","","ecforce"
"005d5000004TiwDAAS","2026-02-19T12:13:17.000Z","a08RB00001EW4uTYAT","false","005d5000004TiwDAAS","2026-03-13T04:24:29.000Z","","","ShippingAddressForMultipleShipping_tel02","005d5000004TiwDAAS","2026-03-13T04:24:29.000Z","ShippingAddressForMultipleShipping","tel02","","","","","","","","ecf_tel02__c","","","","ecforce"
"005d5000004TiwDAAS","2026-02-19T12:13:17.000Z","a08RB00001EW4uUYAT","false","005d5000004TiwDAAS","2026-03-13T04:24:29.000Z","","","ShippingAddressForMultipleShipping_tel03","005d5000004TiwDAAS","2026-03-13T04:24:29.000Z","ShippingAddressForMultipleShipping","tel03","","","","","","","","ecf_tel03__c","","","","ecforce"
"005d5000004TiwDAAS","2026-02-19T12:13:17.000Z","a08RB00001EW4uVYAT","false","005d5000004TiwDAAS","2026-03-13T04:24:29.000Z","","","ShippingAddressForMultipleShipping_tel01_received","005d5000004TiwDAAS","2026-03-13T04:24:29.000Z","ShippingAddressForMultipleShipping","tel01_received","","","","","","","","ecf_tel01_received__c","","","","ecforce"
"005d5000004TiwDAAS","2026-02-19T12:13:17.000Z","a08RB00001EW4uWYAT","false","005d5000004TiwDAAS","2026-03-13T04:24:29.000Z","","","ShippingAddressForMultipleShipping_tel02_received","005d5000004TiwDAAS","2026-03-13T04:24:29.000Z","ShippingAddressForMultipleShipping","tel02_received","","","","","","","","ecf_tel02_received__c","","","","ecforce"
"005d5000004TiwDAAS","2026-02-19T12:13:17.000Z","a08RB00001EW4uXYAT","false","005d5000004TiwDAAS","2026-03-13T04:24:29.000Z","","","ShippingAddressForMultipleShipping_tel03_received","005d5000004TiwDAAS","2026-03-13T04:24:29.000Z","ShippingAddressForMultipleShipping","tel03_received","","","","","","","","ecf_tel03_received__c","","","","ecforce"
"005d5000004TiwDAAS","2026-02-19T12:13:17.000Z","a08RB00001EW4uYYAT","false","005d5000004TiwDAAS","2026-03-13T04:24:29.000Z","","","ShippingAddressForMultipleShipping_fax01","005d5000004TiwDAAS","2026-03-13T04:24:29.000Z","ShippingAddressForMultipleShipping","fax01","","","","","","","","ecf_fax01__c","","","","ecforce"
"005d5000004TiwDAAS","2026-02-19T12:13:17.000Z","a08RB00001EW4uZYAT","false","005d5000004TiwDAAS","2026-03-13T04:24:29.000Z","","","ShippingAddressForMultipleShipping_fax02","005d5000004TiwDAAS","2026-03-13T04:24:29.000Z","ShippingAddressForMultipleShipping","fax02","","","","","","","","ecf_fax02__c","","","","ecforce"
"005d5000004TiwDAAS","2026-02-19T12:13:17.000Z","a08RB00001EW4uaYAD","false","005d5000004TiwDAAS","2026-03-13T04:24:29.000Z","","","ShippingAddressForMultipleShipping_fax03","005d5000004TiwDAAS","2026-03-13T04:24:29.000Z","ShippingAddressForMultipleShipping","fax03","","","","","","","","ecf_fax03__c","","","","ecforce"
"005d5000004TiwDAAS","2026-02-19T12:13:17.000Z","a08RB00001EW4ubYAD","false","005d5000004TiwDAAS","2026-03-13T08:59:57.000Z","","","ShippingAddressForMultipleShipping_shipping_address_note","005d5000004TiwDAAS","2026-03-13T08:59:57.000Z","ShippingAddressForMultipleShipping","shipping_address_note","","","","","","","","ecf_shipping_address_note__c","","","","ecforce"
"005d5000004TiwDAAS","2026-02-19T12:13:17.000Z","a08RB00001EW4ucYAD","false","005d5000004TiwDAAS","2026-03-13T04:24:29.000Z","","","ShippingAddressForMultipleShipping_prefecture_id","005d5000004TiwDAAS","2026-03-13T04:24:29.000Z","ShippingAddressForMultipleShipping","prefecture_id","","","","","","","","ecf_prefecture_id__c","","","","ecforce"
"005d5000004TiwDAAS","2026-02-19T12:13:17.000Z","a08RB00001EW4udYAD","false","005d5000004TiwDAAS","2026-03-13T04:24:29.000Z","","","ShippingAddressForMultipleShipping_prefecture_name","005d5000004TiwDAAS","2026-03-13T04:24:29.000Z","ShippingAddressForMultipleShipping","prefecture_name","","","","","","","","ecf_prefecture_name__c","","","","ecforce"
"005d5000004TiwDAAS","2026-02-19T12:13:17.000Z","a08RB00001EW4ueYAD","false","005d5000004TiwDAAS","2026-03-13T04:25:55.000Z","","","ShippingAddressForMultipleShipping_full_name","005d5000004TiwDAAS","2026-03-13T04:25:55.000Z","ShippingAddressForMultipleShipping","full_name","","","","","","","","ecf_full_name__c","","","","ecforce"
"005d5000004TiwDAAS","2026-02-19T12:13:17.000Z","a08RB00001EW4ufYAD","false","005d5000004TiwDAAS","2026-03-13T04:25:55.000Z","","","ShippingAddressForMultipleShipping_full_kana","005d5000004TiwDAAS","2026-03-13T04:25:55.000Z","ShippingAddressForMultipleShipping","full_kana","","","","","","","","ecf_full_kana__c","","","","ecforce"
"005d5000004TiwDAAS","2026-02-19T12:13:17.000Z","a08RB00001EW4ugYAD","false","005d5000004TiwDAAS","2026-03-13T04:25:55.000Z","","","ShippingAddressForMultipleShipping_full_tel","005d5000004TiwDAAS","2026-03-13T04:25:55.000Z","ShippingAddressForMultipleShipping","full_tel","","","","","","","","ecf_full_tel__c","","","","ecforce"
"005d5000004TiwDAAS","2026-02-19T12:13:17.000Z","a08RB00001EW4uhYAD","false","005d5000004TiwDAAS","2026-03-13T04:25:55.000Z","","","ShippingAddressForMultipleShipping_full_fax","005d5000004TiwDAAS","2026-03-13T04:25:55.000Z","ShippingAddressForMultipleShipping","full_fax","","","","","","","","ecf_full_fax__c","","","","ecforce"
"005d5000004TiwDAAS","2026-02-19T12:13:17.000Z","a08RB00001EW4uiYAD","false","005d5000004TiwDAAS","2026-03-13T04:25:55.000Z","","","ShippingAddressForMultipleShipping_full_zip","005d5000004TiwDAAS","2026-03-13T04:25:55.000Z","ShippingAddressForMultipleShipping","full_zip","","","","","","","","ecf_full_zip__c","","","","ecforce"
"005d5000004TiwDAAS","2026-02-19T12:13:17.000Z","a08RB00001EW4ujYAD","false","005d5000004TiwDAAS","2026-03-13T04:25:55.000Z","","","ShippingAddressForMultipleShipping_full_address","005d5000004TiwDAAS","2026-03-13T04:25:55.000Z","ShippingAddressForMultipleShipping","full_address","","","","","","","","ecf_full_address__c","","","","ecforce"
"005d5000004TiwDAAS","2026-02-19T12:13:17.000Z","a08RB00001EW4ukYAD","false","005d5000004TiwDAAS","2026-03-13T04:25:55.000Z","","","ShippingAddressForMultipleShipping_full_address_with_space","005d5000004TiwDAAS","2026-03-13T04:25:55.000Z","ShippingAddressForMultipleShipping","full_address_with_space","","","","","","","","ecf_full_address_with_space__c","","","","ecforce"
"005d5000004TiwDAAS","2026-02-19T12:13:17.000Z","a08RB00001EW4ulYAD","false","005d5000004TiwDAAS","2026-03-13T04:25:55.000Z","","","ShippingAddressForMultipleShipping_created_at","005d5000004TiwDAAS","2026-03-13T04:25:55.000Z","ShippingAddressForMultipleShipping","created_at","","","","","","","","ecf_created_at__c","","","","ecforce"
"005d5000004TiwDAAS","2026-02-19T12:13:17.000Z","a08RB00001EW4umYAD","false","005d5000004TiwDAAS","2026-03-13T04:25:55.000Z","","","ShippingAddressForMultipleShipping_updated_at","005d5000004TiwDAAS","2026-03-13T04:25:55.000Z","ShippingAddressForMultipleShipping","updated_at","","","","","","","","ecf_updated_at__c","","","","ecforce"
"005d5000004TiwDAAS","2026-02-19T12:13:17.000Z","a08RB00001EW4unYAD","false","005d5000004TiwDAAS","2026-03-13T04:25:55.000Z","","","ShippingAddressForMultipleShipping_shipping_carrier_id","005d5000004TiwDAAS","2026-03-13T04:25:55.000Z","ShippingAddressForMultipleShipping","shipping_carrier_id","","","","","","","","ecf_shipping_carrier_id__c","","","","ecforce"
"005d5000004TiwDAAS","2026-02-19T12:13:17.000Z","a08RB00001EW4uoYAD","false","005d5000004TiwDAAS","2026-03-13T09:50:01.000Z","","","ShippingAddressForMultipleShipping_shipping_carrier_code","005d5000004TiwDAAS","2026-03-13T09:50:01.000Z","ShippingAddressForMultipleShipping","shipping_carrier_code","","","","","","","","ecf_shipping_carrier_code__c","","","","ecforce"
"005d5000004TiwDAAS","2026-02-19T12:13:17.000Z","a08RB00001EW4upYAD","false","005d5000004TiwDAAS","2026-03-13T04:25:55.000Z","","","ShippingAddressForMultipleShipping_shipping_carrier_name","005d5000004TiwDAAS","2026-03-13T04:25:55.000Z","ShippingAddressForMultipleShipping","shipping_carrier_name","","","","","","","","ecf_shipping_carrier_name__c","","","","ecforce"
"005d5000004TiwDAAS","2026-02-19T12:13:17.000Z","a08RB00001EW4uqYAD","false","005d5000004TiwDAAS","2026-03-13T04:25:55.000Z","","","ShippingAddressForMultipleShipping_shipping_slip","005d5000004TiwDAAS","2026-03-13T04:25:55.000Z","ShippingAddressForMultipleShipping","shipping_slip","","","","","","","","ecf_shipping_slip__c","","","","ecforce"
"005d5000004TiwDAAS","2026-02-19T12:13:17.000Z","a08RB00001EW4urYAD","false","005d5000004TiwDAAS","2026-03-13T04:25:55.000Z","","","ShippingAddressForMultipleShipping_picked_list","005d5000004TiwDAAS","2026-03-13T04:25:55.000Z","ShippingAddressForMultipleShipping","picked_list","","","","","","","","ecf_picked_list__c","","","","ecforce"
"005d5000004TiwDAAS","2026-02-19T12:13:17.000Z","a08RB00001EW4usYAD","false","005d5000004TiwDAAS","2026-03-13T04:25:55.000Z","","","ShippingAddressForMultipleShipping_picked_at","005d5000004TiwDAAS","2026-03-13T04:25:55.000Z","ShippingAddressForMultipleShipping","picked_at","","","","","","","","ecf_picked_at__c","","","","ecforce"
"005d5000004TiwDAAS","2026-02-19T12:13:17.000Z","a08RB00001EW4utYAD","false","005d5000004TiwDAAS","2026-03-13T04:25:55.000Z","","","ShippingAddressForMultipleShipping_scheduled_to_be_shipped_at","005d5000004TiwDAAS","2026-03-13T04:25:55.000Z","ShippingAddressForMultipleShipping","scheduled_to_be_shipped_at","","","","","","","","ecf_scheduled_to_be_shipped_at__c","","","","ecforce"
"005d5000004TiwDAAS","2026-02-19T12:13:17.000Z","a08RB00001EW4uuYAD","false","005d5000004TiwDAAS","2026-03-13T04:25:55.000Z","","","ShippingAddressForMultipleShipping_scheduled_to_be_delivered_at","005d5000004TiwDAAS","2026-03-13T04:25:55.000Z","ShippingAddressForMultipleShipping","scheduled_to_be_delivered_at","","","","","","","","ecf_scheduled_to_be_delivered_at__c","","","","ecforce"
"005d5000004TiwDAAS","2026-02-19T12:13:17.000Z","a08RB00001EW4uvYAD","false","005d5000004TiwDAAS","2026-03-13T04:25:55.000Z","","","ShippingAddressForMultipleShipping_scheduled_delivery_time","005d5000004TiwDAAS","2026-03-13T04:25:55.000Z","ShippingAddressForMultipleShipping","scheduled_delivery_time","","","","","","","","ecf_scheduled_delivery_time__c","","","","ecforce"
"005d5000004TiwDAAS","2026-02-19T12:13:17.000Z","a08RB00001EW4uwYAD","false","005d5000004TiwDAAS","2026-03-13T04:25:55.000Z","","","ShippingAddressForMultipleShipping_scheduled_delivery_time_code","005d5000004TiwDAAS","2026-03-13T04:25:55.000Z","ShippingAddressForMultipleShipping","scheduled_delivery_time_code","","","","","","","","ecf_scheduled_delivery_time_code__c","","","","ecforce"
"005d5000004TiwDAAS","2026-02-19T12:13:17.000Z","a08RB00001EW4uxYAD","false","005d5000004TiwDAAS","2026-03-13T04:25:55.000Z","","","ShippingAddressForMultipleShipping_scheduled_delivery_time_id","005d5000004TiwDAAS","2026-03-13T04:25:55.000Z","ShippingAddressForMultipleShipping","scheduled_delivery_time_id","","","","","","","","ecf_scheduled_delivery_time_id__c","","","","ecforce"
"005d5000004TiwDAAS","2026-02-19T12:13:17.000Z","a08RB00001EW4uyYAD","false","005d5000004TiwDAAS","2026-03-13T04:25:55.000Z","","","ShippingAddressForMultipleShipping_shipped_at","005d5000004TiwDAAS","2026-03-13T04:25:55.000Z","ShippingAddressForMultipleShipping","shipped_at","","","","","","","","ecf_shipped_at__c","","","","ecforce"
"005d5000004TiwDAAS","2026-02-19T12:13:17.000Z","a08RB00001EW4uzYAD","false","005d5000004TiwDAAS","2026-03-13T04:25:55.000Z","","","ShippingAddressForMultipleShipping_delivered_at","005d5000004TiwDAAS","2026-03-13T04:25:55.000Z","ShippingAddressForMultipleShipping","delivered_at","","","","","","","","ecf_delivered_at__c","","","","ecforce"
"005d5000004TiwDAAS","2026-02-19T12:13:17.000Z","a08RB00001EW4v0YAD","false","005d5000004TiwDAAS","2026-03-13T04:25:55.000Z","","","ShippingAddressForMultipleShipping_order_items","005d5000004TiwDAAS","2026-03-13T04:25:55.000Z","ShippingAddressForMultipleShipping","order_items","","","","","","",",","ecf_order_items__c","","","","ecforce"
"005d5000004TiwDAAS","2026-02-19T12:13:17.000Z","a08RB00001EW4v2YAD","false","005d5000004TiwDAAS","2026-03-10T10:07:04.000Z","","","Payment_id","005d5000004TiwDAAS","2026-03-10T10:07:04.000Z","Payment","id","","","","","","","","","","","","ecforce"
"005d5000004TiwDAAS","2026-02-19T12:13:17.000Z","a08RB00001EW4v3YAD","false","005d5000004TiwDAAS","2026-02-20T12:04:11.000Z","","","Payment_payment_method_id","005d5000004TiwDAAS","2026-02-20T12:04:11.000Z","Payment","payment_method_id","","","","","","","","","ecf_payment_method_id__c","","","ecforce"
"005d5000004TiwDAAS","2026-02-19T12:13:17.000Z","a08RB00001EW4v4YAD","false","005d5000004TiwDAAS","2026-02-20T12:04:11.000Z","","","Payment_payment_method_name","005d5000004TiwDAAS","2026-02-20T12:04:11.000Z","Payment","payment_method_name","","","","","","","","","ecf_payment_method_name__c","","","ecforce"
"005d5000004TiwDAAS","2026-02-19T12:13:17.000Z","a08RB00001EW4v5YAD","false","005d5000004TiwDAAS","2026-03-14T14:06:54.000Z","","","Payment_state","005d5000004TiwDAAS","2026-03-14T14:06:54.000Z","Payment","state","","","","","","","","","ecf_pay_state__c","","","ecforce"
"005d5000004TiwDAAS","2026-02-19T12:13:17.000Z","a08RB00001EW4v6YAD","false","005d5000004TiwDAAS","2026-03-14T14:06:54.000Z","","","Payment_human_state","005d5000004TiwDAAS","2026-03-14T14:06:54.000Z","Payment","human_state","","","","","","","","","ecf_pay_human_state__c","","","ecforce"
"005d5000004TiwDAAS","2026-02-19T12:13:17.000Z","a08RB00001EW4v7YAD","false","005d5000004TiwDAAS","2026-02-20T12:04:11.000Z","","","Payment_payment_times","005d5000004TiwDAAS","2026-02-20T12:04:11.000Z","Payment","payment_times","","","","","","","","","ecf_payment_times__c","","","ecforce"
"005d5000004TiwDAAS","2026-02-19T12:13:17.000Z","a08RB00001EW4v8YAD","false","005d5000004TiwDAAS","2026-02-20T12:04:11.000Z","","","Payment_amount","005d5000004TiwDAAS","2026-02-20T12:04:11.000Z","Payment","amount","","","","","","","","","ecf_amount__c","","","ecforce"
"005d5000004TiwDAAS","2026-02-19T12:13:17.000Z","a08RB00001EW4v9YAD","false","005d5000004TiwDAAS","2026-02-20T12:04:11.000Z","","","Payment_access_id","005d5000004TiwDAAS","2026-02-20T12:04:11.000Z","Payment","access_id","","","","","","","","","ecf_access_id__c","","","ecforce"
"005d5000004TiwDAAS","2026-02-19T12:13:17.000Z","a08RB00001EW4vAYAT","false","005d5000004TiwDAAS","2026-02-20T12:04:11.000Z","","","Payment_access_pass","005d5000004TiwDAAS","2026-02-20T12:04:11.000Z","Payment","access_pass","","","","","","","","","ecf_access_pass__c","","","ecforce"
"005d5000004TiwDAAS","2026-02-19T12:13:17.000Z","a08RB00001EW4vBYAT","false","005d5000004TiwDAAS","2026-02-20T12:04:11.000Z","","","Payment_authed_at","005d5000004TiwDAAS","2026-02-20T12:04:11.000Z","Payment","authed_at","","","","","","","","","ecf_authed_at__c","","","ecforce"
"005d5000004TiwDAAS","2026-02-19T12:13:17.000Z","a08RB00001EW4vCYAT","false","005d5000004TiwDAAS","2026-02-20T12:04:11.000Z","","","Payment_provider_authorize_id","005d5000004TiwDAAS","2026-02-20T12:04:11.000Z","Payment","provider_authorize_id","","","","","","","","","ecf_provider_authorize_id__c","","","ecforce"
"005d5000004TiwDAAS","2026-02-19T12:13:17.000Z","a08RB00001EW4vDYAT","false","005d5000004TiwDAAS","2026-03-16T14:46:50.000Z","","","Payment_completed_at","005d5000004TiwDAAS","2026-03-16T14:46:50.000Z","Payment","completed_at","","ecf_pay_completed_at__c","","","","","","","ecf_pay_completed_at__c","","","ecforce"
"005d5000004TiwDAAS","2026-02-19T12:13:17.000Z","a08RB00001EW4vEYAT","false","005d5000004TiwDAAS","2026-02-20T12:04:11.000Z","","","Payment_paid_at","005d5000004TiwDAAS","2026-02-20T12:04:11.000Z","Payment","paid_at","","","","","","","","","ecf_paid_at__c","","","ecforce"
"005d5000004TiwDAAS","2026-02-19T12:13:17.000Z","a08RB00001EW4vFYAT","false","005d5000004TiwDAAS","2026-02-20T12:04:11.000Z","","","Payment_voided_at","005d5000004TiwDAAS","2026-02-20T12:04:11.000Z","Payment","voided_at","","","","","","","","","ecf_voided_at__c","","","ecforce"
"005d5000004TiwDAAS","2026-02-19T12:13:17.000Z","a08RB00001EW4vGYAT","false","005d5000004TiwDAAS","2026-02-20T12:04:11.000Z","","","Payment_created_at","005d5000004TiwDAAS","2026-02-20T12:04:11.000Z","Payment","created_at","","","","","","","","","ecf_created_at__c","","","ecforce"
"005d5000004TiwDAAS","2026-02-19T12:13:17.000Z","a08RB00001EW4vHYAT","false","005d5000004TiwDAAS","2026-03-14T15:26:50.000Z","","","Payment_updated_at","005d5000004TiwDAAS","2026-03-14T15:26:50.000Z","Payment","updated_at","","","","","","","","","ecf_payment_updated_at__c","","","ecforce"
"005d5000004TiwDAAS","2026-02-19T12:13:17.000Z","a08RB00001EW4vIYAT","false","005d5000004TiwDAAS","2026-03-10T10:07:04.000Z","","","AmazonPayV2Transaction_id","005d5000004TiwDAAS","2026-03-10T10:07:04.000Z","AmazonPayV2Transaction","id","","","","","","","","","","","","ecforce"
"005d5000004TiwDAAS","2026-02-19T12:13:17.000Z","a08RB00001EW4vJYAT","false","005d5000004TiwDAAS","2026-02-20T12:05:57.000Z","","","AmazonPayV2Transaction_charge_permission_id","005d5000004TiwDAAS","2026-02-20T12:05:57.000Z","AmazonPayV2Transaction","charge_permission_id","","","","","","","","","ecf_charge_permission_id__c","","","ecforce"
"005d5000004TiwDAAS","2026-02-19T12:13:17.000Z","a08RB00001EW4vKYAT","false","005d5000004TiwDAAS","2026-03-10T10:07:04.000Z","","","atoneTransaction_id","005d5000004TiwDAAS","2026-03-10T10:07:04.000Z","AtoneTransaction","id","","","","","","","","","","","","ecforce"
"005d5000004TiwDAAS","2026-02-19T12:13:17.000Z","a08RB00001EW4vLYAT","false","005d5000004TiwDAAS","2026-03-10T10:07:04.000Z","","","PaidyTransaction_id","005d5000004TiwDAAS","2026-03-10T10:07:04.000Z","PaidyTransaction","id","","","","","","","","","","","","ecforce"
"005d5000004TiwDAAS","2026-02-19T12:13:17.000Z","a08RB00001EW4vMYAT","false","005d5000004TiwDAAS","2026-03-10T10:07:04.000Z","","","PayPalTransaction_id","005d5000004TiwDAAS","2026-03-10T10:07:04.000Z","PayPalTransaction","id","","","","","","","","","","","","ecforce"
"005d5000004TiwDAAS","2026-02-19T12:13:17.000Z","a08RB00001EW4vNYAT","false","005d5000004TiwDAAS","2026-03-10T10:07:04.000Z","","","SBPSCarrierTransaction_id","005d5000004TiwDAAS","2026-03-10T10:07:04.000Z","SBPSCarrierTransaction","id","","","","","","","","","","","","ecforce"
"005d5000004TiwDAAS","2026-02-19T12:13:17.000Z","a08RB00001EW4vOYAT","false","005d5000004TiwDAAS","2026-03-05T11:54:16.000Z","","","Order_order_free_columns","005d5000004TiwDAAS","2026-03-05T11:54:16.000Z","Order","order_free_columns","","","","","","",",","ecf_order_free_columns__c","","","","ecforce"
"005d5000004TiwDAAS","2026-03-05T10:54:20.000Z","a08RB00001GXV0KYAX","false","005d5000004TiwDAAS","2026-03-05T12:44:06.000Z","","","Order_scheduled_delivery_time_id","005d5000004TiwDAAS","2026-03-05T12:44:06.000Z","Order","scheduled_delivery_time_id","","","","","","","","","scheduled_delivery_time_id","","",""
"005d5000004TiwDAAS","2026-03-09T09:27:58.000Z","a08RB00001GzX5SYAV","false","005d5000004TiwDAAS","2026-03-09T09:27:58.000Z","","","Fixed_Order_CP","005d5000004TiwDAAS","2026-03-09T09:27:58.000Z","Fixed_CP","","","","","","","","キャンペーン","reismobj__DetailName__c","","","","ecforce"
"005d5000004TiwDAAS","2026-03-09T09:15:29.000Z","a08RB00001GzYuIYAV","false","005d5000004TiwDAAS","2026-03-09T09:15:29.000Z","","","Fixed_Account_CA","005d5000004TiwDAAS","2026-03-09T09:15:29.000Z","Fixed_CA","","reismobj__DetailName__c","","","","","","OneDColorAnswer","","","","","ecforce"
"005d5000004TiwDAAS","2026-03-09T09:13:45.000Z","a08RB00001GzfMKYAZ","false","005d5000004TiwDAAS","2026-03-09T09:13:45.000Z","","","Fixed_Account_NT","005d5000004TiwDAAS","2026-03-09T09:13:45.000Z","Fixed_NT","","reismobj__DetailName__c","","","","","","メモ情報","","","","","ecforce"
"005d5000004TiwDAAS","2026-03-09T09:28:19.000Z","a08RB00001Gzoz7YAB","false","005d5000004TiwDAAS","2026-03-09T09:28:19.000Z","","","Fixed_Order_AM","005d5000004TiwDAAS","2026-03-09T09:28:19.000Z","Fixed_AM","","","","","","","","複数配送先住所","reismobj__DetailName__c","","","","ecforce"
"005d5000004TiwDAAS","2026-03-09T09:27:31.000Z","a08RB00001Gzq9lYAB","false","005d5000004TiwDAAS","2026-03-09T09:27:31.000Z","","","Fixed_Order_FC","005d5000004TiwDAAS","2026-03-09T09:27:31.000Z","Fixed_FC","","","","","","","","受注自由項目","reismobj__DetailName__c","","","","ecforce"
"005d5000004TiwDAAS","2026-03-09T09:06:15.000Z","a08RB00001Gzy7FYAR","false","005d5000004TiwDAAS","2026-03-09T09:06:15.000Z","","","Fixed_Account_CV","005d5000004TiwDAAS","2026-03-09T09:06:15.000Z","Fixed_CV","","reismobj__DetailName__c","","","","","","顧客限定商品情報","","","","","ecforce"
"005d5000004TiwDAAS","2026-03-09T09:32:16.000Z","a08RB00001H01zZYAR","false","005d5000004TiwDAAS","2026-03-09T09:32:16.000Z","","","Fixed_OrderItem_GT","005d5000004TiwDAAS","2026-03-09T09:32:16.000Z","Fixed_GT","","","","","","","","ギフト対象情報","","","reismobj__DetailName__c","","ecforce"
"005d5000004TiwDAAS","2026-03-09T09:15:50.000Z","a08RB00001H05VQYAZ","false","005d5000004TiwDAAS","2026-03-09T09:15:50.000Z","","","Fixed_Account_AS","005d5000004TiwDAAS","2026-03-09T09:15:50.000Z","Fixed_AS","","reismobj__DetailName__c","","","","","","OneDColorAnswerScore","","","","","ecforce"
"005d5000004TiwDAAS","2026-03-09T09:31:23.000Z","a08RB00001H05v7YAB","false","005d5000004TiwDAAS","2026-03-09T09:31:23.000Z","","","Fixed_CatalogItem_TN","005d5000004TiwDAAS","2026-03-09T09:31:23.000Z","Fixed_TN","","","","reismobj__DetailName__c","","","","サムネイル情報","","","","","ecforce"
"005d5000004TiwDAAS","2026-03-09T09:28:40.000Z","a08RB00001H0Dz6YAF","false","005d5000004TiwDAAS","2026-03-09T09:28:40.000Z","","","Fixed_Order_NT","005d5000004TiwDAAS","2026-03-09T09:28:40.000Z","Fixed_NT","","","","","","","","メモ情報","reismobj__DetailName__c","","","","ecforce"
"005d5000004TiwDAAS","2026-03-09T09:14:08.000Z","a08RB00001H0YVeYAN","false","005d5000004TiwDAAS","2026-03-09T09:14:08.000Z","","","Fixed_Account_MG","005d5000004TiwDAAS","2026-03-09T09:14:08.000Z","Fixed_MG","","reismobj__DetailName__c","","","","","","会員グループ情報","","","","","ecforce"
"005d5000004TiwDAAS","2026-03-09T09:13:26.000Z","a08RB00001H0YgvYAF","false","005d5000004TiwDAAS","2026-03-09T09:13:26.000Z","","","Fixed_Account_PT","005d5000004TiwDAAS","2026-03-09T09:13:26.000Z","Fixed_PT","","reismobj__DetailName__c","","","","","","ポイント情報","","","","","ecforce"
"005d5000004TiwDAAS","2026-03-10T06:20:55.000Z","a08RB00001H9JNlYAN","false","005d5000004TiwDAAS","2026-03-16T13:44:37.000Z","","","Order_number2","005d5000004TiwDAAS","2026-03-16T13:44:37.000Z","Order","number 2","ecf_number__c","","","","","","","","ecf_number__c","","","ecforce"
"005d5000004TiwDAAS","2026-03-10T06:23:56.000Z","a08RB00001H9szlYAB","false","005d5000004TiwDAAS","2026-03-16T13:44:37.000Z","","","SubsOrder_number2","005d5000004TiwDAAS","2026-03-16T13:44:37.000Z","SubsOrder","number 2","ecf_number__c","","","","","","","","ecf_number__c","","","ecforce"
"005d5000004TiwDAAS","2026-03-16T06:43:07.000Z","a08RB00001I06AcYAJ","false","005d5000004TiwDAAS","2026-03-16T06:43:07.000Z","","","SubsOrder_subs_order_memo01","005d5000004TiwDAAS","2026-03-16T06:43:07.000Z","SubsOrder","subs_order_memo01","","","","","","","","","ecf_subs_order_memo01","","","ecforce"
"005d5000004TiwDAAS","2026-03-16T06:43:22.000Z","a08RB00001I0oZqYAJ","false","005d5000004TiwDAAS","2026-03-16T06:43:22.000Z","","","SubsOrder_subs_order_memo02","005d5000004TiwDAAS","2026-03-16T06:43:22.000Z","SubsOrder","subs_order_memo02","","","","","","","","","ecf_subs_order_memo02","","","ecforce"
"005d5000004TiwDAAS","2026-03-17T11:57:30.000Z","a08RB00001IFwM8YAL","false","005d5000004TiwDAAS","2026-03-17T11:57:30.000Z","","","Customer_last_digits","005d5000004TiwDAAS","2026-03-17T11:57:30.000Z","CreditCard","last_digits","ecf_last_digits__c","","","","","","","","","","","ecforce"
"005d5000004TiwDAAS","2026-03-17T11:51:56.000Z","a08RB00001IG8QCYA1","false","005d5000004TiwDAAS","2026-03-17T11:51:56.000Z","","","Fixed_Account_CC","005d5000004TiwDAAS","2026-03-17T11:51:56.000Z","Fixed_CC","","reismobj__DetailName__c","","","","","","クレジットカード","","","","","ecforce"
"005d5000004TiwDAAS","2026-03-24T15:03:26.000Z","a08RB00001JCvSKYA1","false","005d5000004TiwDAAS","2026-03-27T08:03:06.000Z","","","Note_operated_by","005d5000004TiwDAAS","2026-03-27T08:03:06.000Z","Note","operated_by","ecf_operated_by__c","","","","","","","ecf_operated_by__c","","","",""
