order_no,customer_no,order_source,order_date,order_amount,payment_method,order_type,order_status,shipping_fee,payment_status,mall_name,cancel_date,product_code,sku,product_name,product_name_canonical,unit_price,qty,category,cost_price
418951-20251126-0711240855,MALL_190622629,mall,2025/11/26 0:01:42,14040,クレジットカード,,完了,0,,楽天市場,,70169-00000054,P3_01,nmn サプリメント 日本製 9000mg (1包300mg) 30日分 P3 ヒカル 高純度99.9% サーチュイン 遺伝子 亜鉛 マルチビタミン DHA EPA L-シスチン 【公式】,nmn サプリメント 日本製 9000mg (1包300mg) 30日分 P3 ヒカル 高純度99.9% サーチュイン 遺伝子 亜鉛 マルチビタミン DHA EPA L-シスチン 【公式】,14040,1,,
418951-20251126-0476040980,MALL_190627381,mall,2025/11/26 0:23:58,14040,クレジットカード,,完了,0,,楽天市場,,70169-00000054,P3_01,nmn サプリメント 日本製 9000mg (1包300mg) 30日分 P3 ヒカル 高純度99.9% サーチュイン 遺伝子 亜鉛 マルチビタミン DHA EPA L-シスチン 【公式】,nmn サプリメント 日本製 9000mg (1包300mg) 30日分 P3 ヒカル 高純度99.9% サーチュイン 遺伝子 亜鉛 マルチビタミン DHA EPA L-シスチン 【公式】,14040,1,,
418951-20251126-0628240954,MALL_190630123,mall,2025/11/26 0:53:53,14040,コンビニ決済,,完了,0,,楽天市場,,70169-00000054,P3_01,nmn サプリメント 日本製 9000mg (1包300mg) 30日分 P3 ヒカル 高純度99.9% サーチュイン 遺伝子 亜鉛 マルチビタミン DHA EPA L-シスチン 【公式】,nmn サプリメント 日本製 9000mg (1包300mg) 30日分 P3 ヒカル 高純度99.9% サーチュイン 遺伝子 亜鉛 マルチビタミン DHA EPA L-シスチン 【公式】,14040,1,,
418951-20251126-3692773333,MALL_190633810,mall,2025/11/26 2:19:21,12636,クレジットカード,,完了,0,,楽天市場,,70169-00000054,P3_01,【定期購入】【1箱から継続中ずっと10％OFF】P3 NMNパーフェクトサプリメント1箱 ヒカル サプリ 日本製 9000mg (1包300mg) 30日分 高純度99.9% サーチュイン 遺伝子 亜鉛 マルチビタミン DHA EPA L-シスチン 【公式】,【定期購入】【1箱から継続中ずっと10％OFF】P3 NMNパーフェクトサプリメント1箱 ヒカル サプリ 日本製 9000mg (1包300mg) 30日分 高純度99.9% サーチュイン 遺伝子 亜鉛 マルチビタミン DHA EPA L-シスチン 【公式】,12636,1,,
418951-20251126-3692800976,MALL_190634408,mall,2025/11/26 2:40:28,12636,クレジットカード,,完了,0,,楽天市場,,70169-00000054,P3_01,nmn サプリメント 日本製 9000mg (1包300mg) 30日分 ヒカル P3 高純度99.9% サーチュイン 遺伝子 亜鉛 マルチビタミン DHA EPA L-シスチン 【公式】,nmn サプリメント 日本製 9000mg (1包300mg) 30日分 ヒカル P3 高純度99.9% サーチュイン 遺伝子 亜鉛 マルチビタミン DHA EPA L-シスチン 【公式】,12636,1,,
418951-20251126-3692801876,MALL_190634408,mall,2025/11/26 2:40:28,4276,クレジットカード,,完了,0,,楽天市場,,70169-00000163,p3_booster_01,P3 ブースターゼリー 1箱30包入り ヒカル P3 NMN 補給サポート ラクチュロースシロップ 菊の花エキス 植物性ナノ型乳酸菌 エクソソームプラセンタ 配合【公式】,P3 ブースターゼリー 1箱30包入り ヒカル P3 NMN 補給サポート ラクチュロースシロップ 菊の花エキス 植物性ナノ型乳酸菌 エクソソームプラセンタ 配合【公式】,4276,1,,
418951-20251126-3692801620,MALL_190634672,mall,2025/11/26 2:50:03,12636,クレジットカード,,完了,0,,楽天市場,,70169-00000054,P3_01,nmn サプリメント 日本製 9000mg (1包300mg) 30日分 ヒカル P3 高純度99.9% サーチュイン 遺伝子 亜鉛 マルチビタミン DHA EPA L-シスチン 【公式】,nmn サプリメント 日本製 9000mg (1包300mg) 30日分 ヒカル P3 高純度99.9% サーチュイン 遺伝子 亜鉛 マルチビタミン DHA EPA L-シスチン 【公式】,12636,1,,
418951-20251126-3692801619,MALL_190634673,mall,2025/11/26 2:50:03,12636,クレジットカード,,完了,0,,楽天市場,,70169-00000054,P3_01,nmn サプリメント 日本製 9000mg (1包300mg) 30日分 ヒカル P3 高純度99.9% サーチュイン 遺伝子 亜鉛 マルチビタミン DHA EPA L-シスチン 【公式】,nmn サプリメント 日本製 9000mg (1包300mg) 30日分 ヒカル P3 高純度99.9% サーチュイン 遺伝子 亜鉛 マルチビタミン DHA EPA L-シスチン 【公式】,12636,1,,
418951-20251126-3692801717,MALL_190634676,mall,2025/11/26 2:50:04,12636,クレジットカード,,完了,0,,楽天市場,,70169-00000054,P3_01,nmn サプリメント 日本製 9000mg (1包300mg) 30日分 ヒカル P3 高純度99.9% サーチュイン 遺伝子 亜鉛 マルチビタミン DHA EPA L-シスチン 【公式】,nmn サプリメント 日本製 9000mg (1包300mg) 30日分 ヒカル P3 高純度99.9% サーチュイン 遺伝子 亜鉛 マルチビタミン DHA EPA L-シスチン 【公式】,12636,1,,
418951-20251126-3692820409,MALL_190635508,mall,2025/11/26 3:28:22,12636,クレジットカード,,完了,0,,楽天市場,,70169-00000054,P3_01,nmn サプリメント 日本製 9000mg (1包300mg) 30日分 ヒカル P3 高純度99.9% サーチュイン 遺伝子 亜鉛 マルチビタミン DHA EPA L-シスチン 【公式】,nmn サプリメント 日本製 9000mg (1包300mg) 30日分 ヒカル P3 高純度99.9% サーチュイン 遺伝子 亜鉛 マルチビタミン DHA EPA L-シスチン 【公式】,12636,1,,
418951-20251126-3692832270,MALL_190636123,mall,2025/11/26 3:58:23,12636,クレジットカード,,完了,0,,楽天市場,,70169-00000054,P3_01,nmn サプリメント 日本製 9000mg (1包300mg) 30日分 P3 ヒカル 高純度99.9% サーチュイン 遺伝子 亜鉛 マルチビタミン DHA EPA L-シスチン 【公式】,nmn サプリメント 日本製 9000mg (1包300mg) 30日分 P3 ヒカル 高純度99.9% サーチュイン 遺伝子 亜鉛 マルチビタミン DHA EPA L-シスチン 【公式】,12636,1,,
418951-20251126-0851940840,MALL_190636992,mall,2025/11/26 4:55:21,14040,クレジットカード,,完了,0,,楽天市場,,70169-00000054,P3_01,nmn サプリメント 日本製 9000mg (1包300mg) 30日分 P3 ヒカル 高純度99.9% サーチュイン 遺伝子 亜鉛 マルチビタミン DHA EPA L-シスチン 【公式】,nmn サプリメント 日本製 9000mg (1包300mg) 30日分 P3 ヒカル 高純度99.9% サーチュイン 遺伝子 亜鉛 マルチビタミン DHA EPA L-シスチン 【公式】,14040,1,,
418951-20251126-0081341097,MALL_190639313,mall,2025/11/26 6:24:20,14040,クレジットカード,,完了,0,,楽天市場,,70169-00000054,P3_01,nmn サプリメント 日本製 9000mg (1包300mg) 30日分 P3 ヒカル 高純度99.9% サーチュイン 遺伝子 亜鉛 マルチビタミン DHA EPA L-シスチン 【公式】,nmn サプリメント 日本製 9000mg (1包300mg) 30日分 P3 ヒカル 高純度99.9% サーチュイン 遺伝子 亜鉛 マルチビタミン DHA EPA L-シスチン 【公式】,14040,1,,
418951-20251126-0545640984,MALL_190639373,mall,2025/11/26 6:25:40,14040,コンビニ決済,,完了,0,,楽天市場,,70169-00000054,P3_01,nmn サプリメント 日本製 9000mg (1包300mg) 30日分 P3 ヒカル 高純度99.9% サーチュイン 遺伝子 亜鉛 マルチビタミン DHA EPA L-シスチン 【公式】,nmn サプリメント 日本製 9000mg (1包300mg) 30日分 P3 ヒカル 高純度99.9% サーチュイン 遺伝子 亜鉛 マルチビタミン DHA EPA L-シスチン 【公式】,14040,1,,
418951-20251126-0941940735,MALL_190640193,mall,2025/11/26 6:42:55,14040,クレジットカード,,完了,0,,楽天市場,,70169-00000054,P3_01,nmn サプリメント 日本製 9000mg (1包300mg) 30日分 P3 ヒカル 高純度99.9% サーチュイン 遺伝子 亜鉛 マルチビタミン DHA EPA L-シスチン 【公式】,nmn サプリメント 日本製 9000mg (1包300mg) 30日分 P3 ヒカル 高純度99.9% サーチュイン 遺伝子 亜鉛 マルチビタミン DHA EPA L-シスチン 【公式】,14040,1,,
418951-20251126-0760340868,MALL_190640994,mall,2025/11/26 6:56:17,14040,クレジットカード,,完了,0,,楽天市場,,70169-00000054,P3_01,nmn サプリメント 日本製 9000mg (1包300mg) 30日分 P3 ヒカル 高純度99.9% サーチュイン 遺伝子 亜鉛 マルチビタミン DHA EPA L-シスチン 【公式】,nmn サプリメント 日本製 9000mg (1包300mg) 30日分 P3 ヒカル 高純度99.9% サーチュイン 遺伝子 亜鉛 マルチビタミン DHA EPA L-シスチン 【公式】,14040,1,,
418951-20251126-0054641137,MALL_190652347,mall,2025/11/26 8:55:11,14040,クレジットカード,,完了,0,,楽天市場,,70169-00000054,P3_01,nmn サプリメント 日本製 9000mg (1包300mg) 30日分 P3 ヒカル 高純度99.9% サーチュイン 遺伝子 亜鉛 マルチビタミン DHA EPA L-シスチン 【公式】,nmn サプリメント 日本製 9000mg (1包300mg) 30日分 P3 ヒカル 高純度99.9% サーチュイン 遺伝子 亜鉛 マルチビタミン DHA EPA L-シスチン 【公式】,14040,1,,
ladder-shop-10000186,MALL_190663993,mall,2025/11/26 10:44:01,12636,クレジットカード,,完了,0,,Yahoo!ショッピング,,70169-00000054,P3_01,P3 nmn サプリ メント 日本製 ヒカル｜公式 正規品｜ニコチンアミドモノヌクレオチド トランスレスベラトロール DHA EPA L-シスチン,P3 nmn サプリ メント 日本製 ヒカル｜公式 正規品｜ニコチンアミドモノヌクレオチド トランスレスベラトロール DHA EPA L-シスチン,12636,1,,
ladder-shop-10000187,MALL_190668196,mall,2025/11/26 11:13:44,37900,PayPay,,完了,0,,Yahoo!ショッピング,,70169-00000056,P3_3set,P3 サプリ nmn 日本製 お得3箱セット ヒカル｜公式 正規品｜ニコチンアミドモノヌクレオチド トランスレスベラトロール DHA EPA L-シスチン,P3 サプリ nmn 日本製 お得3箱セット ヒカル｜公式 正規品｜ニコチンアミドモノヌクレオチド トランスレスベラトロール DHA EPA L-シスチン,37900,1,,
ladder-shop-10000188,MALL_190670537,mall,2025/11/26 11:33:27,37900,PayPayあと払い,,完了,0,,Yahoo!ショッピング,,70169-00000056,P3_3set,P3 サプリ nmn 日本製 お得3箱セット ヒカル｜公式 正規品｜ニコチンアミドモノヌクレオチド トランスレスベラトロール DHA EPA L-シスチン,P3 サプリ nmn 日本製 お得3箱セット ヒカル｜公式 正規品｜ニコチンアミドモノヌクレオチド トランスレスベラトロール DHA EPA L-シスチン,37900,1,,
ladder-shop-10000189,MALL_190678804,mall,2025/11/26 12:33:38,14040,PayPayあと払い,,完了,0,,Yahoo!ショッピング,,70169-00000054,P3_01,P3 nmn サプリ メント 日本製 ヒカル｜公式 正規品｜ニコチンアミドモノヌクレオチド トランスレスベラトロール DHA EPA L-シスチン,P3 nmn サプリ メント 日本製 ヒカル｜公式 正規品｜ニコチンアミドモノヌクレオチド トランスレスベラトロール DHA EPA L-シスチン,14040,1,,
418951-20251126-0133241167,MALL_190702375,mall,2025/11/26 16:28:24,17800,クレジットカード,,完了,0,,楽天市場,,70169-00000178,P3_boosterset,nmn サプリメント 日本製 9000mg (1包300mg) 30日分 P3 ヒカル 高純度99.9% サーチュイン 遺伝子 亜鉛 マルチビタミン DHA EPA L-シスチン 【公式】,nmn サプリメント 日本製 9000mg (1包300mg) 30日分 P3 ヒカル 高純度99.9% サーチュイン 遺伝子 亜鉛 マルチビタミン DHA EPA L-シスチン 【公式】,17800,1,,
418951-20251126-0133241167,MALL_190702375,mall,2025/11/26 16:28:24,17800,クレジットカード,,完了,0,,楽天市場,,70169-00000178,P3_boosterset,nmn サプリメント 日本製 9000mg (1包300mg) 30日分 P3 ヒカル 高純度99.9% サーチュイン 遺伝子 亜鉛 マルチビタミン DHA EPA L-シスチン 【公式】,nmn サプリメント 日本製 9000mg (1包300mg) 30日分 P3 ヒカル 高純度99.9% サーチュイン 遺伝子 亜鉛 マルチビタミン DHA EPA L-シスチン 【公式】,17800,1,,
418951-20251126-0046641298,MALL_190715442,mall,2025/11/26 18:48:15,37900,クレジットカード,,完了,0,,楽天市場,,70169-00000056,P3_3set,NMNサプリメント 日本製 国産 9000mg (1包300mg) P3 お得3箱セット ヒカル 高純度99.9% サーチュイン 遺伝子 亜鉛 マルチビタミン DHA EPA L-シスチン 【公式】,NMNサプリメント 日本製 国産 9000mg (1包300mg) P3 お得3箱セット ヒカル 高純度99.9% サーチュイン 遺伝子 亜鉛 マルチビタミン DHA EPA L-シスチン 【公式】,37900,1,,
418951-20251126-0079141283,MALL_190719931,mall,2025/11/26 19:26:24,14040,クレジットカード,,完了,0,,楽天市場,,70169-00000054,P3_01,nmn サプリメント 日本製 9000mg (1包300mg) 30日分 P3 ヒカル 高純度99.9% サーチュイン 遺伝子 亜鉛 マルチビタミン DHA EPA L-シスチン 【公式】,nmn サプリメント 日本製 9000mg (1包300mg) 30日分 P3 ヒカル 高純度99.9% サーチュイン 遺伝子 亜鉛 マルチビタミン DHA EPA L-シスチン 【公式】,14040,1,,
418951-20251126-0128241298,MALL_190742386,mall,2025/11/26 21:30:34,14040,クレジットカード,,完了,0,,楽天市場,,70169-00000054,P3_01,nmn サプリメント 日本製 9000mg (1包300mg) 30日分 P3 ヒカル 高純度99.9% サーチュイン 遺伝子 亜鉛 マルチビタミン DHA EPA L-シスチン 【公式】,nmn サプリメント 日本製 9000mg (1包300mg) 30日分 P3 ヒカル 高純度99.9% サーチュイン 遺伝子 亜鉛 マルチビタミン DHA EPA L-シスチン 【公式】,14040,1,,
418951-20251126-0401341124,MALL_190759698,mall,2025/11/26 22:37:06,37900,クレジットカード,,完了,0,,楽天市場,,70169-00000056,P3_3set,NMNサプリメント 日本製 国産 9000mg (1包300mg) P3 お得3箱セット ヒカル 高純度99.9% サーチュイン 遺伝子 亜鉛 マルチビタミン DHA EPA L-シスチン 【公式】,NMNサプリメント 日本製 国産 9000mg (1包300mg) P3 お得3箱セット ヒカル 高純度99.9% サーチュイン 遺伝子 亜鉛 マルチビタミン DHA EPA L-シスチン 【公式】,37900,1,,
418951-20251126-0483241116,MALL_190764892,mall,2025/11/26 22:56:31,14040,クレジットカード,,完了,0,,楽天市場,,70169-00000054,P3_01,nmn サプリメント 日本製 9000mg (1包300mg) 30日分 P3 ヒカル 高純度99.9% サーチュイン 遺伝子 亜鉛 マルチビタミン DHA EPA L-シスチン 【公式】,nmn サプリメント 日本製 9000mg (1包300mg) 30日分 P3 ヒカル 高純度99.9% サーチュイン 遺伝子 亜鉛 マルチビタミン DHA EPA L-シスチン 【公式】,14040,1,,
418951-20251126-0439741124,MALL_190770473,mall,2025/11/26 23:18:19,14040,クレジットカード,,完了,0,,楽天市場,,70169-00000054,P3_01,nmn サプリメント 日本製 9000mg (1包300mg) 30日分 P3 ヒカル 高純度99.9% サーチュイン 遺伝子 亜鉛 マルチビタミン DHA EPA L-シスチン 【公式】,nmn サプリメント 日本製 9000mg (1包300mg) 30日分 P3 ヒカル 高純度99.9% サーチュイン 遺伝子 亜鉛 マルチビタミン DHA EPA L-シスチン 【公式】,14040,1,,
418951-20251126-0405241198,MALL_190780042,mall,2025/11/26 23:58:10,37900,クレジットカード,,完了,0,,楽天市場,,70169-00000056,P3_3set,NMNサプリメント 日本製 国産 9000mg (1包300mg) P3 お得3箱セット ヒカル 高純度99.9% サーチュイン 遺伝子 亜鉛 マルチビタミン DHA EPA L-シスチン 【公式】,NMNサプリメント 日本製 国産 9000mg (1包300mg) P3 お得3箱セット ヒカル 高純度99.9% サーチュイン 遺伝子 亜鉛 マルチビタミン DHA EPA L-シスチン 【公式】,37900,1,,
418951-20251126-0936440980,MALL_190780593,mall,2025/11/27 0:00:15,17800,クレジットカード,,完了,0,,楽天市場,,70169-00000178,P3_boosterset,nmn サプリメント 日本製 9000mg (1包300mg) 30日分 P3 ヒカル 高純度99.9% サーチュイン 遺伝子 亜鉛 マルチビタミン DHA EPA L-シスチン 【公式】,nmn サプリメント 日本製 9000mg (1包300mg) 30日分 P3 ヒカル 高純度99.9% サーチュイン 遺伝子 亜鉛 マルチビタミン DHA EPA L-シスチン 【公式】,17800,1,,
418951-20251126-0936440980,MALL_190780593,mall,2025/11/27 0:00:15,17800,クレジットカード,,完了,0,,楽天市場,,70169-00000178,P3_boosterset,nmn サプリメント 日本製 9000mg (1包300mg) 30日分 P3 ヒカル 高純度99.9% サーチュイン 遺伝子 亜鉛 マルチビタミン DHA EPA L-シスチン 【公式】,nmn サプリメント 日本製 9000mg (1包300mg) 30日分 P3 ヒカル 高純度99.9% サーチュイン 遺伝子 亜鉛 マルチビタミン DHA EPA L-シスチン 【公式】,17800,1,,
418951-20251127-0388641219,MALL_190782379,mall,2025/11/27 0:07:58,37900,クレジットカード,,完了,0,,楽天市場,,70169-00000056,P3_3set,NMNサプリメント 日本製 国産 9000mg (1包300mg) P3 お得3箱セット ヒカル 高純度99.9% サーチュイン 遺伝子 亜鉛 マルチビタミン DHA EPA L-シスチン 【公式】,NMNサプリメント 日本製 国産 9000mg (1包300mg) P3 お得3箱セット ヒカル 高純度99.9% サーチュイン 遺伝子 亜鉛 マルチビタミン DHA EPA L-シスチン 【公式】,37900,1,,
418951-20251127-0094441377,MALL_190788956,mall,2025/11/27 0:46:25,37900,クレジットカード,,完了,0,,楽天市場,,70169-00000056,P3_3set,NMNサプリメント 日本製 国産 9000mg (1包300mg) P3 お得3箱セット ヒカル 高純度99.9% サーチュイン 遺伝子 亜鉛 マルチビタミン DHA EPA L-シスチン 【公式】,NMNサプリメント 日本製 国産 9000mg (1包300mg) P3 お得3箱セット ヒカル 高純度99.9% サーチュイン 遺伝子 亜鉛 マルチビタミン DHA EPA L-シスチン 【公式】,37900,1,,
418951-20251127-0998140989,MALL_190792667,mall,2025/11/27 1:14:37,14040,クレジットカード,,完了,0,,楽天市場,,70169-00000054,P3_01,nmn サプリメント 日本製 9000mg (1包300mg) 30日分 P3 ヒカル 高純度99.9% サーチュイン 遺伝子 亜鉛 マルチビタミン DHA EPA L-シスチン 【公式】,nmn サプリメント 日本製 9000mg (1包300mg) 30日分 P3 ヒカル 高純度99.9% サーチュイン 遺伝子 亜鉛 マルチビタミン DHA EPA L-シスチン 【公式】,14040,1,,
418951-20251127-0329641290,MALL_190794778,mall,2025/11/27 1:34:16,17800,クレジットカード,,完了,0,,楽天市場,,70169-00000178,P3_boosterset,nmn サプリメント 日本製 9000mg (1包300mg) 30日分 P3 ヒカル 高純度99.9% サーチュイン 遺伝子 亜鉛 マルチビタミン DHA EPA L-シスチン 【公式】,nmn サプリメント 日本製 9000mg (1包300mg) 30日分 P3 ヒカル 高純度99.9% サーチュイン 遺伝子 亜鉛 マルチビタミン DHA EPA L-シスチン 【公式】,17800,1,,
418951-20251127-0329641290,MALL_190794778,mall,2025/11/27 1:34:16,17800,クレジットカード,,完了,0,,楽天市場,,70169-00000178,P3_boosterset,nmn サプリメント 日本製 9000mg (1包300mg) 30日分 P3 ヒカル 高純度99.9% サーチュイン 遺伝子 亜鉛 マルチビタミン DHA EPA L-シスチン 【公式】,nmn サプリメント 日本製 9000mg (1包300mg) 30日分 P3 ヒカル 高純度99.9% サーチュイン 遺伝子 亜鉛 マルチビタミン DHA EPA L-シスチン 【公式】,17800,1,,
418951-20251127-0449841176,MALL_190798234,mall,2025/11/27 2:00:56,73200,クレジットカード,,完了,0,,楽天市場,,70169-00000150,P3_6set,【まとめセット最大割引11;040円OFF】nmn サプリ 日本製 国産 サプリメント 9000mg (1包300mg) P3 お得6箱セット ヒカル 高純度99.9% サーチュイン 遺伝子 亜鉛 マルチビタミン DHA EPA L-シスチン 【公式】,【まとめセット最大割引11;040円OFF】nmn サプリ 日本製 国産 サプリメント 9000mg (1包300mg) P3 お得6箱セット ヒカル 高純度99.9% サーチュイン 遺伝子 亜鉛 マルチビタミン DHA EPA L-シスチン 【公式】,73200,1,,
418951-20251127-3695754590,MALL_190798719,mall,2025/11/27 2:19:31,12636,クレジットカード,,完了,0,,楽天市場,,70169-00000054,P3_01,【定期購入】【1箱から継続中ずっと10％OFF】P3 NMNパーフェクトサプリメント1箱 ヒカル サプリ 日本製 9000mg (1包300mg) 30日分 高純度99.9% サーチュイン 遺伝子 亜鉛 マルチビタミン DHA EPA L-シスチン 【公式】,【定期購入】【1箱から継続中ずっと10％OFF】P3 NMNパーフェクトサプリメント1箱 ヒカル サプリ 日本製 9000mg (1包300mg) 30日分 高純度99.9% サーチュイン 遺伝子 亜鉛 マルチビタミン DHA EPA L-シスチン 【公式】,12636,1,,
418951-20251127-3695763127,MALL_190799137,mall,2025/11/27 2:40:37,12636,後払い(楽天),,完了,0,,楽天市場,,70169-00000054,P3_01,nmn サプリメント 日本製 9000mg (1包300mg) 30日分 ヒカル P3 高純度99.9% サーチュイン 遺伝子 亜鉛 マルチビタミン DHA EPA L-シスチン 【公式】,nmn サプリメント 日本製 9000mg (1包300mg) 30日分 ヒカル P3 高純度99.9% サーチュイン 遺伝子 亜鉛 マルチビタミン DHA EPA L-シスチン 【公式】,12636,1,,
418951-20251127-3695763327,MALL_190799256,mall,2025/11/27 2:49:34,12636,クレジットカード,,完了,0,,楽天市場,,70169-00000054,P3_01,nmn サプリメント 日本製 9000mg (1包300mg) 30日分 ヒカル P3 高純度99.9% サーチュイン 遺伝子 亜鉛 マルチビタミン DHA EPA L-シスチン 【公式】,nmn サプリメント 日本製 9000mg (1包300mg) 30日分 ヒカル P3 高純度99.9% サーチュイン 遺伝子 亜鉛 マルチビタミン DHA EPA L-シスチン 【公式】,12636,1,,
418951-20251127-3695775963,MALL_190799657,mall,2025/11/27 3:19:34,12636,クレジットカード,,完了,0,,楽天市場,,70169-00000054,P3_01,nmn サプリメント 日本製 9000mg (1包300mg) 30日分 ヒカル P3 高純度99.9% サーチュイン 遺伝子 亜鉛 マルチビタミン DHA EPA L-シスチン 【公式】,nmn サプリメント 日本製 9000mg (1包300mg) 30日分 ヒカル P3 高純度99.9% サーチュイン 遺伝子 亜鉛 マルチビタミン DHA EPA L-シスチン 【公式】,12636,1,,
418951-20251127-3695776307,MALL_190800040,mall,2025/11/27 3:49:33,16762,クレジットカード,,完了,0,,楽天市場,,70169-00000178,P3_boosterset,nmn サプリメント 日本製 9000mg (1包300mg) 30日分 P3 ヒカル 高純度99.9% サーチュイン 遺伝子 亜鉛 マルチビタミン DHA EPA L-シスチン 【公式】,nmn サプリメント 日本製 9000mg (1包300mg) 30日分 P3 ヒカル 高純度99.9% サーチュイン 遺伝子 亜鉛 マルチビタミン DHA EPA L-シスチン 【公式】,16762,1,,
418951-20251127-3695776307,MALL_190800040,mall,2025/11/27 3:49:33,16762,クレジットカード,,完了,0,,楽天市場,,70169-00000178,P3_boosterset,nmn サプリメント 日本製 9000mg (1包300mg) 30日分 P3 ヒカル 高純度99.9% サーチュイン 遺伝子 亜鉛 マルチビタミン DHA EPA L-シスチン 【公式】,nmn サプリメント 日本製 9000mg (1包300mg) 30日分 P3 ヒカル 高純度99.9% サーチュイン 遺伝子 亜鉛 マルチビタミン DHA EPA L-シスチン 【公式】,16762,1,,
418951-20251127-3695776320,MALL_190800042,mall,2025/11/27 3:49:33,4276,クレジットカード,,完了,0,,楽天市場,,70169-00000163,p3_booster_01,P3 BOOSTER ブースターゼリー 1箱30包入り ヒカル P3 NMN 補給サポート 腸活 ルテオリン サプリ ラクチュロースシロップ 菊の花エキス 植物性ナノ型乳酸菌 エクソソームプラセンタ 配合【公式】,P3 BOOSTER ブースターゼリー 1箱30包入り ヒカル P3 NMN 補給サポート 腸活 ルテオリン サプリ ラクチュロースシロップ 菊の花エキス 植物性ナノ型乳酸菌 エクソソームプラセンタ 配合【公式】,4276,1,,
418951-20251127-3696160887,MALL_190825455,mall,2025/11/27 12:40:31,12636,クレジットカード,,完了,0,,楽天市場,,70169-00000054,P3_01,nmn サプリメント 日本製 9000mg (1包300mg) 30日分 P3 ヒカル 高純度99.9% サーチュイン 遺伝子 亜鉛 マルチビタミン DHA EPA L-シスチン 【公式】,nmn サプリメント 日本製 9000mg (1包300mg) 30日分 P3 ヒカル 高純度99.9% サーチュイン 遺伝子 亜鉛 マルチビタミン DHA EPA L-シスチン 【公式】,12636,1,,
418951-20251127-0297141445,MALL_190829759,mall,2025/11/27 13:46:12,14040,クレジットカード,,完了,0,,楽天市場,,70169-00000054,P3_01,nmn サプリメント 日本製 9000mg (1包300mg) 30日分 P3 ヒカル 高純度99.9% サーチュイン 遺伝子 亜鉛 マルチビタミン DHA EPA L-シスチン 【公式】,nmn サプリメント 日本製 9000mg (1包300mg) 30日分 P3 ヒカル 高純度99.9% サーチュイン 遺伝子 亜鉛 マルチビタミン DHA EPA L-シスチン 【公式】,14040,1,,
418951-20251127-0156141513,MALL_190839695,mall,2025/11/27 16:48:32,14040,クレジットカード,,完了,0,,楽天市場,,70169-00000054,P3_01,nmn サプリメント 日本製 9000mg (1包300mg) 30日分 P3 ヒカル 高純度99.9% サーチュイン 遺伝子 亜鉛 マルチビタミン DHA EPA L-シスチン 【公式】,nmn サプリメント 日本製 9000mg (1包300mg) 30日分 P3 ヒカル 高純度99.9% サーチュイン 遺伝子 亜鉛 マルチビタミン DHA EPA L-シスチン 【公式】,14040,1,,
418951-20251127-0164441598,MALL_190840611,mall,2025/11/27 17:06:07,14040,後払い(楽天),,完了,0,,楽天市場,,70169-00000054,P3_01,nmn サプリメント 日本製 9000mg (1包300mg) 30日分 P3 ヒカル 高純度99.9% サーチュイン 遺伝子 亜鉛 マルチビタミン DHA EPA L-シスチン 【公式】,nmn サプリメント 日本製 9000mg (1包300mg) 30日分 P3 ヒカル 高純度99.9% サーチュイン 遺伝子 亜鉛 マルチビタミン DHA EPA L-シスチン 【公式】,14040,1,,
418951-20251127-0329641585,MALL_190868226,mall,2025/11/27 23:15:50,37900,クレジットカード,,完了,0,,楽天市場,,70169-00000056,P3_3set,NMNサプリメント 日本製 国産 9000mg (1包300mg) P3 お得3箱セット ヒカル 高純度99.9% サーチュイン 遺伝子 亜鉛 マルチビタミン DHA EPA L-シスチン 【公式】,NMNサプリメント 日本製 国産 9000mg (1包300mg) P3 お得3箱セット ヒカル 高純度99.9% サーチュイン 遺伝子 亜鉛 マルチビタミン DHA EPA L-シスチン 【公式】,37900,1,,
418951-20251127-0335541432,MALL_190869889,mall,2025/11/27 23:39:26,14040,クレジットカード,,完了,0,,楽天市場,,70169-00000054,P3_01,nmn サプリメント 日本製 9000mg (1包300mg) 30日分 P3 ヒカル 高純度99.9% サーチュイン 遺伝子 亜鉛 マルチビタミン DHA EPA L-シスチン 【公式】,nmn サプリメント 日本製 9000mg (1包300mg) 30日分 P3 ヒカル 高純度99.9% サーチュイン 遺伝子 亜鉛 マルチビタミン DHA EPA L-シスチン 【公式】,14040,1,,
418951-20251128-3697004513,MALL_190875913,mall,2025/11/28 2:37:32,12636,クレジットカード,,完了,0,,楽天市場,,70169-00000054,P3_01,【定期購入】【1箱から継続中ずっと10％OFF】P3 NMNパーフェクトサプリメント1箱 ヒカル サプリ 日本製 9000mg (1包300mg) 30日分 高純度99.9% サーチュイン 遺伝子 亜鉛 マルチビタミン DHA EPA L-シスチン 【公式】,【定期購入】【1箱から継続中ずっと10％OFF】P3 NMNパーフェクトサプリメント1箱 ヒカル サプリ 日本製 9000mg (1包300mg) 30日分 高純度99.9% サーチュイン 遺伝子 亜鉛 マルチビタミン DHA EPA L-シスチン 【公式】,12636,1,,
418951-20251128-3697004614,MALL_190875937,mall,2025/11/28 2:40:32,12636,クレジットカード,,完了,0,,楽天市場,,70169-00000054,P3_01,nmn サプリメント 日本製 9000mg (1包300mg) 30日分 ヒカル P3 高純度99.9% サーチュイン 遺伝子 亜鉛 マルチビタミン DHA EPA L-シスチン 【公式】,nmn サプリメント 日本製 9000mg (1包300mg) 30日分 ヒカル P3 高純度99.9% サーチュイン 遺伝子 亜鉛 マルチビタミン DHA EPA L-シスチン 【公式】,12636,1,,
418951-20251128-3697011358,MALL_190876207,mall,2025/11/28 2:58:37,12636,クレジットカード,,完了,0,,楽天市場,,70169-00000054,P3_01,nmn サプリメント 日本製 9000mg (1包300mg) 30日分 ヒカル P3 高純度99.9% サーチュイン 遺伝子 亜鉛 マルチビタミン DHA EPA L-シスチン 【公式】,nmn サプリメント 日本製 9000mg (1包300mg) 30日分 ヒカル P3 高純度99.9% サーチュイン 遺伝子 亜鉛 マルチビタミン DHA EPA L-シスチン 【公式】,12636,1,,
418951-20251128-3697011706,MALL_190876309,mall,2025/11/28 3:07:32,12636,後払い(楽天),,完了,0,,楽天市場,,70169-00000054,P3_01,nmn サプリメント 日本製 9000mg (1包300mg) 30日分 ヒカル P3 高純度99.9% サーチュイン 遺伝子 亜鉛 マルチビタミン DHA EPA L-シスチン 【公式】,nmn サプリメント 日本製 9000mg (1包300mg) 30日分 ヒカル P3 高純度99.9% サーチュイン 遺伝子 亜鉛 マルチビタミン DHA EPA L-シスチン 【公式】,12636,1,,
418951-20251128-3697016088,MALL_190876481,mall,2025/11/28 3:19:38,12636,クレジットカード,,完了,0,,楽天市場,,70169-00000054,P3_01,nmn サプリメント 日本製 9000mg (1包300mg) 30日分 ヒカル P3 高純度99.9% サーチュイン 遺伝子 亜鉛 マルチビタミン DHA EPA L-シスチン 【公式】,nmn サプリメント 日本製 9000mg (1包300mg) 30日分 ヒカル P3 高純度99.9% サーチュイン 遺伝子 亜鉛 マルチビタミン DHA EPA L-シスチン 【公式】,12636,1,,
418951-20251128-3697016610,MALL_190876696,mall,2025/11/28 3:40:31,12636,クレジットカード,,完了,0,,楽天市場,,70169-00000054,P3_01,nmn サプリメント 日本製 9000mg (1包300mg) 30日分 ヒカル P3 高純度99.9% サーチュイン 遺伝子 亜鉛 マルチビタミン DHA EPA L-シスチン 【公式】,nmn サプリメント 日本製 9000mg (1包300mg) 30日分 ヒカル P3 高純度99.9% サーチュイン 遺伝子 亜鉛 マルチビタミン DHA EPA L-シスチン 【公式】,12636,1,,
418951-20251128-3697016618,MALL_190876697,mall,2025/11/28 3:40:31,12636,クレジットカード,,完了,0,,楽天市場,,70169-00000054,P3_01,nmn サプリメント 日本製 9000mg (1包300mg) 30日分 ヒカル P3 高純度99.9% サーチュイン 遺伝子 亜鉛 マルチビタミン DHA EPA L-シスチン 【公式】,nmn サプリメント 日本製 9000mg (1包300mg) 30日分 ヒカル P3 高純度99.9% サーチュイン 遺伝子 亜鉛 マルチビタミン DHA EPA L-シスチン 【公式】,12636,1,,
418951-20251128-3697022873,MALL_190876785,mall,2025/11/28 3:49:39,12636,クレジットカード,,完了,0,,楽天市場,,70169-00000054,P3_01,nmn サプリメント 日本製 9000mg (1包300mg) 30日分 P3 ヒカル 高純度99.9% サーチュイン 遺伝子 亜鉛 マルチビタミン DHA EPA L-シスチン 【公式】,nmn サプリメント 日本製 9000mg (1包300mg) 30日分 P3 ヒカル 高純度99.9% サーチュイン 遺伝子 亜鉛 マルチビタミン DHA EPA L-シスチン 【公式】,12636,1,,
418951-20251128-0203342042,MALL_190877868,mall,2025/11/28 5:49:55,14040,クレジットカード,,完了,0,,楽天市場,,70169-00000054,P3_01,nmn サプリメント 日本製 9000mg (1包300mg) 30日分 P3 ヒカル 高純度99.9% サーチュイン 遺伝子 亜鉛 マルチビタミン DHA EPA L-シスチン 【公式】,nmn サプリメント 日本製 9000mg (1包300mg) 30日分 P3 ヒカル 高純度99.9% サーチュイン 遺伝子 亜鉛 マルチビタミン DHA EPA L-シスチン 【公式】,14040,1,,
418951-20251128-0260941821,MALL_190885713,mall,2025/11/28 9:14:23,14040,クレジットカード,,完了,0,,楽天市場,,70169-00000054,P3_01,nmn サプリメント 日本製 9000mg (1包300mg) 30日分 P3 ヒカル 高純度99.9% サーチュイン 遺伝子 亜鉛 マルチビタミン DHA EPA L-シスチン 【公式】,nmn サプリメント 日本製 9000mg (1包300mg) 30日分 P3 ヒカル 高純度99.9% サーチュイン 遺伝子 亜鉛 マルチビタミン DHA EPA L-シスチン 【公式】,14040,1,,
ladder-shop-10000192,MALL_190890388,mall,2025/11/28 10:13:57,12636,クレジットカード,,完了,0,,Yahoo!ショッピング,,70169-00000054,P3_01,P3 nmn サプリ メント 日本製 ヒカル｜公式 正規品｜ニコチンアミドモノヌクレオチド トランスレスベラトロール DHA EPA L-シスチン,P3 nmn サプリ メント 日本製 ヒカル｜公式 正規品｜ニコチンアミドモノヌクレオチド トランスレスベラトロール DHA EPA L-シスチン,12636,1,,
418951-20251128-0284642033,MALL_190894807,mall,2025/11/28 11:17:16,17800,クレジットカード,,完了,0,,楽天市場,,70169-00000178,P3_boosterset,nmn サプリメント 日本製 9000mg (1包300mg) 30日分 P3 ヒカル 高純度99.9% サーチュイン 遺伝子 亜鉛 マルチビタミン DHA EPA L-シスチン 【公式】,nmn サプリメント 日本製 9000mg (1包300mg) 30日分 P3 ヒカル 高純度99.9% サーチュイン 遺伝子 亜鉛 マルチビタミン DHA EPA L-シスチン 【公式】,17800,1,,
418951-20251128-0284642033,MALL_190894807,mall,2025/11/28 11:17:16,17800,クレジットカード,,完了,0,,楽天市場,,70169-00000178,P3_boosterset,nmn サプリメント 日本製 9000mg (1包300mg) 30日分 P3 ヒカル 高純度99.9% サーチュイン 遺伝子 亜鉛 マルチビタミン DHA EPA L-シスチン 【公式】,nmn サプリメント 日本製 9000mg (1包300mg) 30日分 P3 ヒカル 高純度99.9% サーチュイン 遺伝子 亜鉛 マルチビタミン DHA EPA L-シスチン 【公式】,17800,1,,
ladder-shop-10000193,MALL_190901908,mall,2025/11/28 13:08:01,14040,PayPay,,完了,0,,Yahoo!ショッピング,,70169-00000054,P3_01,P3 nmn サプリ メント 日本製 ヒカル｜公式 正規品｜ニコチンアミドモノヌクレオチド トランスレスベラトロール DHA EPA L-シスチン,P3 nmn サプリ メント 日本製 ヒカル｜公式 正規品｜ニコチンアミドモノヌクレオチド トランスレスベラトロール DHA EPA L-シスチン,14040,1,,
ladder-shop-10000194,MALL_190907255,mall,2025/11/28 14:48:15,37900,PayPay,,完了,0,,Yahoo!ショッピング,,70169-00000056,P3_3set,P3 サプリ nmn 日本製 お得3箱セット ヒカル｜公式 正規品｜ニコチンアミドモノヌクレオチド トランスレスベラトロール DHA EPA L-シスチン,P3 サプリ nmn 日本製 お得3箱セット ヒカル｜公式 正規品｜ニコチンアミドモノヌクレオチド トランスレスベラトロール DHA EPA L-シスチン,37900,1,,
ladder-shop-10000195,MALL_190907741,mall,2025/11/28 14:58:07,14040,PayPay,,完了,0,,Yahoo!ショッピング,,70169-00000054,P3_01,P3 nmn サプリ メント 日本製 ヒカル｜公式 正規品｜ニコチンアミドモノヌクレオチド トランスレスベラトロール DHA EPA L-シスチン,P3 nmn サプリ メント 日本製 ヒカル｜公式 正規品｜ニコチンアミドモノヌクレオチド トランスレスベラトロール DHA EPA L-シスチン,14040,1,,
418951-20251128-0345041798,MALL_190918682,mall,2025/11/28 18:46:34,14040,クレジットカード,,完了,0,,楽天市場,,70169-00000054,P3_01,nmn サプリメント 日本製 9000mg (1包300mg) 30日分 P3 ヒカル 高純度99.9% サーチュイン 遺伝子 亜鉛 マルチビタミン DHA EPA L-シスチン 【公式】,nmn サプリメント 日本製 9000mg (1包300mg) 30日分 P3 ヒカル 高純度99.9% サーチュイン 遺伝子 亜鉛 マルチビタミン DHA EPA L-シスチン 【公式】,14040,1,,
418951-20251128-0404142060,MALL_190931470,mall,2025/11/28 22:05:34,37900,クレジットカード,,完了,0,,楽天市場,,70169-00000056,P3_3set,NMNサプリメント 日本製 国産 9000mg (1包300mg) P3 お得3箱セット ヒカル 高純度99.9% サーチュイン 遺伝子 亜鉛 マルチビタミン DHA EPA L-シスチン 【公式】,NMNサプリメント 日本製 国産 9000mg (1包300mg) P3 お得3箱セット ヒカル 高純度99.9% サーチュイン 遺伝子 亜鉛 マルチビタミン DHA EPA L-シスチン 【公式】,37900,1,,
418951-20251128-0366041740,MALL_190933031,mall,2025/11/28 22:26:55,14040,クレジットカード,,完了,0,,楽天市場,,70169-00000054,P3_01,nmn サプリメント 日本製 9000mg (1包300mg) 30日分 P3 ヒカル 高純度99.9% サーチュイン 遺伝子 亜鉛 マルチビタミン DHA EPA L-シスチン 【公式】,nmn サプリメント 日本製 9000mg (1包300mg) 30日分 P3 ヒカル 高純度99.9% サーチュイン 遺伝子 亜鉛 マルチビタミン DHA EPA L-シスチン 【公式】,14040,1,,
ladder-shop-10000197,MALL_190934594,mall,2025/11/28 22:49:24,26600,クレジットカード,,完了,0,,Yahoo!ショッピング,,70169-00000055,P3_2set,P3 サプリ nmn 日本製 お得2箱セット ヒカル｜公式 正規品｜ニコチンアミドモノヌクレオチド トランスレスベラトロール DHA EPA L-シスチン,P3 サプリ nmn 日本製 お得2箱セット ヒカル｜公式 正規品｜ニコチンアミドモノヌクレオチド トランスレスベラトロール DHA EPA L-シスチン,26600,1,,
418951-20251128-0426041671,MALL_190937911,mall,2025/11/28 23:41:56,42120,クレジットカード,,完了,0,,楽天市場,,70169-00000054,P3_01,nmn サプリメント 日本製 9000mg (1包300mg) 30日分 P3 ヒカル 高純度99.9% サーチュイン 遺伝子 亜鉛 マルチビタミン DHA EPA L-シスチン 【公式】,nmn サプリメント 日本製 9000mg (1包300mg) 30日分 P3 ヒカル 高純度99.9% サーチュイン 遺伝子 亜鉛 マルチビタミン DHA EPA L-シスチン 【公式】,14040,3,,
418951-20251128-0369142064,MALL_190938221,mall,2025/11/28 23:47:37,4752,クレジットカード,,完了,0,,楽天市場,,70169-00000163,p3_booster_01,P3 BOOSTER ブースターゼリー 1箱30包入り ヒカル P3 NMN 補給サポート 腸活 ルテオリン サプリ ラクチュロースシロップ 菊の花エキス 植物性ナノ型乳酸菌 エクソソームプラセンタ 配合【公式】,P3 BOOSTER ブースターゼリー 1箱30包入り ヒカル P3 NMN 補給サポート 腸活 ルテオリン サプリ ラクチュロースシロップ 菊の花エキス 植物性ナノ型乳酸菌 エクソソームプラセンタ 配合【公式】,4752,1,,
ladder-shop-10000198,MALL_190941083,mall,2025/11/29 0:58:11,12636,PayPayあと払い,,完了,0,,Yahoo!ショッピング,,70169-00000054,P3_01,P3 nmn サプリ メント 日本製 ヒカル｜公式 正規品｜ニコチンアミドモノヌクレオチド トランスレスベラトロール DHA EPA L-シスチン,P3 nmn サプリ メント 日本製 ヒカル｜公式 正規品｜ニコチンアミドモノヌクレオチド トランスレスベラトロール DHA EPA L-シスチン,12636,1,,
418951-20251129-3698092871,MALL_190942696,mall,2025/11/29 2:28:30,12636,クレジットカード,,完了,0,,楽天市場,,70169-00000054,P3_01,【定期購入】【1箱から継続中ずっと10％OFF】P3 NMNパーフェクトサプリメント1箱 ヒカル サプリ 日本製 9000mg (1包300mg) 30日分 高純度99.9% サーチュイン 遺伝子 亜鉛 マルチビタミン DHA EPA L-シスチン 【公式】,【定期購入】【1箱から継続中ずっと10％OFF】P3 NMNパーフェクトサプリメント1箱 ヒカル サプリ 日本製 9000mg (1包300mg) 30日分 高純度99.9% サーチュイン 遺伝子 亜鉛 マルチビタミン DHA EPA L-シスチン 【公式】,12636,1,,
418951-20251129-3698092900,MALL_190942697,mall,2025/11/29 2:28:31,12636,クレジットカード,,完了,0,,楽天市場,,70169-00000054,P3_01,【定期購入】【1箱から継続中ずっと10％OFF】P3 NMNパーフェクトサプリメント1箱 ヒカル サプリ 日本製 9000mg (1包300mg) 30日分 高純度99.9% サーチュイン 遺伝子 亜鉛 マルチビタミン DHA EPA L-シスチン 【公式】,【定期購入】【1箱から継続中ずっと10％OFF】P3 NMNパーフェクトサプリメント1箱 ヒカル サプリ 日本製 9000mg (1包300mg) 30日分 高純度99.9% サーチュイン 遺伝子 亜鉛 マルチビタミン DHA EPA L-シスチン 【公式】,12636,1,,
418951-20251129-3698092909,MALL_190942698,mall,2025/11/29 2:28:31,12636,クレジットカード,,完了,0,,楽天市場,,70169-00000054,P3_01,【定期購入】【1箱から継続中ずっと10％OFF】P3 NMNパーフェクトサプリメント1箱 ヒカル サプリ 日本製 9000mg (1包300mg) 30日分 高純度99.9% サーチュイン 遺伝子 亜鉛 マルチビタミン DHA EPA L-シスチン 【公式】,【定期購入】【1箱から継続中ずっと10％OFF】P3 NMNパーフェクトサプリメント1箱 ヒカル サプリ 日本製 9000mg (1包300mg) 30日分 高純度99.9% サーチュイン 遺伝子 亜鉛 マルチビタミン DHA EPA L-シスチン 【公式】,12636,1,,
418951-20251129-3698093368,MALL_190942900,mall,2025/11/29 2:38:08,12636,クレジットカード,,完了,0,,楽天市場,,70169-00000054,P3_01,nmn サプリメント 日本製 9000mg (1包300mg) 30日分 ヒカル P3 高純度99.9% サーチュイン 遺伝子 亜鉛 マルチビタミン DHA EPA L-シスチン 【公式】,nmn サプリメント 日本製 9000mg (1包300mg) 30日分 ヒカル P3 高純度99.9% サーチュイン 遺伝子 亜鉛 マルチビタミン DHA EPA L-シスチン 【公式】,12636,1,,
418951-20251129-3698093408,MALL_190942926,mall,2025/11/29 2:40:32,12636,クレジットカード,,完了,0,,楽天市場,,70169-00000054,P3_01,nmn サプリメント 日本製 9000mg (1包300mg) 30日分 ヒカル P3 高純度99.9% サーチュイン 遺伝子 亜鉛 マルチビタミン DHA EPA L-シスチン 【公式】,nmn サプリメント 日本製 9000mg (1包300mg) 30日分 ヒカル P3 高純度99.9% サーチュイン 遺伝子 亜鉛 マルチビタミン DHA EPA L-シスチン 【公式】,12636,1,,
418951-20251129-3698100193,MALL_190943422,mall,2025/11/29 3:19:38,12636,クレジットカード,,完了,0,,楽天市場,,70169-00000054,P3_01,nmn サプリメント 日本製 9000mg (1包300mg) 30日分 ヒカル P3 高純度99.9% サーチュイン 遺伝子 亜鉛 マルチビタミン DHA EPA L-シスチン 【公式】,nmn サプリメント 日本製 9000mg (1包300mg) 30日分 ヒカル P3 高純度99.9% サーチュイン 遺伝子 亜鉛 マルチビタミン DHA EPA L-シスチン 【公式】,12636,1,,
418951-20251129-3698100572,MALL_190943514,mall,2025/11/29 3:28:32,12636,クレジットカード,,完了,0,,楽天市場,,70169-00000054,P3_01,nmn サプリメント 日本製 9000mg (1包300mg) 30日分 ヒカル P3 高純度99.9% サーチュイン 遺伝子 亜鉛 マルチビタミン DHA EPA L-シスチン 【公式】,nmn サプリメント 日本製 9000mg (1包300mg) 30日分 ヒカル P3 高純度99.9% サーチュイン 遺伝子 亜鉛 マルチビタミン DHA EPA L-シスチン 【公式】,12636,1,,
418951-20251129-0383241899,MALL_190944499,mall,2025/11/29 5:35:59,14040,クレジットカード,,完了,0,,楽天市場,,70169-00000054,P3_01,nmn サプリメント 日本製 9000mg (1包300mg) 30日分 P3 ヒカル 高純度99.9% サーチュイン 遺伝子 亜鉛 マルチビタミン DHA EPA L-シスチン 【公式】,nmn サプリメント 日本製 9000mg (1包300mg) 30日分 P3 ヒカル 高純度99.9% サーチュイン 遺伝子 亜鉛 マルチビタミン DHA EPA L-シスチン 【公式】,14040,1,,
418951-20251129-0462441821,MALL_190959064,mall,2025/11/29 11:08:24,14040,クレジットカード,,完了,0,,楽天市場,,70169-00000054,P3_01,nmn サプリメント 日本製 9000mg (1包300mg) 30日分 P3 ヒカル 高純度99.9% サーチュイン 遺伝子 亜鉛 マルチビタミン DHA EPA L-シスチン 【公式】,nmn サプリメント 日本製 9000mg (1包300mg) 30日分 P3 ヒカル 高純度99.9% サーチュイン 遺伝子 亜鉛 マルチビタミン DHA EPA L-シスチン 【公式】,14040,1,,
418951-20251129-0473841796,MALL_190961998,mall,2025/11/29 11:54:44,14040,クレジットカード,,完了,0,,楽天市場,,70169-00000054,P3_01,nmn サプリメント 日本製 9000mg (1包300mg) 30日分 P3 ヒカル 高純度99.9% サーチュイン 遺伝子 亜鉛 マルチビタミン DHA EPA L-シスチン 【公式】,nmn サプリメント 日本製 9000mg (1包300mg) 30日分 P3 ヒカル 高純度99.9% サーチュイン 遺伝子 亜鉛 マルチビタミン DHA EPA L-シスチン 【公式】,14040,1,,
ladder-shop-10000199,MALL_190963992,mall,2025/11/29 12:27:59,25272,PayPayあと払い,,完了,0,,Yahoo!ショッピング,,70169-00000054,P3_01,P3 nmn サプリ メント 日本製 ヒカル｜公式 正規品｜ニコチンアミドモノヌクレオチド トランスレスベラトロール DHA EPA L-シスチン,P3 nmn サプリ メント 日本製 ヒカル｜公式 正規品｜ニコチンアミドモノヌクレオチド トランスレスベラトロール DHA EPA L-シスチン,12636,2,,
418951-20251129-0526741777,MALL_190987082,mall,2025/11/29 19:02:21,14040,後払い(楽天),,完了,0,,楽天市場,,70169-00000054,P3_01,nmn サプリメント 日本製 9000mg (1包300mg) 30日分 P3 ヒカル 高純度99.9% サーチュイン 遺伝子 亜鉛 マルチビタミン DHA EPA L-シスチン 【公式】,nmn サプリメント 日本製 9000mg (1包300mg) 30日分 P3 ヒカル 高純度99.9% サーチュイン 遺伝子 亜鉛 マルチビタミン DHA EPA L-シスチン 【公式】,14040,1,,
ladder-shop-10000201,MALL_190988771,mall,2025/11/29 19:29:24,37900,PayPay,,完了,0,,Yahoo!ショッピング,,70169-00000056,P3_3set,P3 サプリ nmn 日本製 お得3箱セット ヒカル｜公式 正規品｜ニコチンアミドモノヌクレオチド トランスレスベラトロール DHA EPA L-シスチン,P3 サプリ nmn 日本製 お得3箱セット ヒカル｜公式 正規品｜ニコチンアミドモノヌクレオチド トランスレスベラトロール DHA EPA L-シスチン,37900,1,,
418951-20251129-0580441977,MALL_190992618,mall,2025/11/29 20:24:00,14040,コンビニ決済,,完了,0,,楽天市場,,70169-00000054,P3_01,nmn サプリメント 日本製 9000mg (1包300mg) 30日分 P3 ヒカル 高純度99.9% サーチュイン 遺伝子 亜鉛 マルチビタミン DHA EPA L-シスチン 【公式】,nmn サプリメント 日本製 9000mg (1包300mg) 30日分 P3 ヒカル 高純度99.9% サーチュイン 遺伝子 亜鉛 マルチビタミン DHA EPA L-シスチン 【公式】,14040,1,,
418951-20251129-3698899701,MALL_190994836,mall,2025/11/29 20:52:39,12636,クレジットカード,,完了,0,,楽天市場,,70169-00000054,P3_01,nmn サプリメント 日本製 9000mg (1包300mg) 30日分 P3 ヒカル 高純度99.9% サーチュイン 遺伝子 亜鉛 マルチビタミン DHA EPA L-シスチン 【公式】,nmn サプリメント 日本製 9000mg (1包300mg) 30日分 P3 ヒカル 高純度99.9% サーチュイン 遺伝子 亜鉛 マルチビタミン DHA EPA L-シスチン 【公式】,12636,1,,
ladder-shop-10000202,MALL_190995874,mall,2025/11/29 21:03:55,17800,PayPay,,完了,0,,Yahoo!ショッピング,,70169-00000178,P3_boosterset,P3 サプリ＆ BOOSTER お買い得セット各1箱 nmn サプリメント 日本製 ヒカル｜公式 正規品｜,P3 サプリ＆ BOOSTER お買い得セット各1箱 nmn サプリメント 日本製 ヒカル｜公式 正規品｜,17800,1,,
ladder-shop-10000202,MALL_190995874,mall,2025/11/29 21:03:55,17800,PayPay,,完了,0,,Yahoo!ショッピング,,70169-00000178,P3_boosterset,P3 サプリ＆ BOOSTER お買い得セット各1箱 nmn サプリメント 日本製 ヒカル｜公式 正規品｜,P3 サプリ＆ BOOSTER お買い得セット各1箱 nmn サプリメント 日本製 ヒカル｜公式 正規品｜,17800,1,,
418951-20251129-0663341999,MALL_191005372,mall,2025/11/29 22:59:41,14040,クレジットカード,,完了,0,,楽天市場,,70169-00000054,P3_01,nmn サプリメント 日本製 9000mg (1包300mg) 30日分 P3 ヒカル 高純度99.9% サーチュイン 遺伝子 亜鉛 マルチビタミン DHA EPA L-シスチン 【公式】,nmn サプリメント 日本製 9000mg (1包300mg) 30日分 P3 ヒカル 高純度99.9% サーチュイン 遺伝子 亜鉛 マルチビタミン DHA EPA L-シスチン 【公式】,14040,1,,
418951-20251130-3699261011,MALL_191016405,mall,2025/11/30 2:19:33,12636,クレジットカード,,完了,0,,楽天市場,,70169-00000054,P3_01,【定期購入】【1箱から継続中ずっと10％OFF】P3 NMNパーフェクトサプリメント1箱 ヒカル サプリ 日本製 9000mg (1包300mg) 30日分 高純度99.9% サーチュイン 遺伝子 亜鉛 マルチビタミン DHA EPA L-シスチン 【公式】,【定期購入】【1箱から継続中ずっと10％OFF】P3 NMNパーフェクトサプリメント1箱 ヒカル サプリ 日本製 9000mg (1包300mg) 30日分 高純度99.9% サーチュイン 遺伝子 亜鉛 マルチビタミン DHA EPA L-シスチン 【公式】,12636,1,,
418951-20251130-3699261635,MALL_191016645,mall,2025/11/30 2:28:31,12636,クレジットカード,,完了,0,,楽天市場,,70169-00000054,P3_01,【定期購入】【1箱から継続中ずっと10％OFF】P3 NMNパーフェクトサプリメント1箱 ヒカル サプリ 日本製 9000mg (1包300mg) 30日分 高純度99.9% サーチュイン 遺伝子 亜鉛 マルチビタミン DHA EPA L-シスチン 【公式】,【定期購入】【1箱から継続中ずっと10％OFF】P3 NMNパーフェクトサプリメント1箱 ヒカル サプリ 日本製 9000mg (1包300mg) 30日分 高純度99.9% サーチュイン 遺伝子 亜鉛 マルチビタミン DHA EPA L-シスチン 【公式】,12636,1,,
418951-20251130-3699273713,MALL_191017473,mall,2025/11/30 3:07:32,12636,クレジットカード,,完了,0,,楽天市場,,70169-00000054,P3_01,nmn サプリメント 日本製 9000mg (1包300mg) 30日分 ヒカル P3 高純度99.9% サーチュイン 遺伝子 亜鉛 マルチビタミン DHA EPA L-シスチン 【公式】,nmn サプリメント 日本製 9000mg (1包300mg) 30日分 ヒカル P3 高純度99.9% サーチュイン 遺伝子 亜鉛 マルチビタミン DHA EPA L-シスチン 【公式】,12636,1,,
418951-20251130-3699280169,MALL_191017643,mall,2025/11/30 3:19:34,12636,クレジットカード,,完了,0,,楽天市場,,70169-00000054,P3_01,nmn サプリメント 日本製 9000mg (1包300mg) 30日分 ヒカル P3 高純度99.9% サーチュイン 遺伝子 亜鉛 マルチビタミン DHA EPA L-シスチン 【公式】,nmn サプリメント 日本製 9000mg (1包300mg) 30日分 ヒカル P3 高純度99.9% サーチュイン 遺伝子 亜鉛 マルチビタミン DHA EPA L-シスチン 【公式】,12636,1,,
418951-20251130-3699287180,MALL_191018013,mall,2025/11/30 3:40:33,12636,クレジットカード,,完了,0,,楽天市場,,70169-00000054,P3_01,nmn サプリメント 日本製 9000mg (1包300mg) 30日分 ヒカル P3 高純度99.9% サーチュイン 遺伝子 亜鉛 マルチビタミン DHA EPA L-シスチン 【公式】,nmn サプリメント 日本製 9000mg (1包300mg) 30日分 ヒカル P3 高純度99.9% サーチュイン 遺伝子 亜鉛 マルチビタミン DHA EPA L-シスチン 【公式】,12636,1,,
418951-20251130-3699287690,MALL_191018097,mall,2025/11/30 3:49:33,12636,クレジットカード,,完了,0,,楽天市場,,70169-00000054,P3_01,nmn サプリメント 日本製 9000mg (1包300mg) 30日分 ヒカル P3 高純度99.9% サーチュイン 遺伝子 亜鉛 マルチビタミン DHA EPA L-シスチン 【公式】,nmn サプリメント 日本製 9000mg (1包300mg) 30日分 ヒカル P3 高純度99.9% サーチュイン 遺伝子 亜鉛 マルチビタミン DHA EPA L-シスチン 【公式】,12636,1,,
418951-20251130-0620341822,MALL_191020871,mall,2025/11/30 6:45:39,37900,クレジットカード,,完了,0,,楽天市場,,70169-00000056,P3_3set,NMNサプリメント 日本製 国産 9000mg (1包300mg) P3 お得3箱セット ヒカル 高純度99.9% サーチュイン 遺伝子 亜鉛 マルチビタミン DHA EPA L-シスチン 【公式】,NMNサプリメント 日本製 国産 9000mg (1包300mg) P3 お得3箱セット ヒカル 高純度99.9% サーチュイン 遺伝子 亜鉛 マルチビタミン DHA EPA L-シスチン 【公式】,37900,1,,
418951-20251130-0728741806,MALL_191038181,mall,2025/11/30 10:39:17,17800,クレジットカード,,完了,0,,楽天市場,,70169-00000178,P3_boosterset,nmn サプリメント 日本製 9000mg (1包300mg) 30日分 P3 ヒカル 高純度99.9% サーチュイン 遺伝子 亜鉛 マルチビタミン DHA EPA L-シスチン 【公式】,nmn サプリメント 日本製 9000mg (1包300mg) 30日分 P3 ヒカル 高純度99.9% サーチュイン 遺伝子 亜鉛 マルチビタミン DHA EPA L-シスチン 【公式】,17800,1,,
418951-20251130-0728741806,MALL_191038181,mall,2025/11/30 10:39:17,17800,クレジットカード,,完了,0,,楽天市場,,70169-00000178,P3_boosterset,nmn サプリメント 日本製 9000mg (1包300mg) 30日分 P3 ヒカル 高純度99.9% サーチュイン 遺伝子 亜鉛 マルチビタミン DHA EPA L-シスチン 【公式】,nmn サプリメント 日本製 9000mg (1包300mg) 30日分 P3 ヒカル 高純度99.9% サーチュイン 遺伝子 亜鉛 マルチビタミン DHA EPA L-シスチン 【公式】,17800,1,,
418951-20251130-0720541834,MALL_191041813,mall,2025/11/30 11:14:10,14040,クレジットカード,,完了,0,,楽天市場,,70169-00000054,P3_01,nmn サプリメント 日本製 9000mg (1包300mg) 30日分 P3 ヒカル 高純度99.9% サーチュイン 遺伝子 亜鉛 マルチビタミン DHA EPA L-シスチン 【公式】,nmn サプリメント 日本製 9000mg (1包300mg) 30日分 P3 ヒカル 高純度99.9% サーチュイン 遺伝子 亜鉛 マルチビタミン DHA EPA L-シスチン 【公式】,14040,1,,
ladder-shop-10000204,MALL_191042932,mall,2025/11/30 11:21:04,14040,PayPay,,完了,0,,Yahoo!ショッピング,,70169-00000054,P3_01,P3 nmn サプリ メント 日本製 ヒカル｜公式 正規品｜ニコチンアミドモノヌクレオチド トランスレスベラトロール DHA EPA L-シスチン,P3 nmn サプリ メント 日本製 ヒカル｜公式 正規品｜ニコチンアミドモノヌクレオチド トランスレスベラトロール DHA EPA L-シスチン,14040,1,,
418951-20251130-0652541966,MALL_191051199,mall,2025/11/30 12:30:02,14040,クレジットカード,,完了,0,,楽天市場,,70169-00000054,P3_01,nmn サプリメント 日本製 9000mg (1包300mg) 30日分 P3 ヒカル 高純度99.9% サーチュイン 遺伝子 亜鉛 マルチビタミン DHA EPA L-シスチン 【公式】,nmn サプリメント 日本製 9000mg (1包300mg) 30日分 P3 ヒカル 高純度99.9% サーチュイン 遺伝子 亜鉛 マルチビタミン DHA EPA L-シスチン 【公式】,14040,1,,
418951-20251130-0750241805,MALL_191053717,mall,2025/11/30 12:57:40,14040,クレジットカード,,完了,0,,楽天市場,,70169-00000054,P3_01,nmn サプリメント 日本製 9000mg (1包300mg) 30日分 P3 ヒカル 高純度99.9% サーチュイン 遺伝子 亜鉛 マルチビタミン DHA EPA L-シスチン 【公式】,nmn サプリメント 日本製 9000mg (1包300mg) 30日分 P3 ヒカル 高純度99.9% サーチュイン 遺伝子 亜鉛 マルチビタミン DHA EPA L-シスチン 【公式】,14040,1,,
ladder-shop-10000206,MALL_191061172,mall,2025/11/30 14:15:25,14040,クレジットカード,,完了,0,,Yahoo!ショッピング,,70169-00000054,P3_01,P3 nmn サプリ メント 日本製 ヒカル｜公式 正規品｜ニコチンアミドモノヌクレオチド トランスレスベラトロール DHA EPA L-シスチン,P3 nmn サプリ メント 日本製 ヒカル｜公式 正規品｜ニコチンアミドモノヌクレオチド トランスレスベラトロール DHA EPA L-シスチン,14040,1,,
418951-20251130-0781242073,MALL_191063611,mall,2025/11/30 14:40:28,14040,クレジットカード,,完了,0,,楽天市場,,70169-00000054,P3_01,nmn サプリメント 日本製 9000mg (1包300mg) 30日分 P3 ヒカル 高純度99.9% サーチュイン 遺伝子 亜鉛 マルチビタミン DHA EPA L-シスチン 【公式】,nmn サプリメント 日本製 9000mg (1包300mg) 30日分 P3 ヒカル 高純度99.9% サーチュイン 遺伝子 亜鉛 マルチビタミン DHA EPA L-シスチン 【公式】,14040,1,,
418951-20251130-0721242061,MALL_191066895,mall,2025/11/30 15:14:44,37900,クレジットカード,,完了,0,,楽天市場,,70169-00000056,P3_3set,NMNサプリメント 日本製 国産 9000mg (1包300mg) P3 お得3箱セット ヒカル 高純度99.9% サーチュイン 遺伝子 亜鉛 マルチビタミン DHA EPA L-シスチン 【公式】,NMNサプリメント 日本製 国産 9000mg (1包300mg) P3 お得3箱セット ヒカル 高純度99.9% サーチュイン 遺伝子 亜鉛 マルチビタミン DHA EPA L-シスチン 【公式】,37900,1,,
418951-20251130-3700207862,MALL_191073617,mall,2025/11/30 16:26:08,12636,クレジットカード,,完了,0,,楽天市場,,70169-00000054,P3_01,nmn サプリメント 日本製 9000mg (1包300mg) 30日分 P3 ヒカル 高純度99.9% サーチュイン 遺伝子 亜鉛 マルチビタミン DHA EPA L-シスチン 【公式】,nmn サプリメント 日本製 9000mg (1包300mg) 30日分 P3 ヒカル 高純度99.9% サーチュイン 遺伝子 亜鉛 マルチビタミン DHA EPA L-シスチン 【公式】,12636,1,,
418951-20251130-0727841965,MALL_191075182,mall,2025/11/30 16:41:42,14040,クレジットカード,,完了,0,,楽天市場,,70169-00000054,P3_01,nmn サプリメント 日本製 9000mg (1包300mg) 30日分 P3 ヒカル 高純度99.9% サーチュイン 遺伝子 亜鉛 マルチビタミン DHA EPA L-シスチン 【公式】,nmn サプリメント 日本製 9000mg (1包300mg) 30日分 P3 ヒカル 高純度99.9% サーチュイン 遺伝子 亜鉛 マルチビタミン DHA EPA L-シスチン 【公式】,14040,1,,
418951-20251130-0769041948,MALL_191090413,mall,2025/11/30 18:58:33,14040,クレジットカード,,完了,0,,楽天市場,,70169-00000054,P3_01,nmn サプリメント 日本製 9000mg (1包300mg) 30日分 P3 ヒカル 高純度99.9% サーチュイン 遺伝子 亜鉛 マルチビタミン DHA EPA L-シスチン 【公式】,nmn サプリメント 日本製 9000mg (1包300mg) 30日分 P3 ヒカル 高純度99.9% サーチュイン 遺伝子 亜鉛 マルチビタミン DHA EPA L-シスチン 【公式】,14040,1,,
418951-20251130-0887441986,MALL_191091030,mall,2025/11/30 19:03:48,75800,クレジットカード,,完了,0,,楽天市場,,70169-00000056,P3_3set,NMNサプリメント 日本製 国産 9000mg (1包300mg) P3 お得3箱セット ヒカル 高純度99.9% サーチュイン 遺伝子 亜鉛 マルチビタミン DHA EPA L-シスチン 【公式】,NMNサプリメント 日本製 国産 9000mg (1包300mg) P3 お得3箱セット ヒカル 高純度99.9% サーチュイン 遺伝子 亜鉛 マルチビタミン DHA EPA L-シスチン 【公式】,37900,2,,
418951-20251130-0900541724,MALL_191097719,mall,2025/11/30 19:58:48,37900,クレジットカード,,完了,0,,楽天市場,,70169-00000056,P3_3set,NMNサプリメント 日本製 国産 9000mg (1包300mg) P3 お得3箱セット ヒカル 高純度99.9% サーチュイン 遺伝子 亜鉛 マルチビタミン DHA EPA L-シスチン 【公式】,NMNサプリメント 日本製 国産 9000mg (1包300mg) P3 お得3箱セット ヒカル 高純度99.9% サーチュイン 遺伝子 亜鉛 マルチビタミン DHA EPA L-シスチン 【公式】,37900,1,,
418951-20251130-0828741811,MALL_191097723,mall,2025/11/30 19:58:49,4752,クレジットカード,,完了,0,,楽天市場,,70169-00000163,p3_booster_01,P3 BOOSTER ブースターゼリー 1箱30包入り ヒカル P3 NMN 補給サポート 腸活 ルテオリン サプリ ラクチュロースシロップ 菊の花エキス 植物性ナノ型乳酸菌 エクソソームプラセンタ 配合【公式】,P3 BOOSTER ブースターゼリー 1箱30包入り ヒカル P3 NMN 補給サポート 腸活 ルテオリン サプリ ラクチュロースシロップ 菊の花エキス 植物性ナノ型乳酸菌 エクソソームプラセンタ 配合【公式】,4752,1,,
ladder-shop-10000208,MALL_191098812,mall,2025/11/30 20:05:12,14040,PayPay,,完了,0,,Yahoo!ショッピング,,70169-00000054,P3_01,P3 nmn サプリ メント 日本製 ヒカル｜公式 正規品｜ニコチンアミドモノヌクレオチド トランスレスベラトロール DHA EPA L-シスチン,P3 nmn サプリ メント 日本製 ヒカル｜公式 正規品｜ニコチンアミドモノヌクレオチド トランスレスベラトロール DHA EPA L-シスチン,14040,1,,
ladder-shop-10000211,MALL_191104510,mall,2025/11/30 20:41:20,25272,クレジットカード,,完了,0,,Yahoo!ショッピング,,70169-00000054,P3_01,P3 nmn サプリ メント 日本製 ヒカル｜公式 正規品｜ニコチンアミドモノヌクレオチド トランスレスベラトロール DHA EPA L-シスチン,P3 nmn サプリ メント 日本製 ヒカル｜公式 正規品｜ニコチンアミドモノヌクレオチド トランスレスベラトロール DHA EPA L-シスチン,12636,2,,
ladder-shop-10000212,MALL_191113997,mall,2025/11/30 21:38:31,25272,PayPayあと払い,,完了,0,,Yahoo!ショッピング,,70169-00000054,P3_01,P3 nmn サプリ メント 日本製 ヒカル｜公式 正規品｜ニコチンアミドモノヌクレオチド トランスレスベラトロール DHA EPA L-シスチン,P3 nmn サプリ メント 日本製 ヒカル｜公式 正規品｜ニコチンアミドモノヌクレオチド トランスレスベラトロール DHA EPA L-シスチン,12636,2,,
418951-20251130-0953141736,MALL_191116360,mall,2025/11/30 21:47:39,14040,クレジットカード,,完了,0,,楽天市場,,70169-00000054,P3_01,nmn サプリメント 日本製 9000mg (1包300mg) 30日分 P3 ヒカル 高純度99.9% サーチュイン 遺伝子 亜鉛 マルチビタミン DHA EPA L-シスチン 【公式】,nmn サプリメント 日本製 9000mg (1包300mg) 30日分 P3 ヒカル 高純度99.9% サーチュイン 遺伝子 亜鉛 マルチビタミン DHA EPA L-シスチン 【公式】,14040,1,,
418951-20251130-0945342002,MALL_191116517,mall,2025/11/30 21:48:40,26600,後払い(楽天),,完了,0,,楽天市場,,70169-00000055,P3_2set,nmn サプリ 日本製 国産 サプリメント 9000mg (1包300mg) P3 お得2箱セット ヒカル 高純度99.9% サーチュイン 遺伝子 亜鉛 マルチビタミン DHA EPA L-シスチン 【公式】,nmn サプリ 日本製 国産 サプリメント 9000mg (1包300mg) P3 お得2箱セット ヒカル 高純度99.9% サーチュイン 遺伝子 亜鉛 マルチビタミン DHA EPA L-シスチン 【公式】,26600,1,,
418951-20251130-3700964822,MALL_191118561,mall,2025/11/30 22:01:42,12636,クレジットカード,,完了,0,,楽天市場,,70169-00000054,P3_01,nmn サプリメント 日本製 9000mg (1包300mg) 30日分 P3 ヒカル 高純度99.9% サーチュイン 遺伝子 亜鉛 マルチビタミン DHA EPA L-シスチン 【公式】,nmn サプリメント 日本製 9000mg (1包300mg) 30日分 P3 ヒカル 高純度99.9% サーチュイン 遺伝子 亜鉛 マルチビタミン DHA EPA L-シスチン 【公式】,12636,1,,
418951-20251130-0877641882,MALL_191120751,mall,2025/11/30 22:16:05,14040,クレジットカード,,完了,0,,楽天市場,,70169-00000054,P3_01,nmn サプリメント 日本製 9000mg (1包300mg) 30日分 P3 ヒカル 高純度99.9% サーチュイン 遺伝子 亜鉛 マルチビタミン DHA EPA L-シスチン 【公式】,nmn サプリメント 日本製 9000mg (1包300mg) 30日分 P3 ヒカル 高純度99.9% サーチュイン 遺伝子 亜鉛 マルチビタミン DHA EPA L-シスチン 【公式】,14040,1,,
418951-20251130-0919341788,MALL_191124616,mall,2025/11/30 22:41:20,37900,クレジットカード,,完了,0,,楽天市場,,70169-00000056,P3_3set,NMNサプリメント 日本製 国産 9000mg (1包300mg) P3 お得3箱セット ヒカル 高純度99.9% サーチュイン 遺伝子 亜鉛 マルチビタミン DHA EPA L-シスチン 【公式】,NMNサプリメント 日本製 国産 9000mg (1包300mg) P3 お得3箱セット ヒカル 高純度99.9% サーチュイン 遺伝子 亜鉛 マルチビタミン DHA EPA L-シスチン 【公式】,37900,1,,
418951-20251130-3701150356,MALL_191128017,mall,2025/11/30 23:04:37,12636,クレジットカード,,完了,0,,楽天市場,,70169-00000054,P3_01,nmn サプリメント 日本製 9000mg (1包300mg) 30日分 P3 ヒカル 高純度99.9% サーチュイン 遺伝子 亜鉛 マルチビタミン DHA EPA L-シスチン 【公式】,nmn サプリメント 日本製 9000mg (1包300mg) 30日分 P3 ヒカル 高純度99.9% サーチュイン 遺伝子 亜鉛 マルチビタミン DHA EPA L-シスチン 【公式】,12636,1,,
418951-20251130-0962241870,MALL_191134813,mall,2025/11/30 23:31:26,14040,クレジットカード,,完了,0,,楽天市場,,70169-00000054,P3_01,nmn サプリメント 日本製 9000mg (1包300mg) 30日分 P3 ヒカル 高純度99.9% サーチュイン 遺伝子 亜鉛 マルチビタミン DHA EPA L-シスチン 【公式】,nmn サプリメント 日本製 9000mg (1包300mg) 30日分 P3 ヒカル 高純度99.9% サーチュイン 遺伝子 亜鉛 マルチビタミン DHA EPA L-シスチン 【公式】,14040,1,,
418951-20251201-0971242014,MALL_191144492,mall,2025/12/01 0:13:01,73200,クレジットカード,,完了,0,,楽天市場,,70169-00000150,P3_6set,【まとめセット最大割引11;040円OFF】nmn サプリ 日本製 国産 サプリメント 9000mg (1包300mg) P3 お得6箱セット ヒカル 高純度99.9% サーチュイン 遺伝子 亜鉛 マルチビタミン DHA EPA L-シスチン 【公式】,【まとめセット最大割引11;040円OFF】nmn サプリ 日本製 国産 サプリメント 9000mg (1包300mg) P3 お得6箱セット ヒカル 高純度99.9% サーチュイン 遺伝子 亜鉛 マルチビタミン DHA EPA L-シスチン 【公式】,73200,1,,
418951-20251201-3701480426,MALL_191151267,mall,2025/12/01 2:19:33,12636,クレジットカード,,完了,0,,楽天市場,,70169-00000054,P3_01,【定期購入】【1箱から継続中ずっと10％OFF】P3 NMNパーフェクトサプリメント1箱 ヒカル サプリ 日本製 9000mg (1包300mg) 30日分 高純度99.9% サーチュイン 遺伝子 亜鉛 マルチビタミン DHA EPA L-シスチン 【公式】,【定期購入】【1箱から継続中ずっと10％OFF】P3 NMNパーフェクトサプリメント1箱 ヒカル サプリ 日本製 9000mg (1包300mg) 30日分 高純度99.9% サーチュイン 遺伝子 亜鉛 マルチビタミン DHA EPA L-シスチン 【公式】,12636,1,,
418951-20251201-3701480441,MALL_191151269,mall,2025/12/01 2:19:33,12636,クレジットカード,,完了,0,,楽天市場,,70169-00000054,P3_01,【定期購入】【1箱から継続中ずっと10％OFF】P3 NMNパーフェクトサプリメント1箱 ヒカル サプリ 日本製 9000mg (1包300mg) 30日分 高純度99.9% サーチュイン 遺伝子 亜鉛 マルチビタミン DHA EPA L-シスチン 【公式】,【定期購入】【1箱から継続中ずっと10％OFF】P3 NMNパーフェクトサプリメント1箱 ヒカル サプリ 日本製 9000mg (1包300mg) 30日分 高純度99.9% サーチュイン 遺伝子 亜鉛 マルチビタミン DHA EPA L-シスチン 【公式】,12636,1,,
418951-20251201-3701486138,MALL_191151510,mall,2025/12/01 2:28:35,12636,クレジットカード,,完了,0,,楽天市場,,70169-00000054,P3_01,【定期購入】【1箱から継続中ずっと10％OFF】P3 NMNパーフェクトサプリメント1箱 ヒカル サプリ 日本製 9000mg (1包300mg) 30日分 高純度99.9% サーチュイン 遺伝子 亜鉛 マルチビタミン DHA EPA L-シスチン 【公式】,【定期購入】【1箱から継続中ずっと10％OFF】P3 NMNパーフェクトサプリメント1箱 ヒカル サプリ 日本製 9000mg (1包300mg) 30日分 高純度99.9% サーチュイン 遺伝子 亜鉛 マルチビタミン DHA EPA L-シスチン 【公式】,12636,1,,
418951-20251201-3701486726,MALL_191151734,mall,2025/12/01 2:40:31,12636,クレジットカード,,完了,0,,楽天市場,,70169-00000054,P3_01,nmn サプリメント 日本製 9000mg (1包300mg) 30日分 ヒカル P3 高純度99.9% サーチュイン 遺伝子 亜鉛 マルチビタミン DHA EPA L-シスチン 【公式】,nmn サプリメント 日本製 9000mg (1包300mg) 30日分 ヒカル P3 高純度99.9% サーチュイン 遺伝子 亜鉛 マルチビタミン DHA EPA L-シスチン 【公式】,12636,1,,
418951-20251201-3701493326,MALL_191151966,mall,2025/12/01 2:49:34,4276,クレジットカード,,完了,0,,楽天市場,,70169-00000163,p3_booster_01,P3 BOOSTER ブースターゼリー 1箱30包入り ヒカル P3 NMN 補給サポート ラクチュロースシロップ 菊の花エキス 植物性ナノ型乳酸菌 エクソソームプラセンタ 配合【公式】,P3 BOOSTER ブースターゼリー 1箱30包入り ヒカル P3 NMN 補給サポート ラクチュロースシロップ 菊の花エキス 植物性ナノ型乳酸菌 エクソソームプラセンタ 配合【公式】,4276,1,,
418951-20251201-3701493325,MALL_191151966,mall,2025/12/01 2:49:34,12636,クレジットカード,,完了,0,,楽天市場,,70169-00000054,P3_01,nmn サプリメント 日本製 9000mg (1包300mg) 30日分 ヒカル P3 高純度99.9% サーチュイン 遺伝子 亜鉛 マルチビタミン DHA EPA L-シスチン 【公式】,nmn サプリメント 日本製 9000mg (1包300mg) 30日分 ヒカル P3 高純度99.9% サーチュイン 遺伝子 亜鉛 マルチビタミン DHA EPA L-シスチン 【公式】,12636,1,,
418951-20251201-3701498805,MALL_191152139,mall,2025/12/01 2:58:35,12636,クレジットカード,,完了,0,,楽天市場,,70169-00000054,P3_01,nmn サプリメント 日本製 9000mg (1包300mg) 30日分 ヒカル P3 高純度99.9% サーチュイン 遺伝子 亜鉛 マルチビタミン DHA EPA L-シスチン 【公式】,nmn サプリメント 日本製 9000mg (1包300mg) 30日分 ヒカル P3 高純度99.9% サーチュイン 遺伝子 亜鉛 マルチビタミン DHA EPA L-シスチン 【公式】,12636,1,,
418951-20251201-3701498820,MALL_191152142,mall,2025/12/01 2:58:35,12636,クレジットカード,,完了,0,,楽天市場,,70169-00000054,P3_01,nmn サプリメント 日本製 9000mg (1包300mg) 30日分 ヒカル P3 高純度99.9% サーチュイン 遺伝子 亜鉛 マルチビタミン DHA EPA L-シスチン 【公式】,nmn サプリメント 日本製 9000mg (1包300mg) 30日分 ヒカル P3 高純度99.9% サーチュイン 遺伝子 亜鉛 マルチビタミン DHA EPA L-シスチン 【公式】,12636,1,,
418951-20251201-3701499278,MALL_191152303,mall,2025/12/01 3:07:30,4276,クレジットカード,,完了,0,,楽天市場,,70169-00000163,p3_booster_01,P3 BOOSTER ブースターゼリー 1箱30包入り ヒカル P3 NMN 補給サポート ラクチュロースシロップ 菊の花エキス 植物性ナノ型乳酸菌 エクソソームプラセンタ 配合【公式】,P3 BOOSTER ブースターゼリー 1箱30包入り ヒカル P3 NMN 補給サポート ラクチュロースシロップ 菊の花エキス 植物性ナノ型乳酸菌 エクソソームプラセンタ 配合【公式】,4276,1,,
418951-20251201-3701499311,MALL_191152348,mall,2025/12/01 3:10:35,12636,クレジットカード,,完了,0,,楽天市場,,70169-00000054,P3_01,nmn サプリメント 日本製 9000mg (1包300mg) 30日分 ヒカル P3 高純度99.9% サーチュイン 遺伝子 亜鉛 マルチビタミン DHA EPA L-シスチン 【公式】,nmn サプリメント 日本製 9000mg (1包300mg) 30日分 ヒカル P3 高純度99.9% サーチュイン 遺伝子 亜鉛 マルチビタミン DHA EPA L-シスチン 【公式】,12636,1,,
418951-20251201-3701504905,MALL_191152538,mall,2025/12/01 3:19:36,12636,クレジットカード,,完了,0,,楽天市場,,70169-00000054,P3_01,nmn サプリメント 日本製 9000mg (1包300mg) 30日分 ヒカル P3 高純度99.9% サーチュイン 遺伝子 亜鉛 マルチビタミン DHA EPA L-シスチン 【公式】,nmn サプリメント 日本製 9000mg (1包300mg) 30日分 ヒカル P3 高純度99.9% サーチュイン 遺伝子 亜鉛 マルチビタミン DHA EPA L-シスチン 【公式】,12636,1,,
418951-20251201-3701505247,MALL_191152696,mall,2025/12/01 3:28:34,12636,クレジットカード,,完了,0,,楽天市場,,70169-00000054,P3_01,nmn サプリメント 日本製 9000mg (1包300mg) 30日分 ヒカル P3 高純度99.9% サーチュイン 遺伝子 亜鉛 マルチビタミン DHA EPA L-シスチン 【公式】,nmn サプリメント 日本製 9000mg (1包300mg) 30日分 ヒカル P3 高純度99.9% サーチュイン 遺伝子 亜鉛 マルチビタミン DHA EPA L-シスチン 【公式】,12636,1,,
418951-20251201-3701505252,MALL_191152701,mall,2025/12/01 3:28:35,12636,クレジットカード,,完了,0,,楽天市場,,70169-00000054,P3_01,nmn サプリメント 日本製 9000mg (1包300mg) 30日分 ヒカル P3 高純度99.9% サーチュイン 遺伝子 亜鉛 マルチビタミン DHA EPA L-シスチン 【公式】,nmn サプリメント 日本製 9000mg (1包300mg) 30日分 ヒカル P3 高純度99.9% サーチュイン 遺伝子 亜鉛 マルチビタミン DHA EPA L-シスチン 【公式】,12636,1,,
ladder-shop-10000213,MALL_191155466,mall,2025/12/01 6:18:17,14040,PayPay,,完了,0,,Yahoo!ショッピング,,70169-00000054,P3_01,P3 nmn サプリ メント 日本製 ヒカル｜公式 正規品｜ニコチンアミドモノヌクレオチド トランスレスベラトロール DHA EPA L-シスチン,P3 nmn サプリ メント 日本製 ヒカル｜公式 正規品｜ニコチンアミドモノヌクレオチド トランスレスベラトロール DHA EPA L-シスチン,14040,1,,
418951-20251201-0067942393,MALL_191168575,mall,2025/12/01 9:25:12,17800,クレジットカード,,完了,0,,楽天市場,,70169-00000178,P3_boosterset,nmn サプリメント 日本製 9000mg (1包300mg) 30日分 P3 ヒカル 高純度99.9% サーチュイン 遺伝子 亜鉛 マルチビタミン DHA EPA L-シスチン 【公式】,nmn サプリメント 日本製 9000mg (1包300mg) 30日分 P3 ヒカル 高純度99.9% サーチュイン 遺伝子 亜鉛 マルチビタミン DHA EPA L-シスチン 【公式】,17800,1,,
418951-20251201-0067942393,MALL_191168575,mall,2025/12/01 9:25:12,17800,クレジットカード,,完了,0,,楽天市場,,70169-00000178,P3_boosterset,nmn サプリメント 日本製 9000mg (1包300mg) 30日分 P3 ヒカル 高純度99.9% サーチュイン 遺伝子 亜鉛 マルチビタミン DHA EPA L-シスチン 【公式】,nmn サプリメント 日本製 9000mg (1包300mg) 30日分 P3 ヒカル 高純度99.9% サーチュイン 遺伝子 亜鉛 マルチビタミン DHA EPA L-シスチン 【公式】,17800,1,,
418951-20251201-0154442208,MALL_191170959,mall,2025/12/01 9:49:42,14040,クレジットカード,,完了,0,,楽天市場,,70169-00000054,P3_01,nmn サプリメント 日本製 9000mg (1包300mg) 30日分 P3 ヒカル 高純度99.9% サーチュイン 遺伝子 亜鉛 マルチビタミン DHA EPA L-シスチン 【公式】,nmn サプリメント 日本製 9000mg (1包300mg) 30日分 P3 ヒカル 高純度99.9% サーチュイン 遺伝子 亜鉛 マルチビタミン DHA EPA L-シスチン 【公式】,14040,1,,
418951-20251201-0090642389,MALL_191174771,mall,2025/12/01 10:30:15,14040,クレジットカード,,完了,0,,楽天市場,,70169-00000054,P3_01,nmn サプリメント 日本製 9000mg (1包300mg) 30日分 P3 ヒカル 高純度99.9% サーチュイン 遺伝子 亜鉛 マルチビタミン DHA EPA L-シスチン 【公式】,nmn サプリメント 日本製 9000mg (1包300mg) 30日分 P3 ヒカル 高純度99.9% サーチュイン 遺伝子 亜鉛 マルチビタミン DHA EPA L-シスチン 【公式】,14040,1,,
ladder-shop-10000214,MALL_191175081,mall,2025/12/01 10:32:58,12636,PayPayあと払い,,完了,0,,Yahoo!ショッピング,,70169-00000054,P3_01,P3 nmn サプリ メント 日本製 ヒカル｜公式 正規品｜ニコチンアミドモノヌクレオチド トランスレスベラトロール DHA EPA L-シスチン,P3 nmn サプリ メント 日本製 ヒカル｜公式 正規品｜ニコチンアミドモノヌクレオチド トランスレスベラトロール DHA EPA L-シスチン,12636,1,,
418951-20251201-0977141876,MALL_191175232,mall,2025/12/01 10:34:44,14040,クレジットカード,,完了,0,,楽天市場,,70169-00000054,P3_01,nmn サプリメント 日本製 9000mg (1包300mg) 30日分 P3 ヒカル 高純度99.9% サーチュイン 遺伝子 亜鉛 マルチビタミン DHA EPA L-シスチン 【公式】,nmn サプリメント 日本製 9000mg (1包300mg) 30日分 P3 ヒカル 高純度99.9% サーチュイン 遺伝子 亜鉛 マルチビタミン DHA EPA L-シスチン 【公式】,14040,1,,
418951-20251201-0121442357,MALL_191186413,mall,2025/12/01 12:07:35,14040,クレジットカード,,完了,0,,楽天市場,,70169-00000054,P3_01,nmn サプリメント 日本製 9000mg (1包300mg) 30日分 P3 ヒカル 高純度99.9% サーチュイン 遺伝子 亜鉛 マルチビタミン DHA EPA L-シスチン 【公式】,nmn サプリメント 日本製 9000mg (1包300mg) 30日分 P3 ヒカル 高純度99.9% サーチュイン 遺伝子 亜鉛 マルチビタミン DHA EPA L-シスチン 【公式】,14040,1,,
418951-20251201-0189842254,MALL_191198329,mall,2025/12/01 13:58:10,14040,クレジットカード,,完了,0,,楽天市場,,70169-00000054,P3_01,nmn サプリメント 日本製 9000mg (1包300mg) 30日分 P3 ヒカル 高純度99.9% サーチュイン 遺伝子 亜鉛 マルチビタミン DHA EPA L-シスチン 【公式】,nmn サプリメント 日本製 9000mg (1包300mg) 30日分 P3 ヒカル 高純度99.9% サーチュイン 遺伝子 亜鉛 マルチビタミン DHA EPA L-シスチン 【公式】,14040,1,,
418951-20251201-0156642381,MALL_191200767,mall,2025/12/01 14:30:08,37900,クレジットカード,,完了,0,,楽天市場,,70169-00000056,P3_3set,NMNサプリメント 日本製 国産 9000mg (1包300mg) P3 お得3箱セット ヒカル 高純度99.9% サーチュイン 遺伝子 亜鉛 マルチビタミン DHA EPA L-シスチン 【公式】,NMNサプリメント 日本製 国産 9000mg (1包300mg) P3 お得3箱セット ヒカル 高純度99.9% サーチュイン 遺伝子 亜鉛 マルチビタミン DHA EPA L-シスチン 【公式】,37900,1,,
418951-20251201-0184742313,MALL_191201110,mall,2025/12/01 14:34:59,17800,クレジットカード,,完了,0,,楽天市場,,70169-00000178,P3_boosterset,nmn サプリメント 日本製 9000mg (1包300mg) 30日分 P3 ヒカル 高純度99.9% サーチュイン 遺伝子 亜鉛 マルチビタミン DHA EPA L-シスチン 【公式】,nmn サプリメント 日本製 9000mg (1包300mg) 30日分 P3 ヒカル 高純度99.9% サーチュイン 遺伝子 亜鉛 マルチビタミン DHA EPA L-シスチン 【公式】,17800,1,,
418951-20251201-0184742313,MALL_191201110,mall,2025/12/01 14:34:59,17800,クレジットカード,,完了,0,,楽天市場,,70169-00000178,P3_boosterset,nmn サプリメント 日本製 9000mg (1包300mg) 30日分 P3 ヒカル 高純度99.9% サーチュイン 遺伝子 亜鉛 マルチビタミン DHA EPA L-シスチン 【公式】,nmn サプリメント 日本製 9000mg (1包300mg) 30日分 P3 ヒカル 高純度99.9% サーチュイン 遺伝子 亜鉛 マルチビタミン DHA EPA L-シスチン 【公式】,17800,1,,
418951-20251201-0178642444,MALL_191216300,mall,2025/12/01 17:52:41,14040,クレジットカード,,完了,0,,楽天市場,,70169-00000054,P3_01,nmn サプリメント 日本製 9000mg (1包300mg) 30日分 P3 ヒカル 高純度99.9% サーチュイン 遺伝子 亜鉛 マルチビタミン DHA EPA L-シスチン 【公式】,nmn サプリメント 日本製 9000mg (1包300mg) 30日分 P3 ヒカル 高純度99.9% サーチュイン 遺伝子 亜鉛 マルチビタミン DHA EPA L-シスチン 【公式】,14040,1,,
418951-20251201-0195142419,MALL_191217838,mall,2025/12/01 18:12:13,14040,クレジットカード,,完了,0,,楽天市場,,70169-00000054,P3_01,nmn サプリメント 日本製 9000mg (1包300mg) 30日分 P3 ヒカル 高純度99.9% サーチュイン 遺伝子 亜鉛 マルチビタミン DHA EPA L-シスチン 【公式】,nmn サプリメント 日本製 9000mg (1包300mg) 30日分 P3 ヒカル 高純度99.9% サーチュイン 遺伝子 亜鉛 マルチビタミン DHA EPA L-シスチン 【公式】,14040,1,,
418951-20251201-0213042453,MALL_191226348,mall,2025/12/01 19:39:04,14040,クレジットカード,,完了,0,,楽天市場,,70169-00000054,P3_01,nmn サプリメント 日本製 9000mg (1包300mg) 30日分 P3 ヒカル 高純度99.9% サーチュイン 遺伝子 亜鉛 マルチビタミン DHA EPA L-シスチン 【公式】,nmn サプリメント 日本製 9000mg (1包300mg) 30日分 P3 ヒカル 高純度99.9% サーチュイン 遺伝子 亜鉛 マルチビタミン DHA EPA L-シスチン 【公式】,14040,1,,
418951-20251201-0257042399,MALL_191226500,mall,2025/12/01 19:40:46,14040,クレジットカード,,完了,0,,楽天市場,,70169-00000054,P3_01,nmn サプリメント 日本製 9000mg (1包300mg) 30日分 P3 ヒカル 高純度99.9% サーチュイン 遺伝子 亜鉛 マルチビタミン DHA EPA L-シスチン 【公式】,nmn サプリメント 日本製 9000mg (1包300mg) 30日分 P3 ヒカル 高純度99.9% サーチュイン 遺伝子 亜鉛 マルチビタミン DHA EPA L-シスチン 【公式】,14040,1,,
418951-20251201-0328642230,MALL_191226788,mall,2025/12/01 19:43:15,17800,銀行振込,,完了,0,,楽天市場,,70169-00000178,P3_boosterset,nmn サプリメント 日本製 9000mg (1包300mg) 30日分 P3 ヒカル 高純度99.9% サーチュイン 遺伝子 亜鉛 マルチビタミン DHA EPA L-シスチン 【公式】,nmn サプリメント 日本製 9000mg (1包300mg) 30日分 P3 ヒカル 高純度99.9% サーチュイン 遺伝子 亜鉛 マルチビタミン DHA EPA L-シスチン 【公式】,17800,1,,
418951-20251201-0328642230,MALL_191226788,mall,2025/12/01 19:43:15,17800,銀行振込,,完了,0,,楽天市場,,70169-00000178,P3_boosterset,nmn サプリメント 日本製 9000mg (1包300mg) 30日分 P3 ヒカル 高純度99.9% サーチュイン 遺伝子 亜鉛 マルチビタミン DHA EPA L-シスチン 【公式】,nmn サプリメント 日本製 9000mg (1包300mg) 30日分 P3 ヒカル 高純度99.9% サーチュイン 遺伝子 亜鉛 マルチビタミン DHA EPA L-シスチン 【公式】,17800,1,,
418951-20251201-0254442320,MALL_191226949,mall,2025/12/01 19:44:54,14040,クレジットカード,,完了,0,,楽天市場,,70169-00000054,P3_01,nmn サプリメント 日本製 9000mg (1包300mg) 30日分 P3 ヒカル 高純度99.9% サーチュイン 遺伝子 亜鉛 マルチビタミン DHA EPA L-シスチン 【公式】,nmn サプリメント 日本製 9000mg (1包300mg) 30日分 P3 ヒカル 高純度99.9% サーチュイン 遺伝子 亜鉛 マルチビタミン DHA EPA L-シスチン 【公式】,14040,1,,
418951-20251201-0202342466,MALL_191227581,mall,2025/12/01 19:50:51,14040,クレジットカード,,完了,0,,楽天市場,,70169-00000054,P3_01,nmn サプリメント 日本製 9000mg (1包300mg) 30日分 P3 ヒカル 高純度99.9% サーチュイン 遺伝子 亜鉛 マルチビタミン DHA EPA L-シスチン 【公式】,nmn サプリメント 日本製 9000mg (1包300mg) 30日分 P3 ヒカル 高純度99.9% サーチュイン 遺伝子 亜鉛 マルチビタミン DHA EPA L-シスチン 【公式】,14040,1,,
ladder-shop-10000215,MALL_191232852,mall,2025/12/01 20:33:17,37900,PayPay,,完了,0,,Yahoo!ショッピング,,70169-00000056,P3_3set,P3 サプリ nmn 日本製 お得3箱セット ヒカル｜公式 正規品｜ニコチンアミドモノヌクレオチド トランスレスベラトロール DHA EPA L-シスチン,P3 サプリ nmn 日本製 お得3箱セット ヒカル｜公式 正規品｜ニコチンアミドモノヌクレオチド トランスレスベラトロール DHA EPA L-シスチン,37900,1,,
418951-20251201-0303642304,MALL_191235831,mall,2025/12/01 20:55:16,17800,クレジットカード,,完了,0,,楽天市場,,70169-00000178,P3_boosterset,nmn サプリメント 日本製 9000mg (1包300mg) 30日分 P3 ヒカル 高純度99.9% サーチュイン 遺伝子 亜鉛 マルチビタミン DHA EPA L-シスチン 【公式】,nmn サプリメント 日本製 9000mg (1包300mg) 30日分 P3 ヒカル 高純度99.9% サーチュイン 遺伝子 亜鉛 マルチビタミン DHA EPA L-シスチン 【公式】,17800,1,,
418951-20251201-0303642304,MALL_191235831,mall,2025/12/01 20:55:16,17800,クレジットカード,,完了,0,,楽天市場,,70169-00000178,P3_boosterset,nmn サプリメント 日本製 9000mg (1包300mg) 30日分 P3 ヒカル 高純度99.9% サーチュイン 遺伝子 亜鉛 マルチビタミン DHA EPA L-シスチン 【公式】,nmn サプリメント 日本製 9000mg (1包300mg) 30日分 P3 ヒカル 高純度99.9% サーチュイン 遺伝子 亜鉛 マルチビタミン DHA EPA L-シスチン 【公式】,17800,1,,
418951-20251201-0369742237,MALL_191235831,mall,2025/12/01 20:58:23,4752,クレジットカード,,完了,0,,楽天市場,,70169-00000163,p3_booster_01,P3 BOOSTER ブースターゼリー 1箱30包入り ヒカル P3 NMN 補給サポート 腸活 ルテオリン サプリ ラクチュロースシロップ 菊の花エキス 植物性ナノ型乳酸菌 エクソソームプラセンタ 配合【公式】,P3 BOOSTER ブースターゼリー 1箱30包入り ヒカル P3 NMN 補給サポート 腸活 ルテオリン サプリ ラクチュロースシロップ 菊の花エキス 植物性ナノ型乳酸菌 エクソソームプラセンタ 配合【公式】,4752,1,,
418951-20251201-0321342251,MALL_191241516,mall,2025/12/01 21:33:08,14040,クレジットカード,,完了,0,,楽天市場,,70169-00000054,P3_01,nmn サプリメント 日本製 9000mg (1包300mg) 30日分 P3 ヒカル 高純度99.9% サーチュイン 遺伝子 亜鉛 マルチビタミン DHA EPA L-シスチン 【公式】,nmn サプリメント 日本製 9000mg (1包300mg) 30日分 P3 ヒカル 高純度99.9% サーチュイン 遺伝子 亜鉛 マルチビタミン DHA EPA L-シスチン 【公式】,14040,1,,
418951-20251201-0572042485,MALL_191090413,mall,2025/12/01 21:36:08,14040,クレジットカード,,完了,0,,楽天市場,,70169-00000054,P3_01,nmn サプリメント 日本製 9000mg (1包300mg) 30日分 P3 ヒカル 高純度99.9% サーチュイン 遺伝子 亜鉛 マルチビタミン DHA EPA L-シスチン 【公式】,nmn サプリメント 日本製 9000mg (1包300mg) 30日分 P3 ヒカル 高純度99.9% サーチュイン 遺伝子 亜鉛 マルチビタミン DHA EPA L-シスチン 【公式】,14040,1,,
418951-20251201-0304742311,MALL_191243760,mall,2025/12/01 21:47:28,14040,クレジットカード,,完了,0,,楽天市場,,70169-00000054,P3_01,nmn サプリメント 日本製 9000mg (1包300mg) 30日分 P3 ヒカル 高純度99.9% サーチュイン 遺伝子 亜鉛 マルチビタミン DHA EPA L-シスチン 【公式】,nmn サプリメント 日本製 9000mg (1包300mg) 30日分 P3 ヒカル 高純度99.9% サーチュイン 遺伝子 亜鉛 マルチビタミン DHA EPA L-シスチン 【公式】,14040,1,,
418951-20251201-0220842524,MALL_191257188,mall,2025/12/01 23:12:58,14040,クレジットカード,,完了,0,,楽天市場,,70169-00000054,P3_01,nmn サプリメント 日本製 9000mg (1包300mg) 30日分 P3 ヒカル 高純度99.9% サーチュイン 遺伝子 亜鉛 マルチビタミン DHA EPA L-シスチン 【公式】,nmn サプリメント 日本製 9000mg (1包300mg) 30日分 P3 ヒカル 高純度99.9% サーチュイン 遺伝子 亜鉛 マルチビタミン DHA EPA L-シスチン 【公式】,14040,1,,
418951-20251202-0445242241,MALL_191267360,mall,2025/12/02 0:57:56,14040,クレジットカード,,完了,0,,楽天市場,,70169-00000054,P3_01,nmn サプリメント 日本製 9000mg (1包300mg) 30日分 P3 ヒカル 高純度99.9% サーチュイン 遺伝子 亜鉛 マルチビタミン DHA EPA L-シスチン 【公式】,nmn サプリメント 日本製 9000mg (1包300mg) 30日分 P3 ヒカル 高純度99.9% サーチュイン 遺伝子 亜鉛 マルチビタミン DHA EPA L-シスチン 【公式】,14040,1,,
418951-20251202-0392042358,MALL_191267561,mall,2025/12/02 1:05:39,14040,クレジットカード,,完了,0,,楽天市場,,70169-00000054,P3_01,nmn サプリメント 日本製 9000mg (1包300mg) 30日分 P3 ヒカル 高純度99.9% サーチュイン 遺伝子 亜鉛 マルチビタミン DHA EPA L-シスチン 【公式】,nmn サプリメント 日本製 9000mg (1包300mg) 30日分 P3 ヒカル 高純度99.9% サーチュイン 遺伝子 亜鉛 マルチビタミン DHA EPA L-シスチン 【公式】,14040,1,,
418951-20251202-0248242524,MALL_191268637,mall,2025/12/02 2:01:49,26600,クレジットカード,,完了,0,,楽天市場,,70169-00000055,P3_2set,nmn サプリ 日本製 国産 サプリメント 9000mg (1包300mg) P3 お得2箱セット ヒカル 高純度99.9% サーチュイン 遺伝子 亜鉛 マルチビタミン DHA EPA L-シスチン 【公式】,nmn サプリ 日本製 国産 サプリメント 9000mg (1包300mg) P3 お得2箱セット ヒカル 高純度99.9% サーチュイン 遺伝子 亜鉛 マルチビタミン DHA EPA L-シスチン 【公式】,26600,1,,
418951-20251202-0269042506,MALL_191268860,mall,2025/12/02 2:12:47,14040,クレジットカード,,完了,0,,楽天市場,,70169-00000054,P3_01,nmn サプリメント 日本製 9000mg (1包300mg) 30日分 P3 ヒカル 高純度99.9% サーチュイン 遺伝子 亜鉛 マルチビタミン DHA EPA L-シスチン 【公式】,nmn サプリメント 日本製 9000mg (1包300mg) 30日分 P3 ヒカル 高純度99.9% サーチュイン 遺伝子 亜鉛 マルチビタミン DHA EPA L-シスチン 【公式】,14040,1,,
418951-20251202-3703495823,MALL_191269403,mall,2025/12/02 2:49:33,4276,クレジットカード,,完了,0,,楽天市場,,70169-00000163,p3_booster_01,P3 BOOSTER ブースターゼリー 1箱30包入り ヒカル P3 NMN 補給サポート ラクチュロースシロップ 菊の花エキス 植物性ナノ型乳酸菌 エクソソームプラセンタ 配合【公式】,P3 BOOSTER ブースターゼリー 1箱30包入り ヒカル P3 NMN 補給サポート ラクチュロースシロップ 菊の花エキス 植物性ナノ型乳酸菌 エクソソームプラセンタ 配合【公式】,4276,1,,
418951-20251202-3703495884,MALL_191269415,mall,2025/12/02 2:49:35,12636,クレジットカード,,完了,0,,楽天市場,,70169-00000054,P3_01,nmn サプリメント 日本製 9000mg (1包300mg) 30日分 ヒカル P3 高純度99.9% サーチュイン 遺伝子 亜鉛 マルチビタミン DHA EPA L-シスチン 【公式】,nmn サプリメント 日本製 9000mg (1包300mg) 30日分 ヒカル P3 高純度99.9% サーチュイン 遺伝子 亜鉛 マルチビタミン DHA EPA L-シスチン 【公式】,12636,1,,
418951-20251202-3703495928,MALL_191269418,mall,2025/12/02 2:49:35,4276,クレジットカード,,完了,0,,楽天市場,,70169-00000163,p3_booster_01,P3 BOOSTER ブースターゼリー 1箱30包入り ヒカル P3 NMN 補給サポート ラクチュロースシロップ 菊の花エキス 植物性ナノ型乳酸菌 エクソソームプラセンタ 配合【公式】,P3 BOOSTER ブースターゼリー 1箱30包入り ヒカル P3 NMN 補給サポート ラクチュロースシロップ 菊の花エキス 植物性ナノ型乳酸菌 エクソソームプラセンタ 配合【公式】,4276,1,,
418951-20251202-3703496287,MALL_191269521,mall,2025/12/02 2:58:33,12636,クレジットカード,,完了,0,,楽天市場,,70169-00000054,P3_01,nmn サプリメント 日本製 9000mg (1包300mg) 30日分 ヒカル P3 高純度99.9% サーチュイン 遺伝子 亜鉛 マルチビタミン DHA EPA L-シスチン 【公式】,nmn サプリメント 日本製 9000mg (1包300mg) 30日分 ヒカル P3 高純度99.9% サーチュイン 遺伝子 亜鉛 マルチビタミン DHA EPA L-シスチン 【公式】,12636,1,,
418951-20251202-3703496702,MALL_191269674,mall,2025/12/02 3:10:33,12636,クレジットカード,,完了,0,,楽天市場,,70169-00000054,P3_01,nmn サプリメント 日本製 9000mg (1包300mg) 30日分 ヒカル P3 高純度99.9% サーチュイン 遺伝子 亜鉛 マルチビタミン DHA EPA L-シスチン 【公式】,nmn サプリメント 日本製 9000mg (1包300mg) 30日分 ヒカル P3 高純度99.9% サーチュイン 遺伝子 亜鉛 マルチビタミン DHA EPA L-シスチン 【公式】,12636,1,,
418951-20251202-0401742369,MALL_191273000,mall,2025/12/02 7:04:21,14040,クレジットカード,,完了,0,,楽天市場,,70169-00000054,P3_01,nmn サプリメント 日本製 9000mg (1包300mg) 30日分 P3 ヒカル 高純度99.9% サーチュイン 遺伝子 亜鉛 マルチビタミン DHA EPA L-シスチン 【公式】,nmn サプリメント 日本製 9000mg (1包300mg) 30日分 P3 ヒカル 高純度99.9% サーチュイン 遺伝子 亜鉛 マルチビタミン DHA EPA L-シスチン 【公式】,14040,1,,
418951-20251202-0362742449,MALL_191277902,mall,2025/12/02 8:15:49,14040,クレジットカード,,完了,0,,楽天市場,,70169-00000054,P3_01,nmn サプリメント 日本製 9000mg (1包300mg) 30日分 P3 ヒカル 高純度99.9% サーチュイン 遺伝子 亜鉛 マルチビタミン DHA EPA L-シスチン 【公式】,nmn サプリメント 日本製 9000mg (1包300mg) 30日分 P3 ヒカル 高純度99.9% サーチュイン 遺伝子 亜鉛 マルチビタミン DHA EPA L-シスチン 【公式】,14040,1,,
418951-20251202-0418442386,MALL_191289990,mall,2025/12/02 11:16:33,14040,クレジットカード,,完了,0,,楽天市場,,70169-00000054,P3_01,nmn サプリメント 日本製 9000mg (1包300mg) 30日分 P3 ヒカル 高純度99.9% サーチュイン 遺伝子 亜鉛 マルチビタミン DHA EPA L-シスチン 【公式】,nmn サプリメント 日本製 9000mg (1包300mg) 30日分 P3 ヒカル 高純度99.9% サーチュイン 遺伝子 亜鉛 マルチビタミン DHA EPA L-シスチン 【公式】,14040,1,,
418951-20251202-0455842407,MALL_191297469,mall,2025/12/02 13:06:18,37900,クレジットカード,,完了,0,,楽天市場,,70169-00000056,P3_3set,NMNサプリメント 日本製 国産 9000mg (1包300mg) P3 お得3箱セット ヒカル 高純度99.9% サーチュイン 遺伝子 亜鉛 マルチビタミン DHA EPA L-シスチン 【公式】,NMNサプリメント 日本製 国産 9000mg (1包300mg) P3 お得3箱セット ヒカル 高純度99.9% サーチュイン 遺伝子 亜鉛 マルチビタミン DHA EPA L-シスチン 【公式】,37900,1,,
418951-20251202-0539742227,MALL_191298354,mall,2025/12/02 13:22:39,37900,クレジットカード,,完了,0,,楽天市場,,70169-00000056,P3_3set,NMNサプリメント 日本製 国産 9000mg (1包300mg) P3 お得3箱セット ヒカル 高純度99.9% サーチュイン 遺伝子 亜鉛 マルチビタミン DHA EPA L-シスチン 【公式】,NMNサプリメント 日本製 国産 9000mg (1包300mg) P3 お得3箱セット ヒカル 高純度99.9% サーチュイン 遺伝子 亜鉛 マルチビタミン DHA EPA L-シスチン 【公式】,37900,1,,
418951-20251202-0534442276,MALL_191308299,mall,2025/12/02 16:31:23,17800,後払い(楽天),,完了,0,,楽天市場,,70169-00000178,P3_boosterset,nmn サプリメント 日本製 9000mg (1包300mg) 30日分 P3 ヒカル 高純度99.9% サーチュイン 遺伝子 亜鉛 マルチビタミン DHA EPA L-シスチン 【公式】,nmn サプリメント 日本製 9000mg (1包300mg) 30日分 P3 ヒカル 高純度99.9% サーチュイン 遺伝子 亜鉛 マルチビタミン DHA EPA L-シスチン 【公式】,17800,1,,
418951-20251202-0534442276,MALL_191308299,mall,2025/12/02 16:31:23,17800,後払い(楽天),,完了,0,,楽天市場,,70169-00000178,P3_boosterset,nmn サプリメント 日本製 9000mg (1包300mg) 30日分 P3 ヒカル 高純度99.9% サーチュイン 遺伝子 亜鉛 マルチビタミン DHA EPA L-シスチン 【公式】,nmn サプリメント 日本製 9000mg (1包300mg) 30日分 P3 ヒカル 高純度99.9% サーチュイン 遺伝子 亜鉛 マルチビタミン DHA EPA L-シスチン 【公式】,17800,1,,
418951-20251202-0666942196,MALL_191320328,mall,2025/12/02 20:05:41,37900,クレジットカード,,完了,0,,楽天市場,,70169-00000056,P3_3set,NMNサプリメント 日本製 国産 9000mg (1包300mg) P3 お得3箱セット ヒカル 高純度99.9% サーチュイン 遺伝子 亜鉛 マルチビタミン DHA EPA L-シスチン 【公式】,NMNサプリメント 日本製 国産 9000mg (1包300mg) P3 お得3箱セット ヒカル 高純度99.9% サーチュイン 遺伝子 亜鉛 マルチビタミン DHA EPA L-シスチン 【公式】,37900,1,,
418951-20251202-3704391428,MALL_191324226,mall,2025/12/02 20:58:31,12636,後払い(楽天),,完了,0,,楽天市場,,70169-00000054,P3_01,nmn サプリメント 日本製 9000mg (1包300mg) 30日分 P3 ヒカル 高純度99.9% サーチュイン 遺伝子 亜鉛 マルチビタミン DHA EPA L-シスチン 【公式】,nmn サプリメント 日本製 9000mg (1包300mg) 30日分 P3 ヒカル 高純度99.9% サーチュイン 遺伝子 亜鉛 マルチビタミン DHA EPA L-シスチン 【公式】,12636,1,,
418951-20251202-0316742604,MALL_191324579,mall,2025/12/02 21:03:03,26600,クレジットカード,,完了,0,,楽天市場,,70169-00000055,P3_2set,nmn サプリ 日本製 国産 サプリメント 9000mg (1包300mg) P3 お得2箱セット ヒカル 高純度99.9% サーチュイン 遺伝子 亜鉛 マルチビタミン DHA EPA L-シスチン 【公式】,nmn サプリ 日本製 国産 サプリメント 9000mg (1包300mg) P3 お得2箱セット ヒカル 高純度99.9% サーチュイン 遺伝子 亜鉛 マルチビタミン DHA EPA L-シスチン 【公式】,26600,1,,
418951-20251202-3704565995,MALL_191333433,mall,2025/12/02 22:58:32,12636,後払い(楽天),,完了,0,,楽天市場,,70169-00000054,P3_01,nmn サプリメント 日本製 9000mg (1包300mg) 30日分 P3 ヒカル 高純度99.9% サーチュイン 遺伝子 亜鉛 マルチビタミン DHA EPA L-シスチン 【公式】,nmn サプリメント 日本製 9000mg (1包300mg) 30日分 P3 ヒカル 高純度99.9% サーチュイン 遺伝子 亜鉛 マルチビタミン DHA EPA L-シスチン 【公式】,12636,1,,
418951-20251202-0628842316,MALL_191334251,mall,2025/12/02 23:11:16,14040,クレジットカード,,完了,0,,楽天市場,,70169-00000054,P3_01,nmn サプリメント 日本製 9000mg (1包300mg) 30日分 P3 ヒカル 高純度99.9% サーチュイン 遺伝子 亜鉛 マルチビタミン DHA EPA L-シスチン 【公式】,nmn サプリメント 日本製 9000mg (1包300mg) 30日分 P3 ヒカル 高純度99.9% サーチュイン 遺伝子 亜鉛 マルチビタミン DHA EPA L-シスチン 【公式】,14040,1,,
418951-20251203-3704696294,MALL_191340518,mall,2025/12/03 2:19:33,12636,コンビニ決済,,完了,0,,楽天市場,,70169-00000054,P3_01,【定期購入】【1箱から継続中ずっと10％OFF】P3 NMNパーフェクトサプリメント1箱 ヒカル サプリ 日本製 9000mg (1包300mg) 30日分 高純度99.9% サーチュイン 遺伝子 亜鉛 マルチビタミン DHA EPA L-シスチン 【公式】,【定期購入】【1箱から継続中ずっと10％OFF】P3 NMNパーフェクトサプリメント1箱 ヒカル サプリ 日本製 9000mg (1包300mg) 30日分 高純度99.9% サーチュイン 遺伝子 亜鉛 マルチビタミン DHA EPA L-シスチン 【公式】,12636,1,,
418951-20251203-3704696498,MALL_191340640,mall,2025/12/03 2:28:35,12636,クレジットカード,,完了,0,,楽天市場,,70169-00000054,P3_01,【定期購入】【1箱から継続中ずっと10％OFF】P3 NMNパーフェクトサプリメント1箱 ヒカル サプリ 日本製 9000mg (1包300mg) 30日分 高純度99.9% サーチュイン 遺伝子 亜鉛 マルチビタミン DHA EPA L-シスチン 【公式】,【定期購入】【1箱から継続中ずっと10％OFF】P3 NMNパーフェクトサプリメント1箱 ヒカル サプリ 日本製 9000mg (1包300mg) 30日分 高純度99.9% サーチュイン 遺伝子 亜鉛 マルチビタミン DHA EPA L-シスチン 【公式】,12636,1,,
418951-20251203-3704706949,MALL_191341078,mall,2025/12/03 2:58:34,12636,クレジットカード,,完了,0,,楽天市場,,70169-00000054,P3_01,nmn サプリメント 日本製 9000mg (1包300mg) 30日分 ヒカル P3 高純度99.9% サーチュイン 遺伝子 亜鉛 マルチビタミン DHA EPA L-シスチン 【公式】,nmn サプリメント 日本製 9000mg (1包300mg) 30日分 ヒカル P3 高純度99.9% サーチュイン 遺伝子 亜鉛 マルチビタミン DHA EPA L-シスチン 【公式】,12636,1,,
418951-20251203-3704706951,MALL_191341081,mall,2025/12/03 2:58:34,12636,クレジットカード,,完了,0,,楽天市場,,70169-00000054,P3_01,nmn サプリメント 日本製 9000mg (1包300mg) 30日分 ヒカル P3 高純度99.9% サーチュイン 遺伝子 亜鉛 マルチビタミン DHA EPA L-シスチン 【公式】,nmn サプリメント 日本製 9000mg (1包300mg) 30日分 ヒカル P3 高純度99.9% サーチュイン 遺伝子 亜鉛 マルチビタミン DHA EPA L-シスチン 【公式】,12636,1,,
418951-20251203-3704707106,MALL_191341197,mall,2025/12/03 3:07:32,12636,クレジットカード,,完了,0,,楽天市場,,70169-00000054,P3_01,nmn サプリメント 日本製 9000mg (1包300mg) 30日分 ヒカル P3 高純度99.9% サーチュイン 遺伝子 亜鉛 マルチビタミン DHA EPA L-シスチン 【公式】,nmn サプリメント 日本製 9000mg (1包300mg) 30日分 ヒカル P3 高純度99.9% サーチュイン 遺伝子 亜鉛 マルチビタミン DHA EPA L-シスチン 【公式】,12636,1,,
418951-20251203-3704707194,MALL_191341237,mall,2025/12/03 3:10:32,12636,クレジットカード,,完了,0,,楽天市場,,70169-00000054,P3_01,nmn サプリメント 日本製 9000mg (1包300mg) 30日分 ヒカル P3 高純度99.9% サーチュイン 遺伝子 亜鉛 マルチビタミン DHA EPA L-シスチン 【公式】,nmn サプリメント 日本製 9000mg (1包300mg) 30日分 ヒカル P3 高純度99.9% サーチュイン 遺伝子 亜鉛 マルチビタミン DHA EPA L-シスチン 【公式】,12636,1,,
418951-20251203-3704707311,MALL_191341353,mall,2025/12/03 3:19:33,12636,クレジットカード,,完了,0,,楽天市場,,70169-00000054,P3_01,nmn サプリメント 日本製 9000mg (1包300mg) 30日分 ヒカル P3 高純度99.9% サーチュイン 遺伝子 亜鉛 マルチビタミン DHA EPA L-シスチン 【公式】,nmn サプリメント 日本製 9000mg (1包300mg) 30日分 ヒカル P3 高純度99.9% サーチュイン 遺伝子 亜鉛 マルチビタミン DHA EPA L-シスチン 【公式】,12636,1,,
418951-20251203-3704707352,MALL_191341356,mall,2025/12/03 3:19:34,12636,クレジットカード,,完了,0,,楽天市場,,70169-00000054,P3_01,nmn サプリメント 日本製 9000mg (1包300mg) 30日分 ヒカル P3 高純度99.9% サーチュイン 遺伝子 亜鉛 マルチビタミン DHA EPA L-シスチン 【公式】,nmn サプリメント 日本製 9000mg (1包300mg) 30日分 ヒカル P3 高純度99.9% サーチュイン 遺伝子 亜鉛 マルチビタミン DHA EPA L-シスチン 【公式】,12636,1,,
418951-20251203-3704707372,MALL_191341361,mall,2025/12/03 3:19:34,12636,クレジットカード,,完了,0,,楽天市場,,70169-00000054,P3_01,nmn サプリメント 日本製 9000mg (1包300mg) 30日分 ヒカル P3 高純度99.9% サーチュイン 遺伝子 亜鉛 マルチビタミン DHA EPA L-シスチン 【公式】,nmn サプリメント 日本製 9000mg (1包300mg) 30日分 ヒカル P3 高純度99.9% サーチュイン 遺伝子 亜鉛 マルチビタミン DHA EPA L-シスチン 【公式】,12636,1,,
418951-20251203-3704707394,MALL_191341364,mall,2025/12/03 3:19:35,12636,クレジットカード,,完了,0,,楽天市場,,70169-00000054,P3_01,nmn サプリメント 日本製 9000mg (1包300mg) 30日分 ヒカル P3 高純度99.9% サーチュイン 遺伝子 亜鉛 マルチビタミン DHA EPA L-シスチン 【公式】,nmn サプリメント 日本製 9000mg (1包300mg) 30日分 ヒカル P3 高純度99.9% サーチュイン 遺伝子 亜鉛 マルチビタミン DHA EPA L-シスチン 【公式】,12636,1,,
418951-20251203-3704707496,MALL_191341461,mall,2025/12/03 3:28:33,12636,クレジットカード,,完了,0,,楽天市場,,70169-00000054,P3_01,nmn サプリメント 日本製 9000mg (1包300mg) 30日分 ヒカル P3 高純度99.9% サーチュイン 遺伝子 亜鉛 マルチビタミン DHA EPA L-シスチン 【公式】,nmn サプリメント 日本製 9000mg (1包300mg) 30日分 ヒカル P3 高純度99.9% サーチュイン 遺伝子 亜鉛 マルチビタミン DHA EPA L-シスチン 【公式】,12636,1,,
418951-20251203-3704720015,MALL_191341765,mall,2025/12/03 3:58:33,12636,クレジットカード,,完了,0,,楽天市場,,70169-00000054,P3_01,nmn サプリメント 日本製 9000mg (1包300mg) 30日分 P3 ヒカル 高純度99.9% サーチュイン 遺伝子 亜鉛 マルチビタミン DHA EPA L-シスチン 【公式】,nmn サプリメント 日本製 9000mg (1包300mg) 30日分 P3 ヒカル 高純度99.9% サーチュイン 遺伝子 亜鉛 マルチビタミン DHA EPA L-シスチン 【公式】,12636,1,,
418951-20251203-0587742322,MALL_191346584,mall,2025/12/03 8:03:28,14040,銀行振込,,完了,0,,楽天市場,,70169-00000054,P3_01,nmn サプリメント 日本製 9000mg (1包300mg) 30日分 P3 ヒカル 高純度99.9% サーチュイン 遺伝子 亜鉛 マルチビタミン DHA EPA L-シスチン 【公式】,nmn サプリメント 日本製 9000mg (1包300mg) 30日分 P3 ヒカル 高純度99.9% サーチュイン 遺伝子 亜鉛 マルチビタミン DHA EPA L-シスチン 【公式】,14040,1,,
418951-20251203-0688042308,MALL_191349762,mall,2025/12/03 9:08:16,14040,クレジットカード,,完了,0,,楽天市場,,70169-00000054,P3_01,nmn サプリメント 日本製 9000mg (1包300mg) 30日分 P3 ヒカル 高純度99.9% サーチュイン 遺伝子 亜鉛 マルチビタミン DHA EPA L-シスチン 【公式】,nmn サプリメント 日本製 9000mg (1包300mg) 30日分 P3 ヒカル 高純度99.9% サーチュイン 遺伝子 亜鉛 マルチビタミン DHA EPA L-シスチン 【公式】,14040,1,,
ladder-shop-10000217,MALL_191354308,mall,2025/12/03 10:18:22,12636,PayPayあと払い,,完了,0,,Yahoo!ショッピング,,70169-00000054,P3_01,P3 nmn サプリ メント 日本製 ヒカル｜公式 正規品｜ニコチンアミドモノヌクレオチド トランスレスベラトロール DHA EPA L-シスチン,P3 nmn サプリ メント 日本製 ヒカル｜公式 正規品｜ニコチンアミドモノヌクレオチド トランスレスベラトロール DHA EPA L-シスチン,12636,1,,
418951-20251203-0611642337,MALL_191355664,mall,2025/12/03 10:40:05,14040,クレジットカード,,完了,0,,楽天市場,,70169-00000054,P3_01,nmn サプリメント 日本製 9000mg (1包300mg) 30日分 P3 ヒカル 高純度99.9% サーチュイン 遺伝子 亜鉛 マルチビタミン DHA EPA L-シスチン 【公式】,nmn サプリメント 日本製 9000mg (1包300mg) 30日分 P3 ヒカル 高純度99.9% サーチュイン 遺伝子 亜鉛 マルチビタミン DHA EPA L-シスチン 【公式】,14040,1,,
418951-20251203-0502142576,MALL_191369658,mall,2025/12/03 14:35:26,14040,クレジットカード,,完了,0,,楽天市場,,70169-00000054,P3_01,nmn サプリメント 日本製 9000mg (1包300mg) 30日分 P3 ヒカル 高純度99.9% サーチュイン 遺伝子 亜鉛 マルチビタミン DHA EPA L-シスチン 【公式】,nmn サプリメント 日本製 9000mg (1包300mg) 30日分 P3 ヒカル 高純度99.9% サーチュイン 遺伝子 亜鉛 マルチビタミン DHA EPA L-シスチン 【公式】,14040,1,,
418951-20251203-0749742606,MALL_191403046,mall,2025/12/03 21:10:16,17800,クレジットカード,,完了,0,,楽天市場,,70169-00000178,P3_boosterset,nmn サプリメント 日本製 9000mg (1包300mg) 30日分 P3 ヒカル 高純度99.9% サーチュイン 遺伝子 亜鉛 マルチビタミン DHA EPA L-シスチン 【公式】,nmn サプリメント 日本製 9000mg (1包300mg) 30日分 P3 ヒカル 高純度99.9% サーチュイン 遺伝子 亜鉛 マルチビタミン DHA EPA L-シスチン 【公式】,17800,1,,
418951-20251203-0749742606,MALL_191403046,mall,2025/12/03 21:10:16,17800,クレジットカード,,完了,0,,楽天市場,,70169-00000178,P3_boosterset,nmn サプリメント 日本製 9000mg (1包300mg) 30日分 P3 ヒカル 高純度99.9% サーチュイン 遺伝子 亜鉛 マルチビタミン DHA EPA L-シスチン 【公式】,nmn サプリメント 日本製 9000mg (1包300mg) 30日分 P3 ヒカル 高純度99.9% サーチュイン 遺伝子 亜鉛 マルチビタミン DHA EPA L-シスチン 【公式】,17800,1,,
418951-20251203-0908242288,MALL_191418526,mall,2025/12/03 23:06:05,14040,コンビニ決済,,完了,0,,楽天市場,,70169-00000054,P3_01,nmn サプリメント 日本製 9000mg (1包300mg) 30日分 P3 ヒカル 高純度99.9% サーチュイン 遺伝子 亜鉛 マルチビタミン DHA EPA L-シスチン 【公式】,nmn サプリメント 日本製 9000mg (1包300mg) 30日分 P3 ヒカル 高純度99.9% サーチュイン 遺伝子 亜鉛 マルチビタミン DHA EPA L-シスチン 【公式】,14040,1,,
418951-20251203-0793242458,MALL_191423382,mall,2025/12/03 23:57:51,14040,クレジットカード,,完了,0,,楽天市場,,70169-00000054,P3_01,nmn サプリメント 日本製 9000mg (1包300mg) 30日分 P3 ヒカル 高純度99.9% サーチュイン 遺伝子 亜鉛 マルチビタミン DHA EPA L-シスチン 【公式】,nmn サプリメント 日本製 9000mg (1包300mg) 30日分 P3 ヒカル 高純度99.9% サーチュイン 遺伝子 亜鉛 マルチビタミン DHA EPA L-シスチン 【公式】,14040,1,,
418951-20251204-0932242336,MALL_191424625,mall,2025/12/04 0:12:43,73200,クレジットカード,,完了,0,,楽天市場,,70169-00000150,P3_6set,【まとめセット最大割引11;040円OFF】nmn サプリ 日本製 国産 サプリメント 9000mg (1包300mg) P3 お得6箱セット ヒカル 高純度99.9% サーチュイン 遺伝子 亜鉛 マルチビタミン DHA EPA L-シスチン 【公式】,【まとめセット最大割引11;040円OFF】nmn サプリ 日本製 国産 サプリメント 9000mg (1包300mg) P3 お得6箱セット ヒカル 高純度99.9% サーチュイン 遺伝子 亜鉛 マルチビタミン DHA EPA L-シスチン 【公式】,73200,1,,
418951-20251204-0918942228,MALL_191427739,mall,2025/12/04 1:37:52,14040,クレジットカード,,完了,0,,楽天市場,,70169-00000054,P3_01,nmn サプリメント 日本製 9000mg (1包300mg) 30日分 P3 ヒカル 高純度99.9% サーチュイン 遺伝子 亜鉛 マルチビタミン DHA EPA L-シスチン 【公式】,nmn サプリメント 日本製 9000mg (1包300mg) 30日分 P3 ヒカル 高純度99.9% サーチュイン 遺伝子 亜鉛 マルチビタミン DHA EPA L-シスチン 【公式】,14040,1,,
418951-20251204-3706192214,MALL_191428808,mall,2025/12/04 2:37:33,12636,クレジットカード,,完了,0,,楽天市場,,70169-00000054,P3_01,nmn サプリメント 日本製 9000mg (1包300mg) 30日分 ヒカル P3 高純度99.9% サーチュイン 遺伝子 亜鉛 マルチビタミン DHA EPA L-シスチン 【公式】,nmn サプリメント 日本製 9000mg (1包300mg) 30日分 ヒカル P3 高純度99.9% サーチュイン 遺伝子 亜鉛 マルチビタミン DHA EPA L-シスチン 【公式】,12636,1,,
418951-20251204-3706192265,MALL_191428847,mall,2025/12/04 2:40:33,12636,クレジットカード,,完了,0,,楽天市場,,70169-00000054,P3_01,nmn サプリメント 日本製 9000mg (1包300mg) 30日分 ヒカル P3 高純度99.9% サーチュイン 遺伝子 亜鉛 マルチビタミン DHA EPA L-シスチン 【公式】,nmn サプリメント 日本製 9000mg (1包300mg) 30日分 ヒカル P3 高純度99.9% サーチュイン 遺伝子 亜鉛 マルチビタミン DHA EPA L-シスチン 【公式】,12636,1,,
418951-20251204-3706192310,MALL_191428849,mall,2025/12/04 2:40:34,12636,クレジットカード,,完了,0,,楽天市場,,70169-00000054,P3_01,nmn サプリメント 日本製 9000mg (1包300mg) 30日分 ヒカル P3 高純度99.9% サーチュイン 遺伝子 亜鉛 マルチビタミン DHA EPA L-シスチン 【公式】,nmn サプリメント 日本製 9000mg (1包300mg) 30日分 ヒカル P3 高純度99.9% サーチュイン 遺伝子 亜鉛 マルチビタミン DHA EPA L-シスチン 【公式】,12636,1,,
418951-20251204-3706198044,MALL_191429133,mall,2025/12/04 2:58:39,12636,クレジットカード,,完了,0,,楽天市場,,70169-00000054,P3_01,nmn サプリメント 日本製 9000mg (1包300mg) 30日分 ヒカル P3 高純度99.9% サーチュイン 遺伝子 亜鉛 マルチビタミン DHA EPA L-シスチン 【公式】,nmn サプリメント 日本製 9000mg (1包300mg) 30日分 ヒカル P3 高純度99.9% サーチュイン 遺伝子 亜鉛 マルチビタミン DHA EPA L-シスチン 【公式】,12636,1,,
418951-20251204-3706198046,MALL_191429135,mall,2025/12/04 2:58:41,12636,クレジットカード,,完了,0,,楽天市場,,70169-00000054,P3_01,nmn サプリメント 日本製 9000mg (1包300mg) 30日分 ヒカル P3 高純度99.9% サーチュイン 遺伝子 亜鉛 マルチビタミン DHA EPA L-シスチン 【公式】,nmn サプリメント 日本製 9000mg (1包300mg) 30日分 ヒカル P3 高純度99.9% サーチュイン 遺伝子 亜鉛 マルチビタミン DHA EPA L-シスチン 【公式】,12636,1,,
418951-20251204-3706208023,MALL_191429568,mall,2025/12/04 3:37:34,12636,クレジットカード,,完了,0,,楽天市場,,70169-00000054,P3_01,nmn サプリメント 日本製 9000mg (1包300mg) 30日分 P3 ヒカル 高純度99.9% サーチュイン 遺伝子 亜鉛 マルチビタミン DHA EPA L-シスチン 【公式】,nmn サプリメント 日本製 9000mg (1包300mg) 30日分 P3 ヒカル 高純度99.9% サーチュイン 遺伝子 亜鉛 マルチビタミン DHA EPA L-シスチン 【公式】,12636,1,,
418951-20251204-0848242423,MALL_191430406,mall,2025/12/04 5:20:47,17800,クレジットカード,,完了,0,,楽天市場,,70169-00000178,P3_boosterset,nmn サプリメント 日本製 9000mg (1包300mg) 30日分 P3 ヒカル 高純度99.9% サーチュイン 遺伝子 亜鉛 マルチビタミン DHA EPA L-シスチン 【公式】,nmn サプリメント 日本製 9000mg (1包300mg) 30日分 P3 ヒカル 高純度99.9% サーチュイン 遺伝子 亜鉛 マルチビタミン DHA EPA L-シスチン 【公式】,17800,1,,
418951-20251204-0848242423,MALL_191430406,mall,2025/12/04 5:20:47,17800,クレジットカード,,完了,0,,楽天市場,,70169-00000178,P3_boosterset,nmn サプリメント 日本製 9000mg (1包300mg) 30日分 P3 ヒカル 高純度99.9% サーチュイン 遺伝子 亜鉛 マルチビタミン DHA EPA L-シスチン 【公式】,nmn サプリメント 日本製 9000mg (1包300mg) 30日分 P3 ヒカル 高純度99.9% サーチュイン 遺伝子 亜鉛 マルチビタミン DHA EPA L-シスチン 【公式】,17800,1,,
418951-20251204-0897542368,MALL_191434166,mall,2025/12/04 7:40:46,14040,クレジットカード,,完了,0,,楽天市場,,70169-00000054,P3_01,nmn サプリメント 日本製 9000mg (1包300mg) 30日分 P3 ヒカル 高純度99.9% サーチュイン 遺伝子 亜鉛 マルチビタミン DHA EPA L-シスチン 【公式】,nmn サプリメント 日本製 9000mg (1包300mg) 30日分 P3 ヒカル 高純度99.9% サーチュイン 遺伝子 亜鉛 マルチビタミン DHA EPA L-シスチン 【公式】,14040,1,,
418951-20251204-0766042483,MALL_191436742,mall,2025/12/04 8:29:26,17800,クレジットカード,,完了,0,,楽天市場,,70169-00000178,P3_boosterset,nmn サプリメント 日本製 9000mg (1包300mg) 30日分 P3 ヒカル 高純度99.9% サーチュイン 遺伝子 亜鉛 マルチビタミン DHA EPA L-シスチン 【公式】,nmn サプリメント 日本製 9000mg (1包300mg) 30日分 P3 ヒカル 高純度99.9% サーチュイン 遺伝子 亜鉛 マルチビタミン DHA EPA L-シスチン 【公式】,17800,1,,
418951-20251204-0766042483,MALL_191436742,mall,2025/12/04 8:29:26,17800,クレジットカード,,完了,0,,楽天市場,,70169-00000178,P3_boosterset,nmn サプリメント 日本製 9000mg (1包300mg) 30日分 P3 ヒカル 高純度99.9% サーチュイン 遺伝子 亜鉛 マルチビタミン DHA EPA L-シスチン 【公式】,nmn サプリメント 日本製 9000mg (1包300mg) 30日分 P3 ヒカル 高純度99.9% サーチュイン 遺伝子 亜鉛 マルチビタミン DHA EPA L-シスチン 【公式】,17800,1,,
418951-20251204-0949942327,MALL_191452688,mall,2025/12/04 12:14:48,14040,クレジットカード,,完了,0,,楽天市場,,70169-00000054,P3_01,nmn サプリメント 日本製 9000mg (1包300mg) 30日分 P3 ヒカル 高純度99.9% サーチュイン 遺伝子 亜鉛 マルチビタミン DHA EPA L-シスチン 【公式】,nmn サプリメント 日本製 9000mg (1包300mg) 30日分 P3 ヒカル 高純度99.9% サーチュイン 遺伝子 亜鉛 マルチビタミン DHA EPA L-シスチン 【公式】,14040,1,,
418951-20251204-0954442457,MALL_191464951,mall,2025/12/04 15:28:26,14040,クレジットカード,,完了,0,,楽天市場,,70169-00000054,P3_01,nmn サプリメント 日本製 9000mg (1包300mg) 30日分 P3 ヒカル 高純度99.9% サーチュイン 遺伝子 亜鉛 マルチビタミン DHA EPA L-シスチン 【公式】,nmn サプリメント 日本製 9000mg (1包300mg) 30日分 P3 ヒカル 高純度99.9% サーチュイン 遺伝子 亜鉛 マルチビタミン DHA EPA L-シスチン 【公式】,14040,1,,
418951-20251204-0163042615,MALL_191468277,mall,2025/12/04 16:34:45,14040,クレジットカード,,完了,0,,楽天市場,,70169-00000054,P3_01,nmn サプリメント 日本製 9000mg (1包300mg) 30日分 P3 ヒカル 高純度99.9% サーチュイン 遺伝子 亜鉛 マルチビタミン DHA EPA L-シスチン 【公式】,nmn サプリメント 日本製 9000mg (1包300mg) 30日分 P3 ヒカル 高純度99.9% サーチュイン 遺伝子 亜鉛 マルチビタミン DHA EPA L-シスチン 【公式】,14040,1,,
418951-20251204-0955942430,MALL_191468856,mall,2025/12/04 16:42:49,17800,クレジットカード,,完了,0,,楽天市場,,70169-00000178,P3_boosterset,nmn サプリメント 日本製 9000mg (1包300mg) 30日分 P3 ヒカル 高純度99.9% サーチュイン 遺伝子 亜鉛 マルチビタミン DHA EPA L-シスチン 【公式】,nmn サプリメント 日本製 9000mg (1包300mg) 30日分 P3 ヒカル 高純度99.9% サーチュイン 遺伝子 亜鉛 マルチビタミン DHA EPA L-シスチン 【公式】,17800,1,,
418951-20251204-0955942430,MALL_191468856,mall,2025/12/04 16:42:49,17800,クレジットカード,,完了,0,,楽天市場,,70169-00000178,P3_boosterset,nmn サプリメント 日本製 9000mg (1包300mg) 30日分 P3 ヒカル 高純度99.9% サーチュイン 遺伝子 亜鉛 マルチビタミン DHA EPA L-シスチン 【公式】,nmn サプリメント 日本製 9000mg (1包300mg) 30日分 P3 ヒカル 高純度99.9% サーチュイン 遺伝子 亜鉛 マルチビタミン DHA EPA L-シスチン 【公式】,17800,1,,
418951-20251204-0031842756,MALL_191473827,mall,2025/12/04 18:14:41,17800,クレジットカード,,完了,0,,楽天市場,,70169-00000178,P3_boosterset,nmn サプリメント 日本製 9000mg (1包300mg) 30日分 P3 ヒカル 高純度99.9% サーチュイン 遺伝子 亜鉛 マルチビタミン DHA EPA L-シスチン 【公式】,nmn サプリメント 日本製 9000mg (1包300mg) 30日分 P3 ヒカル 高純度99.9% サーチュイン 遺伝子 亜鉛 マルチビタミン DHA EPA L-シスチン 【公式】,17800,1,,
418951-20251204-0031842756,MALL_191473827,mall,2025/12/04 18:14:41,17800,クレジットカード,,完了,0,,楽天市場,,70169-00000178,P3_boosterset,nmn サプリメント 日本製 9000mg (1包300mg) 30日分 P3 ヒカル 高純度99.9% サーチュイン 遺伝子 亜鉛 マルチビタミン DHA EPA L-シスチン 【公式】,nmn サプリメント 日本製 9000mg (1包300mg) 30日分 P3 ヒカル 高純度99.9% サーチュイン 遺伝子 亜鉛 マルチビタミン DHA EPA L-シスチン 【公式】,17800,1,,
418951-20251204-0128442642,MALL_191475789,mall,2025/12/04 18:49:31,14040,クレジットカード,,完了,0,,楽天市場,,70169-00000054,P3_01,nmn サプリメント 日本製 9000mg (1包300mg) 30日分 P3 ヒカル 高純度99.9% サーチュイン 遺伝子 亜鉛 マルチビタミン DHA EPA L-シスチン 【公式】,nmn サプリメント 日本製 9000mg (1包300mg) 30日分 P3 ヒカル 高純度99.9% サーチュイン 遺伝子 亜鉛 マルチビタミン DHA EPA L-シスチン 【公式】,14040,1,,
418951-20251204-0134742819,MALL_191500548,mall,2025/12/04 20:09:50,14040,クレジットカード,,完了,0,,楽天市場,,70169-00000054,P3_01,nmn サプリメント 日本製 9000mg (1包300mg) 30日分 P3 ヒカル 高純度99.9% サーチュイン 遺伝子 亜鉛 マルチビタミン DHA EPA L-シスチン 【公式】,nmn サプリメント 日本製 9000mg (1包300mg) 30日分 P3 ヒカル 高純度99.9% サーチュイン 遺伝子 亜鉛 マルチビタミン DHA EPA L-シスチン 【公式】,14040,1,,
418951-20251204-0200542837,MALL_191531147,mall,2025/12/04 20:29:23,37900,クレジットカード,,完了,0,,楽天市場,,70169-00000056,P3_3set,NMNサプリメント 日本製 国産 9000mg (1包300mg) P3 お得3箱セット ヒカル 高純度99.9% サーチュイン 遺伝子 亜鉛 マルチビタミン DHA EPA L-シスチン 【公式】,NMNサプリメント 日本製 国産 9000mg (1包300mg) P3 お得3箱セット ヒカル 高純度99.9% サーチュイン 遺伝子 亜鉛 マルチビタミン DHA EPA L-シスチン 【公式】,37900,1,,
418951-20251204-0200142995,MALL_191534823,mall,2025/12/04 20:32:45,17800,クレジットカード,,完了,0,,楽天市場,,70169-00000178,P3_boosterset,nmn サプリメント 日本製 9000mg (1包300mg) 30日分 P3 ヒカル 高純度99.9% サーチュイン 遺伝子 亜鉛 マルチビタミン DHA EPA L-シスチン 【公式】,nmn サプリメント 日本製 9000mg (1包300mg) 30日分 P3 ヒカル 高純度99.9% サーチュイン 遺伝子 亜鉛 マルチビタミン DHA EPA L-シスチン 【公式】,17800,1,,
418951-20251204-0200142995,MALL_191534823,mall,2025/12/04 20:32:45,17800,クレジットカード,,完了,0,,楽天市場,,70169-00000178,P3_boosterset,nmn サプリメント 日本製 9000mg (1包300mg) 30日分 P3 ヒカル 高純度99.9% サーチュイン 遺伝子 亜鉛 マルチビタミン DHA EPA L-シスチン 【公式】,nmn サプリメント 日本製 9000mg (1包300mg) 30日分 P3 ヒカル 高純度99.9% サーチュイン 遺伝子 亜鉛 マルチビタミン DHA EPA L-シスチン 【公式】,17800,1,,
418951-20251204-0310942833,MALL_191556334,mall,2025/12/04 20:56:14,14040,クレジットカード,,完了,0,,楽天市場,,70169-00000054,P3_01,nmn サプリメント 日本製 9000mg (1包300mg) 30日分 P3 ヒカル 高純度99.9% サーチュイン 遺伝子 亜鉛 マルチビタミン DHA EPA L-シスチン 【公式】,nmn サプリメント 日本製 9000mg (1包300mg) 30日分 P3 ヒカル 高純度99.9% サーチュイン 遺伝子 亜鉛 マルチビタミン DHA EPA L-シスチン 【公式】,14040,1,,
418951-20251204-0352942764,MALL_191565470,mall,2025/12/04 21:09:40,37900,クレジットカード,,完了,0,,楽天市場,,70169-00000056,P3_3set,NMNサプリメント 日本製 国産 9000mg (1包300mg) P3 お得3箱セット ヒカル 高純度99.9% サーチュイン 遺伝子 亜鉛 マルチビタミン DHA EPA L-シスチン 【公式】,NMNサプリメント 日本製 国産 9000mg (1包300mg) P3 お得3箱セット ヒカル 高純度99.9% サーチュイン 遺伝子 亜鉛 マルチビタミン DHA EPA L-シスチン 【公式】,37900,1,,
418951-20251204-0421842977,MALL_191601041,mall,2025/12/04 22:14:23,37900,クレジットカード,,完了,0,,楽天市場,,70169-00000056,P3_3set,NMNサプリメント 日本製 国産 9000mg (1包300mg) P3 お得3箱セット ヒカル 高純度99.9% サーチュイン 遺伝子 亜鉛 マルチビタミン DHA EPA L-シスチン 【公式】,NMNサプリメント 日本製 国産 9000mg (1包300mg) P3 お得3箱セット ヒカル 高純度99.9% サーチュイン 遺伝子 亜鉛 マルチビタミン DHA EPA L-シスチン 【公式】,37900,1,,
418951-20251204-0596642696,MALL_191615147,mall,2025/12/04 22:52:20,14040,クレジットカード,,完了,0,,楽天市場,,70169-00000054,P3_01,nmn サプリメント 日本製 9000mg (1包300mg) 30日分 P3 ヒカル 高純度99.9% サーチュイン 遺伝子 亜鉛 マルチビタミン DHA EPA L-シスチン 【公式】,nmn サプリメント 日本製 9000mg (1包300mg) 30日分 P3 ヒカル 高純度99.9% サーチュイン 遺伝子 亜鉛 マルチビタミン DHA EPA L-シスチン 【公式】,14040,1,,
418951-20251204-0245443152,MALL_191621224,mall,2025/12/04 23:11:11,26600,クレジットカード,,完了,0,,楽天市場,,70169-00000055,P3_2set,nmn サプリ 日本製 国産 サプリメント 9000mg (1包300mg) P3 お得2箱セット ヒカル 高純度99.9% サーチュイン 遺伝子 亜鉛 マルチビタミン DHA EPA L-シスチン 【公式】,nmn サプリ 日本製 国産 サプリメント 9000mg (1包300mg) P3 お得2箱セット ヒカル 高純度99.9% サーチュイン 遺伝子 亜鉛 マルチビタミン DHA EPA L-シスチン 【公式】,26600,1,,
418951-20251204-0501742966,MALL_191622061,mall,2025/12/04 23:14:14,14040,クレジットカード,,完了,0,,楽天市場,,70169-00000054,P3_01,nmn サプリメント 日本製 9000mg (1包300mg) 30日分 P3 ヒカル 高純度99.9% サーチュイン 遺伝子 亜鉛 マルチビタミン DHA EPA L-シスチン 【公式】,nmn サプリメント 日本製 9000mg (1包300mg) 30日分 P3 ヒカル 高純度99.9% サーチュイン 遺伝子 亜鉛 マルチビタミン DHA EPA L-シスチン 【公式】,14040,1,,
418951-20251204-0535542839,MALL_191631504,mall,2025/12/04 23:54:00,17800,クレジットカード,,完了,0,,楽天市場,,70169-00000178,P3_boosterset,nmn サプリメント 日本製 9000mg (1包300mg) 30日分 P3 ヒカル 高純度99.9% サーチュイン 遺伝子 亜鉛 マルチビタミン DHA EPA L-シスチン 【公式】,nmn サプリメント 日本製 9000mg (1包300mg) 30日分 P3 ヒカル 高純度99.9% サーチュイン 遺伝子 亜鉛 マルチビタミン DHA EPA L-シスチン 【公式】,17800,1,,
418951-20251204-0535542839,MALL_191631504,mall,2025/12/04 23:54:00,17800,クレジットカード,,完了,0,,楽天市場,,70169-00000178,P3_boosterset,nmn サプリメント 日本製 9000mg (1包300mg) 30日分 P3 ヒカル 高純度99.9% サーチュイン 遺伝子 亜鉛 マルチビタミン DHA EPA L-シスチン 【公式】,nmn サプリメント 日本製 9000mg (1包300mg) 30日分 P3 ヒカル 高純度99.9% サーチュイン 遺伝子 亜鉛 マルチビタミン DHA EPA L-シスチン 【公式】,17800,1,,
418951-20251205-3710282224,MALL_191642969,mall,2025/12/05 0:18:07,4276,クレジットカード,,完了,0,,楽天市場,,70169-00000163,p3_booster_01,P3 BOOSTER ブースターゼリー 1箱30包入り ヒカル P3 NMN 補給サポート 腸活 ルテオリン サプリ ラクチュロースシロップ 菊の花エキス 植物性ナノ型乳酸菌 エクソソームプラセンタ 配合【公式】,P3 BOOSTER ブースターゼリー 1箱30包入り ヒカル P3 NMN 補給サポート 腸活 ルテオリン サプリ ラクチュロースシロップ 菊の花エキス 植物性ナノ型乳酸菌 エクソソームプラセンタ 配合【公式】,4276,1,,
418951-20251205-0600042999,MALL_191655955,mall,2025/12/05 0:51:08,37900,クレジットカード,,完了,0,,楽天市場,,70169-00000056,P3_3set,NMNサプリメント 日本製 国産 9000mg (1包300mg) P3 お得3箱セット ヒカル 高純度99.9% サーチュイン 遺伝子 亜鉛 マルチビタミン DHA EPA L-シスチン 【公式】,NMNサプリメント 日本製 国産 9000mg (1包300mg) P3 お得3箱セット ヒカル 高純度99.9% サーチュイン 遺伝子 亜鉛 マルチビタミン DHA EPA L-シスチン 【公式】,37900,1,,
418951-20251205-3710881693,MALL_191671951,mall,2025/12/05 2:19:59,12636,クレジットカード,,完了,0,,楽天市場,,70169-00000054,P3_01,【定期購入】【1箱から継続中ずっと10％OFF】P3 NMNパーフェクトサプリメント1箱 ヒカル サプリ 日本製 9000mg (1包300mg) 30日分 高純度99.9% サーチュイン 遺伝子 亜鉛 マルチビタミン DHA EPA L-シスチン 【公式】,【定期購入】【1箱から継続中ずっと10％OFF】P3 NMNパーフェクトサプリメント1箱 ヒカル サプリ 日本製 9000mg (1包300mg) 30日分 高純度99.9% サーチュイン 遺伝子 亜鉛 マルチビタミン DHA EPA L-シスチン 【公式】,12636,1,,
418951-20251205-3710881769,MALL_191671954,mall,2025/12/05 2:20:01,12636,後払い(楽天),,完了,0,,楽天市場,,70169-00000054,P3_01,【定期購入】【1箱から継続中ずっと10％OFF】P3 NMNパーフェクトサプリメント1箱 ヒカル サプリ 日本製 9000mg (1包300mg) 30日分 高純度99.9% サーチュイン 遺伝子 亜鉛 マルチビタミン DHA EPA L-シスチン 【公式】,【定期購入】【1箱から継続中ずっと10％OFF】P3 NMNパーフェクトサプリメント1箱 ヒカル サプリ 日本製 9000mg (1包300mg) 30日分 高純度99.9% サーチュイン 遺伝子 亜鉛 マルチビタミン DHA EPA L-シスチン 【公式】,12636,1,,
418951-20251205-3710902808,MALL_191672871,mall,2025/12/05 2:28:38,12636,クレジットカード,,完了,0,,楽天市場,,70169-00000054,P3_01,【定期購入】【1箱から継続中ずっと10％OFF】P3 NMNパーフェクトサプリメント1箱 ヒカル サプリ 日本製 9000mg (1包300mg) 30日分 高純度99.9% サーチュイン 遺伝子 亜鉛 マルチビタミン DHA EPA L-シスチン 【公式】,【定期購入】【1箱から継続中ずっと10％OFF】P3 NMNパーフェクトサプリメント1箱 ヒカル サプリ 日本製 9000mg (1包300mg) 30日分 高純度99.9% サーチュイン 遺伝子 亜鉛 マルチビタミン DHA EPA L-シスチン 【公式】,12636,1,,
418951-20251205-3710902867,MALL_191672876,mall,2025/12/05 2:28:40,12636,クレジットカード,,完了,0,,楽天市場,,70169-00000054,P3_01,【定期購入】【1箱から継続中ずっと10％OFF】P3 NMNパーフェクトサプリメント1箱 ヒカル サプリ 日本製 9000mg (1包300mg) 30日分 高純度99.9% サーチュイン 遺伝子 亜鉛 マルチビタミン DHA EPA L-シスチン 【公式】,【定期購入】【1箱から継続中ずっと10％OFF】P3 NMNパーフェクトサプリメント1箱 ヒカル サプリ 日本製 9000mg (1包300mg) 30日分 高純度99.9% サーチュイン 遺伝子 亜鉛 マルチビタミン DHA EPA L-シスチン 【公式】,12636,1,,
418951-20251205-3710935575,MALL_191674775,mall,2025/12/05 2:49:36,12636,クレジットカード,,完了,0,,楽天市場,,70169-00000054,P3_01,nmn サプリメント 日本製 9000mg (1包300mg) 30日分 ヒカル P3 高純度99.9% サーチュイン 遺伝子 亜鉛 マルチビタミン DHA EPA L-シスチン 【公式】,nmn サプリメント 日本製 9000mg (1包300mg) 30日分 ヒカル P3 高純度99.9% サーチュイン 遺伝子 亜鉛 マルチビタミン DHA EPA L-シスチン 【公式】,12636,1,,
418951-20251205-3710935578,MALL_191674779,mall,2025/12/05 2:49:37,12636,クレジットカード,,完了,0,,楽天市場,,70169-00000054,P3_01,nmn サプリメント 日本製 9000mg (1包300mg) 30日分 ヒカル P3 高純度99.9% サーチュイン 遺伝子 亜鉛 マルチビタミン DHA EPA L-シスチン 【公式】,nmn サプリメント 日本製 9000mg (1包300mg) 30日分 ヒカル P3 高純度99.9% サーチュイン 遺伝子 亜鉛 マルチビタミン DHA EPA L-シスチン 【公式】,12636,1,,
418951-20251205-0788142674,MALL_191674904,mall,2025/12/05 2:50:47,28080,クレジットカード,,完了,0,,楽天市場,,70169-00000054,P3_01,nmn サプリメント 日本製 9000mg (1包300mg) 30日分 P3 ヒカル 高純度99.9% サーチュイン 遺伝子 亜鉛 マルチビタミン DHA EPA L-シスチン 【公式】,nmn サプリメント 日本製 9000mg (1包300mg) 30日分 P3 ヒカル 高純度99.9% サーチュイン 遺伝子 亜鉛 マルチビタミン DHA EPA L-シスチン 【公式】,14040,2,,
418951-20251205-3710965438,MALL_191676179,mall,2025/12/05 3:11:08,12636,クレジットカード,,完了,0,,楽天市場,,70169-00000054,P3_01,nmn サプリメント 日本製 9000mg (1包300mg) 30日分 ヒカル P3 高純度99.9% サーチュイン 遺伝子 亜鉛 マルチビタミン DHA EPA L-シスチン 【公式】,nmn サプリメント 日本製 9000mg (1包300mg) 30日分 ヒカル P3 高純度99.9% サーチュイン 遺伝子 亜鉛 マルチビタミン DHA EPA L-シスチン 【公式】,12636,1,,
418951-20251205-3710965507,MALL_191676182,mall,2025/12/05 3:11:09,12636,クレジットカード,,完了,0,,楽天市場,,70169-00000054,P3_01,nmn サプリメント 日本製 9000mg (1包300mg) 30日分 ヒカル P3 高純度99.9% サーチュイン 遺伝子 亜鉛 マルチビタミン DHA EPA L-シスチン 【公式】,nmn サプリメント 日本製 9000mg (1包300mg) 30日分 ヒカル P3 高純度99.9% サーチュイン 遺伝子 亜鉛 マルチビタミン DHA EPA L-シスチン 【公式】,12636,1,,
418951-20251205-3710989223,MALL_191677268,mall,2025/12/05 3:28:40,12636,クレジットカード,,完了,0,,楽天市場,,70169-00000054,P3_01,nmn サプリメント 日本製 9000mg (1包300mg) 30日分 ヒカル P3 高純度99.9% サーチュイン 遺伝子 亜鉛 マルチビタミン DHA EPA L-シスチン 【公式】,nmn サプリメント 日本製 9000mg (1包300mg) 30日分 ヒカル P3 高純度99.9% サーチュイン 遺伝子 亜鉛 マルチビタミン DHA EPA L-シスチン 【公式】,12636,1,,
418951-20251205-3711011249,MALL_191678487,mall,2025/12/05 3:49:56,25272,クレジットカード,,完了,0,,楽天市場,,70169-00000054,P3_01,nmn サプリメント 日本製 9000mg (1包300mg) 30日分 ヒカル P3 高純度99.9% サーチュイン 遺伝子 亜鉛 マルチビタミン DHA EPA L-シスチン 【公式】,nmn サプリメント 日本製 9000mg (1包300mg) 30日分 ヒカル P3 高純度99.9% サーチュイン 遺伝子 亜鉛 マルチビタミン DHA EPA L-シスチン 【公式】,12636,2,,
418951-20251205-3711023334,MALL_191678901,mall,2025/12/05 3:58:36,12636,クレジットカード,,完了,0,,楽天市場,,70169-00000054,P3_01,nmn サプリメント 日本製 9000mg (1包300mg) 30日分 ヒカル P3 高純度99.9% サーチュイン 遺伝子 亜鉛 マルチビタミン DHA EPA L-シスチン 【公式】,nmn サプリメント 日本製 9000mg (1包300mg) 30日分 ヒカル P3 高純度99.9% サーチュイン 遺伝子 亜鉛 マルチビタミン DHA EPA L-シスチン 【公式】,12636,1,,
418951-20251205-3711037754,MALL_191680129,mall,2025/12/05 4:19:56,12636,クレジットカード,,完了,0,,楽天市場,,70169-00000054,P3_01,nmn サプリメント 日本製 9000mg (1包300mg) 30日分 P3 ヒカル 高純度99.9% サーチュイン 遺伝子 亜鉛 マルチビタミン DHA EPA L-シスチン 【公式】,nmn サプリメント 日本製 9000mg (1包300mg) 30日分 P3 ヒカル 高純度99.9% サーチュイン 遺伝子 亜鉛 マルチビタミン DHA EPA L-シスチン 【公式】,12636,1,,
418951-20251205-3711054394,MALL_191289990,mall,2025/12/05 4:28:53,16762,クレジットカード,,完了,0,,楽天市場,,70169-00000178,P3_boosterset,nmn サプリメント 日本製 9000mg (1包300mg) 30日分 P3 ヒカル 高純度99.9% サーチュイン 遺伝子 亜鉛 マルチビタミン DHA EPA L-シスチン 【公式】,nmn サプリメント 日本製 9000mg (1包300mg) 30日分 P3 ヒカル 高純度99.9% サーチュイン 遺伝子 亜鉛 マルチビタミン DHA EPA L-シスチン 【公式】,16762,1,,
418951-20251205-3711054394,MALL_191289990,mall,2025/12/05 4:28:53,16762,クレジットカード,,完了,0,,楽天市場,,70169-00000178,P3_boosterset,nmn サプリメント 日本製 9000mg (1包300mg) 30日分 P3 ヒカル 高純度99.9% サーチュイン 遺伝子 亜鉛 マルチビタミン DHA EPA L-シスチン 【公式】,nmn サプリメント 日本製 9000mg (1包300mg) 30日分 P3 ヒカル 高純度99.9% サーチュイン 遺伝子 亜鉛 マルチビタミン DHA EPA L-シスチン 【公式】,16762,1,,
418951-20251205-0669742949,MALL_191687461,mall,2025/12/05 5:52:01,17800,クレジットカード,,完了,0,,楽天市場,,70169-00000178,P3_boosterset,nmn サプリメント 日本製 9000mg (1包300mg) 30日分 P3 ヒカル 高純度99.9% サーチュイン 遺伝子 亜鉛 マルチビタミン DHA EPA L-シスチン 【公式】,nmn サプリメント 日本製 9000mg (1包300mg) 30日分 P3 ヒカル 高純度99.9% サーチュイン 遺伝子 亜鉛 マルチビタミン DHA EPA L-シスチン 【公式】,17800,1,,
418951-20251205-0669742949,MALL_191687461,mall,2025/12/05 5:52:01,17800,クレジットカード,,完了,0,,楽天市場,,70169-00000178,P3_boosterset,nmn サプリメント 日本製 9000mg (1包300mg) 30日分 P3 ヒカル 高純度99.9% サーチュイン 遺伝子 亜鉛 マルチビタミン DHA EPA L-シスチン 【公式】,nmn サプリメント 日本製 9000mg (1包300mg) 30日分 P3 ヒカル 高純度99.9% サーチュイン 遺伝子 亜鉛 マルチビタミン DHA EPA L-シスチン 【公式】,17800,1,,
418951-20251205-0652543022,MALL_191690174,mall,2025/12/05 6:10:14,14040,クレジットカード,,完了,0,,楽天市場,,70169-00000054,P3_01,nmn サプリメント 日本製 9000mg (1包300mg) 30日分 P3 ヒカル 高純度99.9% サーチュイン 遺伝子 亜鉛 マルチビタミン DHA EPA L-シスチン 【公式】,nmn サプリメント 日本製 9000mg (1包300mg) 30日分 P3 ヒカル 高純度99.9% サーチュイン 遺伝子 亜鉛 マルチビタミン DHA EPA L-シスチン 【公式】,14040,1,,
418951-20251205-0709343022,MALL_191710967,mall,2025/12/05 7:39:36,37900,クレジットカード,,完了,0,,楽天市場,,70169-00000056,P3_3set,NMNサプリメント 日本製 国産 9000mg (1包300mg) P3 お得3箱セット ヒカル 高純度99.9% サーチュイン 遺伝子 亜鉛 マルチビタミン DHA EPA L-シスチン 【公式】,NMNサプリメント 日本製 国産 9000mg (1包300mg) P3 お得3箱セット ヒカル 高純度99.9% サーチュイン 遺伝子 亜鉛 マルチビタミン DHA EPA L-シスチン 【公式】,37900,1,,
418951-20251205-0763842954,MALL_191714182,mall,2025/12/05 7:50:00,14040,クレジットカード,,完了,0,,楽天市場,,70169-00000054,P3_01,nmn サプリメント 日本製 9000mg (1包300mg) 30日分 P3 ヒカル 高純度99.9% サーチュイン 遺伝子 亜鉛 マルチビタミン DHA EPA L-シスチン 【公式】,nmn サプリメント 日本製 9000mg (1包300mg) 30日分 P3 ヒカル 高純度99.9% サーチュイン 遺伝子 亜鉛 マルチビタミン DHA EPA L-シスチン 【公式】,14040,1,,
418951-20251205-0805443004,MALL_191723982,mall,2025/12/05 8:19:47,14040,クレジットカード,,完了,0,,楽天市場,,70169-00000054,P3_01,nmn サプリメント 日本製 9000mg (1包300mg) 30日分 P3 ヒカル 高純度99.9% サーチュイン 遺伝子 亜鉛 マルチビタミン DHA EPA L-シスチン 【公式】,nmn サプリメント 日本製 9000mg (1包300mg) 30日分 P3 ヒカル 高純度99.9% サーチュイン 遺伝子 亜鉛 マルチビタミン DHA EPA L-シスチン 【公式】,14040,1,,
418951-20251205-0601943130,MALL_191728496,mall,2025/12/05 8:30:57,17800,クレジットカード,,完了,0,,楽天市場,,70169-00000178,P3_boosterset,nmn サプリメント 日本製 9000mg (1包300mg) 30日分 P3 ヒカル 高純度99.9% サーチュイン 遺伝子 亜鉛 マルチビタミン DHA EPA L-シスチン 【公式】,nmn サプリメント 日本製 9000mg (1包300mg) 30日分 P3 ヒカル 高純度99.9% サーチュイン 遺伝子 亜鉛 マルチビタミン DHA EPA L-シスチン 【公式】,17800,1,,
418951-20251205-0601943130,MALL_191728496,mall,2025/12/05 8:30:57,17800,クレジットカード,,完了,0,,楽天市場,,70169-00000178,P3_boosterset,nmn サプリメント 日本製 9000mg (1包300mg) 30日分 P3 ヒカル 高純度99.9% サーチュイン 遺伝子 亜鉛 マルチビタミン DHA EPA L-シスチン 【公式】,nmn サプリメント 日本製 9000mg (1包300mg) 30日分 P3 ヒカル 高純度99.9% サーチュイン 遺伝子 亜鉛 マルチビタミン DHA EPA L-シスチン 【公式】,17800,1,,
418951-20251205-0660843144,MALL_191760078,mall,2025/12/05 10:07:17,28080,クレジットカード,,完了,0,,楽天市場,,70169-00000054,P3_01,nmn サプリメント 日本製 9000mg (1包300mg) 30日分 P3 ヒカル 高純度99.9% サーチュイン 遺伝子 亜鉛 マルチビタミン DHA EPA L-シスチン 【公式】,nmn サプリメント 日本製 9000mg (1包300mg) 30日分 P3 ヒカル 高純度99.9% サーチュイン 遺伝子 亜鉛 マルチビタミン DHA EPA L-シスチン 【公式】,14040,2,,
418951-20251205-0080843228,MALL_191761996,mall,2025/12/05 10:11:01,14040,クレジットカード,,完了,0,,楽天市場,,70169-00000054,P3_01,nmn サプリメント 日本製 9000mg (1包300mg) 30日分 P3 ヒカル 高純度99.9% サーチュイン 遺伝子 亜鉛 マルチビタミン DHA EPA L-シスチン 【公式】,nmn サプリメント 日本製 9000mg (1包300mg) 30日分 P3 ヒカル 高純度99.9% サーチュイン 遺伝子 亜鉛 マルチビタミン DHA EPA L-シスチン 【公式】,14040,1,,
418951-20251205-0140843187,MALL_191760078,mall,2025/12/05 10:13:02,14040,クレジットカード,,完了,0,,楽天市場,,70169-00000054,P3_01,nmn サプリメント 日本製 9000mg (1包300mg) 30日分 P3 ヒカル 高純度99.9% サーチュイン 遺伝子 亜鉛 マルチビタミン DHA EPA L-シスチン 【公式】,nmn サプリメント 日本製 9000mg (1包300mg) 30日分 P3 ヒカル 高純度99.9% サーチュイン 遺伝子 亜鉛 マルチビタミン DHA EPA L-シスチン 【公式】,14040,1,,
418951-20251205-0955342998,MALL_191642969,mall,2025/12/05 10:37:19,73200,クレジットカード,,完了,0,,楽天市場,,70169-00000150,P3_6set,【まとめセット最大割引11;040円OFF】nmn サプリ 日本製 国産 サプリメント 9000mg (1包300mg) P3 お得6箱セット ヒカル 高純度99.9% サーチュイン 遺伝子 亜鉛 マルチビタミン DHA EPA L-シスチン 【公式】,【まとめセット最大割引11;040円OFF】nmn サプリ 日本製 国産 サプリメント 9000mg (1包300mg) P3 お得6箱セット ヒカル 高純度99.9% サーチュイン 遺伝子 亜鉛 マルチビタミン DHA EPA L-シスチン 【公式】,73200,1,,
418951-20251205-0127943231,MALL_191775509,mall,2025/12/05 10:56:48,14040,クレジットカード,,完了,0,,楽天市場,,70169-00000054,P3_01,nmn サプリメント 日本製 9000mg (1包300mg) 30日分 P3 ヒカル 高純度99.9% サーチュイン 遺伝子 亜鉛 マルチビタミン DHA EPA L-シスチン 【公式】,nmn サプリメント 日本製 9000mg (1包300mg) 30日分 P3 ヒカル 高純度99.9% サーチュイン 遺伝子 亜鉛 マルチビタミン DHA EPA L-シスチン 【公式】,14040,1,,
418951-20251205-0934442997,MALL_191776558,mall,2025/12/05 11:00:22,14040,クレジットカード,,完了,0,,楽天市場,,70169-00000054,P3_01,nmn サプリメント 日本製 9000mg (1包300mg) 30日分 P3 ヒカル 高純度99.9% サーチュイン 遺伝子 亜鉛 マルチビタミン DHA EPA L-シスチン 【公式】,nmn サプリメント 日本製 9000mg (1包300mg) 30日分 P3 ヒカル 高純度99.9% サーチュイン 遺伝子 亜鉛 マルチビタミン DHA EPA L-シスチン 【公式】,14040,1,,
418951-20251205-0810643096,MALL_191777289,mall,2025/12/05 11:03:22,28080,クレジットカード,,完了,0,,楽天市場,,70169-00000054,P3_01,nmn サプリメント 日本製 9000mg (1包300mg) 30日分 P3 ヒカル 高純度99.9% サーチュイン 遺伝子 亜鉛 マルチビタミン DHA EPA L-シスチン 【公式】,nmn サプリメント 日本製 9000mg (1包300mg) 30日分 P3 ヒカル 高純度99.9% サーチュイン 遺伝子 亜鉛 マルチビタミン DHA EPA L-シスチン 【公式】,14040,2,,
418951-20251205-0015243347,MALL_191781426,mall,2025/12/05 11:18:35,14040,クレジットカード,,完了,0,,楽天市場,,70169-00000054,P3_01,nmn サプリメント 日本製 9000mg (1包300mg) 30日分 P3 ヒカル 高純度99.9% サーチュイン 遺伝子 亜鉛 マルチビタミン DHA EPA L-シスチン 【公式】,nmn サプリメント 日本製 9000mg (1包300mg) 30日分 P3 ヒカル 高純度99.9% サーチュイン 遺伝子 亜鉛 マルチビタミン DHA EPA L-シスチン 【公式】,14040,1,,
418951-20251205-0023843360,MALL_191788448,mall,2025/12/05 11:39:25,14040,クレジットカード,,完了,0,,楽天市場,,70169-00000054,P3_01,nmn サプリメント 日本製 9000mg (1包300mg) 30日分 P3 ヒカル 高純度99.9% サーチュイン 遺伝子 亜鉛 マルチビタミン DHA EPA L-シスチン 【公式】,nmn サプリメント 日本製 9000mg (1包300mg) 30日分 P3 ヒカル 高純度99.9% サーチュイン 遺伝子 亜鉛 マルチビタミン DHA EPA L-シスチン 【公式】,14040,1,,
418951-20251205-0012843392,MALL_191790228,mall,2025/12/05 11:45:17,4752,クレジットカード,,完了,0,,楽天市場,,70169-00000163,p3_booster_01,P3 BOOSTER ブースターゼリー 1箱30包入り ヒカル P3 NMN 補給サポート 腸活 ルテオリン サプリ ラクチュロースシロップ 菊の花エキス 植物性ナノ型乳酸菌 エクソソームプラセンタ 配合【公式】,P3 BOOSTER ブースターゼリー 1箱30包入り ヒカル P3 NMN 補給サポート 腸活 ルテオリン サプリ ラクチュロースシロップ 菊の花エキス 植物性ナノ型乳酸菌 エクソソームプラセンタ 配合【公式】,4752,1,,
418951-20251205-0016343385,MALL_190963992,mall,2025/12/05 11:46:08,42120,クレジットカード,,完了,0,,楽天市場,,70169-00000054,P3_01,nmn サプリメント 日本製 9000mg (1包300mg) 30日分 P3 ヒカル 高純度99.9% サーチュイン 遺伝子 亜鉛 マルチビタミン DHA EPA L-シスチン 【公式】,nmn サプリメント 日本製 9000mg (1包300mg) 30日分 P3 ヒカル 高純度99.9% サーチュイン 遺伝子 亜鉛 マルチビタミン DHA EPA L-シスチン 【公式】,14040,3,,
418951-20251205-0986443009,MALL_191791181,mall,2025/12/05 11:49:06,14040,クレジットカード,,完了,0,,楽天市場,,70169-00000054,P3_01,nmn サプリメント 日本製 9000mg (1包300mg) 30日分 P3 ヒカル 高純度99.9% サーチュイン 遺伝子 亜鉛 マルチビタミン DHA EPA L-シスチン 【公式】,nmn サプリメント 日本製 9000mg (1包300mg) 30日分 P3 ヒカル 高純度99.9% サーチュイン 遺伝子 亜鉛 マルチビタミン DHA EPA L-シスチン 【公式】,14040,1,,
418951-20251205-0042443379,MALL_191781426,mall,2025/12/05 12:07:25,14040,クレジットカード,,完了,0,,楽天市場,,70169-00000054,P3_01,nmn サプリメント 日本製 9000mg (1包300mg) 30日分 P3 ヒカル 高純度99.9% サーチュイン 遺伝子 亜鉛 マルチビタミン DHA EPA L-シスチン 【公式】,nmn サプリメント 日本製 9000mg (1包300mg) 30日分 P3 ヒカル 高純度99.9% サーチュイン 遺伝子 亜鉛 マルチビタミン DHA EPA L-シスチン 【公式】,14040,1,,
418951-20251205-3713179812,MALL_191797716,mall,2025/12/05 12:14:00,12636,後払い(楽天),,完了,0,,楽天市場,,70169-00000054,P3_01,nmn サプリメント 日本製 9000mg (1包300mg) 30日分 P3 ヒカル 高純度99.9% サーチュイン 遺伝子 亜鉛 マルチビタミン DHA EPA L-シスチン 【公式】,nmn サプリメント 日本製 9000mg (1包300mg) 30日分 P3 ヒカル 高純度99.9% サーチュイン 遺伝子 亜鉛 マルチビタミン DHA EPA L-シスチン 【公式】,12636,1,,
418951-20251205-0149143299,MALL_191809897,mall,2025/12/05 12:50:57,17800,クレジットカード,,完了,0,,楽天市場,,70169-00000178,P3_boosterset,nmn サプリメント 日本製 9000mg (1包300mg) 30日分 P3 ヒカル 高純度99.9% サーチュイン 遺伝子 亜鉛 マルチビタミン DHA EPA L-シスチン 【公式】,nmn サプリメント 日本製 9000mg (1包300mg) 30日分 P3 ヒカル 高純度99.9% サーチュイン 遺伝子 亜鉛 マルチビタミン DHA EPA L-シスチン 【公式】,17800,1,,
418951-20251205-0149143299,MALL_191809897,mall,2025/12/05 12:50:57,17800,クレジットカード,,完了,0,,楽天市場,,70169-00000178,P3_boosterset,nmn サプリメント 日本製 9000mg (1包300mg) 30日分 P3 ヒカル 高純度99.9% サーチュイン 遺伝子 亜鉛 マルチビタミン DHA EPA L-シスチン 【公式】,nmn サプリメント 日本製 9000mg (1包300mg) 30日分 P3 ヒカル 高純度99.9% サーチュイン 遺伝子 亜鉛 マルチビタミン DHA EPA L-シスチン 【公式】,17800,1,,
418951-20251205-3713511665,MALL_191815725,mall,2025/12/05 13:11:15,12636,クレジットカード,,完了,0,,楽天市場,,70169-00000054,P3_01,nmn サプリメント 日本製 9000mg (1包300mg) 30日分 P3 ヒカル 高純度99.9% サーチュイン 遺伝子 亜鉛 マルチビタミン DHA EPA L-シスチン 【公式】,nmn サプリメント 日本製 9000mg (1包300mg) 30日分 P3 ヒカル 高純度99.9% サーチュイン 遺伝子 亜鉛 マルチビタミン DHA EPA L-シスチン 【公式】,12636,1,,
418951-20251205-0888443084,MALL_191817663,mall,2025/12/05 13:18:43,14040,クレジットカード,,完了,0,,楽天市場,,70169-00000054,P3_01,nmn サプリメント 日本製 9000mg (1包300mg) 30日分 P3 ヒカル 高純度99.9% サーチュイン 遺伝子 亜鉛 マルチビタミン DHA EPA L-シスチン 【公式】,nmn サプリメント 日本製 9000mg (1包300mg) 30日分 P3 ヒカル 高純度99.9% サーチュイン 遺伝子 亜鉛 マルチビタミン DHA EPA L-シスチン 【公式】,14040,1,,
418951-20251205-0217643283,MALL_191824938,mall,2025/12/05 13:48:19,17800,クレジットカード,,完了,0,,楽天市場,,70169-00000178,P3_boosterset,nmn サプリメント 日本製 9000mg (1包300mg) 30日分 P3 ヒカル 高純度99.9% サーチュイン 遺伝子 亜鉛 マルチビタミン DHA EPA L-シスチン 【公式】,nmn サプリメント 日本製 9000mg (1包300mg) 30日分 P3 ヒカル 高純度99.9% サーチュイン 遺伝子 亜鉛 マルチビタミン DHA EPA L-シスチン 【公式】,17800,1,,
418951-20251205-0217643283,MALL_191824938,mall,2025/12/05 13:48:19,17800,クレジットカード,,完了,0,,楽天市場,,70169-00000178,P3_boosterset,nmn サプリメント 日本製 9000mg (1包300mg) 30日分 P3 ヒカル 高純度99.9% サーチュイン 遺伝子 亜鉛 マルチビタミン DHA EPA L-シスチン 【公式】,nmn サプリメント 日本製 9000mg (1包300mg) 30日分 P3 ヒカル 高純度99.9% サーチュイン 遺伝子 亜鉛 マルチビタミン DHA EPA L-シスチン 【公式】,17800,1,,
418951-20251205-0261843253,MALL_191826430,mall,2025/12/05 13:54:50,14040,クレジットカード,,完了,0,,楽天市場,,70169-00000054,P3_01,nmn サプリメント 日本製 9000mg (1包300mg) 30日分 P3 ヒカル 高純度99.9% サーチュイン 遺伝子 亜鉛 マルチビタミン DHA EPA L-シスチン 【公式】,nmn サプリメント 日本製 9000mg (1包300mg) 30日分 P3 ヒカル 高純度99.9% サーチュイン 遺伝子 亜鉛 マルチビタミン DHA EPA L-シスチン 【公式】,14040,1,,
418951-20251205-0150143399,MALL_191835060,mall,2025/12/05 14:30:43,14040,クレジットカード,,完了,0,,楽天市場,,70169-00000054,P3_01,nmn サプリメント 日本製 9000mg (1包300mg) 30日分 P3 ヒカル 高純度99.9% サーチュイン 遺伝子 亜鉛 マルチビタミン DHA EPA L-シスチン 【公式】,nmn サプリメント 日本製 9000mg (1包300mg) 30日分 P3 ヒカル 高純度99.9% サーチュイン 遺伝子 亜鉛 マルチビタミン DHA EPA L-シスチン 【公式】,14040,1,,
418951-20251205-0370743192,MALL_191836847,mall,2025/12/05 14:37:00,37900,クレジットカード,,完了,0,,楽天市場,,70169-00000056,P3_3set,NMNサプリメント 日本製 国産 9000mg (1包300mg) P3 お得3箱セット ヒカル 高純度99.9% サーチュイン 遺伝子 亜鉛 マルチビタミン DHA EPA L-シスチン 【公式】,NMNサプリメント 日本製 国産 9000mg (1包300mg) P3 お得3箱セット ヒカル 高純度99.9% サーチュイン 遺伝子 亜鉛 マルチビタミン DHA EPA L-シスチン 【公式】,37900,1,,
418951-20251205-0075243475,MALL_191839205,mall,2025/12/05 14:47:55,26600,クレジットカード,,完了,0,,楽天市場,,70169-00000055,P3_2set,nmn サプリ 日本製 国産 サプリメント 9000mg (1包300mg) P3 お得2箱セット ヒカル 高純度99.9% サーチュイン 遺伝子 亜鉛 マルチビタミン DHA EPA L-シスチン 【公式】,nmn サプリ 日本製 国産 サプリメント 9000mg (1包300mg) P3 お得2箱セット ヒカル 高純度99.9% サーチュイン 遺伝子 亜鉛 マルチビタミン DHA EPA L-シスチン 【公式】,26600,1,,
418951-20251205-0945943078,MALL_191850394,mall,2025/12/05 15:40:06,14040,クレジットカード,,完了,0,,楽天市場,,70169-00000054,P3_01,nmn サプリメント 日本製 9000mg (1包300mg) 30日分 P3 ヒカル 高純度99.9% サーチュイン 遺伝子 亜鉛 マルチビタミン DHA EPA L-シスチン 【公式】,nmn サプリメント 日本製 9000mg (1包300mg) 30日分 P3 ヒカル 高純度99.9% サーチュイン 遺伝子 亜鉛 マルチビタミン DHA EPA L-シスチン 【公式】,14040,1,,
418951-20251205-0294643331,MALL_191858847,mall,2025/12/05 16:23:19,17800,クレジットカード,,完了,0,,楽天市場,,70169-00000178,P3_boosterset,nmn サプリメント 日本製 9000mg (1包300mg) 30日分 P3 ヒカル 高純度99.9% サーチュイン 遺伝子 亜鉛 マルチビタミン DHA EPA L-シスチン 【公式】,nmn サプリメント 日本製 9000mg (1包300mg) 30日分 P3 ヒカル 高純度99.9% サーチュイン 遺伝子 亜鉛 マルチビタミン DHA EPA L-シスチン 【公式】,17800,1,,
418951-20251205-0294643331,MALL_191858847,mall,2025/12/05 16:23:19,17800,クレジットカード,,完了,0,,楽天市場,,70169-00000178,P3_boosterset,nmn サプリメント 日本製 9000mg (1包300mg) 30日分 P3 ヒカル 高純度99.9% サーチュイン 遺伝子 亜鉛 マルチビタミン DHA EPA L-シスチン 【公式】,nmn サプリメント 日本製 9000mg (1包300mg) 30日分 P3 ヒカル 高純度99.9% サーチュイン 遺伝子 亜鉛 マルチビタミン DHA EPA L-シスチン 【公式】,17800,1,,
418951-20251205-0541143186,MALL_191870105,mall,2025/12/05 17:18:54,14040,クレジットカード,,完了,0,,楽天市場,,70169-00000054,P3_01,nmn サプリメント 日本製 9000mg (1包300mg) 30日分 P3 ヒカル 高純度99.9% サーチュイン 遺伝子 亜鉛 マルチビタミン DHA EPA L-シスチン 【公式】,nmn サプリメント 日本製 9000mg (1包300mg) 30日分 P3 ヒカル 高純度99.9% サーチュイン 遺伝子 亜鉛 マルチビタミン DHA EPA L-シスチン 【公式】,14040,1,,
418951-20251205-0300843376,MALL_191875656,mall,2025/12/05 17:45:20,14040,クレジットカード,,完了,0,,楽天市場,,70169-00000054,P3_01,nmn サプリメント 日本製 9000mg (1包300mg) 30日分 P3 ヒカル 高純度99.9% サーチュイン 遺伝子 亜鉛 マルチビタミン DHA EPA L-シスチン 【公式】,nmn サプリメント 日本製 9000mg (1包300mg) 30日分 P3 ヒカル 高純度99.9% サーチュイン 遺伝子 亜鉛 マルチビタミン DHA EPA L-シスチン 【公式】,14040,1,,
418951-20251205-0511643201,MALL_191876553,mall,2025/12/05 17:49:36,14040,クレジットカード,,完了,0,,楽天市場,,70169-00000054,P3_01,nmn サプリメント 日本製 9000mg (1包300mg) 30日分 P3 ヒカル 高純度99.9% サーチュイン 遺伝子 亜鉛 マルチビタミン DHA EPA L-シスチン 【公式】,nmn サプリメント 日本製 9000mg (1包300mg) 30日分 P3 ヒカル 高純度99.9% サーチュイン 遺伝子 亜鉛 マルチビタミン DHA EPA L-シスチン 【公式】,14040,1,,
418951-20251205-0341343334,MALL_191879316,mall,2025/12/05 18:02:53,4752,クレジットカード,,完了,0,,楽天市場,,70169-00000163,p3_booster_01,P3 BOOSTER ブースターゼリー 1箱30包入り ヒカル P3 NMN 補給サポート 腸活 ルテオリン サプリ ラクチュロースシロップ 菊の花エキス 植物性ナノ型乳酸菌 エクソソームプラセンタ 配合【公式】,P3 BOOSTER ブースターゼリー 1箱30包入り ヒカル P3 NMN 補給サポート 腸活 ルテオリン サプリ ラクチュロースシロップ 菊の花エキス 植物性ナノ型乳酸菌 エクソソームプラセンタ 配合【公式】,4752,1,,
418951-20251205-0295643412,MALL_191879814,mall,2025/12/05 18:04:54,14040,クレジットカード,,完了,0,,楽天市場,,70169-00000054,P3_01,nmn サプリメント 日本製 9000mg (1包300mg) 30日分 P3 ヒカル 高純度99.9% サーチュイン 遺伝子 亜鉛 マルチビタミン DHA EPA L-シスチン 【公式】,nmn サプリメント 日本製 9000mg (1包300mg) 30日分 P3 ヒカル 高純度99.9% サーチュイン 遺伝子 亜鉛 マルチビタミン DHA EPA L-シスチン 【公式】,14040,1,,
418951-20251205-0039843545,MALL_191886529,mall,2025/12/05 18:34:06,14040,クレジットカード,,完了,0,,楽天市場,,70169-00000054,P3_01,nmn サプリメント 日本製 9000mg (1包300mg) 30日分 P3 ヒカル 高純度99.9% サーチュイン 遺伝子 亜鉛 マルチビタミン DHA EPA L-シスチン 【公式】,nmn サプリメント 日本製 9000mg (1包300mg) 30日分 P3 ヒカル 高純度99.9% サーチュイン 遺伝子 亜鉛 マルチビタミン DHA EPA L-シスチン 【公式】,14040,1,,
418951-20251205-0558643208,MALL_191896137,mall,2025/12/05 19:13:02,14040,クレジットカード,,完了,0,,楽天市場,,70169-00000054,P3_01,nmn サプリメント 日本製 9000mg (1包300mg) 30日分 P3 ヒカル 高純度99.9% サーチュイン 遺伝子 亜鉛 マルチビタミン DHA EPA L-シスチン 【公式】,nmn サプリメント 日本製 9000mg (1包300mg) 30日分 P3 ヒカル 高純度99.9% サーチュイン 遺伝子 亜鉛 マルチビタミン DHA EPA L-シスチン 【公式】,14040,1,,
418951-20251205-0208143488,MALL_191908135,mall,2025/12/05 19:54:22,14040,クレジットカード,,完了,0,,楽天市場,,70169-00000054,P3_01,nmn サプリメント 日本製 9000mg (1包300mg) 30日分 P3 ヒカル 高純度99.9% サーチュイン 遺伝子 亜鉛 マルチビタミン DHA EPA L-シスチン 【公式】,nmn サプリメント 日本製 9000mg (1包300mg) 30日分 P3 ヒカル 高純度99.9% サーチュイン 遺伝子 亜鉛 マルチビタミン DHA EPA L-シスチン 【公式】,14040,1,,
418951-20251205-0624443198,MALL_191908144,mall,2025/12/05 19:54:22,17800,クレジットカード,,完了,0,,楽天市場,,70169-00000178,P3_boosterset,nmn サプリメント 日本製 9000mg (1包300mg) 30日分 P3 ヒカル 高純度99.9% サーチュイン 遺伝子 亜鉛 マルチビタミン DHA EPA L-シスチン 【公式】,nmn サプリメント 日本製 9000mg (1包300mg) 30日分 P3 ヒカル 高純度99.9% サーチュイン 遺伝子 亜鉛 マルチビタミン DHA EPA L-シスチン 【公式】,17800,1,,
418951-20251205-0624443198,MALL_191908144,mall,2025/12/05 19:54:22,17800,クレジットカード,,完了,0,,楽天市場,,70169-00000178,P3_boosterset,nmn サプリメント 日本製 9000mg (1包300mg) 30日分 P3 ヒカル 高純度99.9% サーチュイン 遺伝子 亜鉛 マルチビタミン DHA EPA L-シスチン 【公式】,nmn サプリメント 日本製 9000mg (1包300mg) 30日分 P3 ヒカル 高純度99.9% サーチュイン 遺伝子 亜鉛 マルチビタミン DHA EPA L-シスチン 【公式】,17800,1,,
418951-20251205-0193043516,MALL_191913671,mall,2025/12/05 20:09:50,14040,クレジットカード,,完了,0,,楽天市場,,70169-00000054,P3_01,nmn サプリメント 日本製 9000mg (1包300mg) 30日分 P3 ヒカル 高純度99.9% サーチュイン 遺伝子 亜鉛 マルチビタミン DHA EPA L-シスチン 【公式】,nmn サプリメント 日本製 9000mg (1包300mg) 30日分 P3 ヒカル 高純度99.9% サーチュイン 遺伝子 亜鉛 マルチビタミン DHA EPA L-シスチン 【公式】,14040,1,,
418951-20251205-0427743417,MALL_191915606,mall,2025/12/05 20:14:43,14040,クレジットカード,,完了,0,,楽天市場,,70169-00000054,P3_01,nmn サプリメント 日本製 9000mg (1包300mg) 30日分 P3 ヒカル 高純度99.9% サーチュイン 遺伝子 亜鉛 マルチビタミン DHA EPA L-シスチン 【公式】,nmn サプリメント 日本製 9000mg (1包300mg) 30日分 P3 ヒカル 高純度99.9% サーチュイン 遺伝子 亜鉛 マルチビタミン DHA EPA L-シスチン 【公式】,14040,1,,
418951-20251205-0652043221,MALL_191918050,mall,2025/12/05 20:20:47,14040,クレジットカード,,完了,0,,楽天市場,,70169-00000054,P3_01,nmn サプリメント 日本製 9000mg (1包300mg) 30日分 P3 ヒカル 高純度99.9% サーチュイン 遺伝子 亜鉛 マルチビタミン DHA EPA L-シスチン 【公式】,nmn サプリメント 日本製 9000mg (1包300mg) 30日分 P3 ヒカル 高純度99.9% サーチュイン 遺伝子 亜鉛 マルチビタミン DHA EPA L-シスチン 【公式】,14040,1,,
418951-20251205-0459443401,MALL_191919248,mall,2025/12/05 20:23:46,14040,クレジットカード,,完了,0,,楽天市場,,70169-00000054,P3_01,nmn サプリメント 日本製 9000mg (1包300mg) 30日分 P3 ヒカル 高純度99.9% サーチュイン 遺伝子 亜鉛 マルチビタミン DHA EPA L-シスチン 【公式】,nmn サプリメント 日本製 9000mg (1包300mg) 30日分 P3 ヒカル 高純度99.9% サーチュイン 遺伝子 亜鉛 マルチビタミン DHA EPA L-シスチン 【公式】,14040,1,,
418951-20251205-0437943466,MALL_191938880,mall,2025/12/05 21:08:20,14040,クレジットカード,,完了,0,,楽天市場,,70169-00000054,P3_01,nmn サプリメント 日本製 9000mg (1包300mg) 30日分 P3 ヒカル 高純度99.9% サーチュイン 遺伝子 亜鉛 マルチビタミン DHA EPA L-シスチン 【公式】,nmn サプリメント 日本製 9000mg (1包300mg) 30日分 P3 ヒカル 高純度99.9% サーチュイン 遺伝子 亜鉛 マルチビタミン DHA EPA L-シスチン 【公式】,14040,1,,
418951-20251205-0250643520,MALL_191942765,mall,2025/12/05 21:16:28,14040,クレジットカード,,完了,0,,楽天市場,,70169-00000054,P3_01,nmn サプリメント 日本製 9000mg (1包300mg) 30日分 P3 ヒカル 高純度99.9% サーチュイン 遺伝子 亜鉛 マルチビタミン DHA EPA L-シスチン 【公式】,nmn サプリメント 日本製 9000mg (1包300mg) 30日分 P3 ヒカル 高純度99.9% サーチュイン 遺伝子 亜鉛 マルチビタミン DHA EPA L-シスチン 【公式】,14040,1,,
418951-20251205-0511743416,MALL_191944121,mall,2025/12/05 21:19:26,37900,クレジットカード,,完了,0,,楽天市場,,70169-00000056,P3_3set,NMNサプリメント 日本製 国産 9000mg (1包300mg) P3 お得3箱セット ヒカル 高純度99.9% サーチュイン 遺伝子 亜鉛 マルチビタミン DHA EPA L-シスチン 【公式】,NMNサプリメント 日本製 国産 9000mg (1包300mg) P3 お得3箱セット ヒカル 高純度99.9% サーチュイン 遺伝子 亜鉛 マルチビタミン DHA EPA L-シスチン 【公式】,37900,1,,
418951-20251205-0234243540,MALL_191948906,mall,2025/12/05 21:29:25,14040,クレジットカード,,完了,0,,楽天市場,,70169-00000054,P3_01,nmn サプリメント 日本製 9000mg (1包300mg) 30日分 P3 ヒカル 高純度99.9% サーチュイン 遺伝子 亜鉛 マルチビタミン DHA EPA L-シスチン 【公式】,nmn サプリメント 日本製 9000mg (1包300mg) 30日分 P3 ヒカル 高純度99.9% サーチュイン 遺伝子 亜鉛 マルチビタミン DHA EPA L-シスチン 【公式】,14040,1,,
418951-20251205-0708343292,MALL_191951453,mall,2025/12/05 21:34:38,14040,クレジットカード,,完了,0,,楽天市場,,70169-00000054,P3_01,nmn サプリメント 日本製 9000mg (1包300mg) 30日分 P3 ヒカル 高純度99.9% サーチュイン 遺伝子 亜鉛 マルチビタミン DHA EPA L-シスチン 【公式】,nmn サプリメント 日本製 9000mg (1包300mg) 30日分 P3 ヒカル 高純度99.9% サーチュイン 遺伝子 亜鉛 マルチビタミン DHA EPA L-シスチン 【公式】,14040,1,,
418951-20251205-0275343532,MALL_191951458,mall,2025/12/05 21:34:38,17800,クレジットカード,,完了,0,,楽天市場,,70169-00000178,P3_boosterset,nmn サプリメント 日本製 9000mg (1包300mg) 30日分 P3 ヒカル 高純度99.9% サーチュイン 遺伝子 亜鉛 マルチビタミン DHA EPA L-シスチン 【公式】,nmn サプリメント 日本製 9000mg (1包300mg) 30日分 P3 ヒカル 高純度99.9% サーチュイン 遺伝子 亜鉛 マルチビタミン DHA EPA L-シスチン 【公式】,17800,1,,
418951-20251205-0275343532,MALL_191951458,mall,2025/12/05 21:34:38,17800,クレジットカード,,完了,0,,楽天市場,,70169-00000178,P3_boosterset,nmn サプリメント 日本製 9000mg (1包300mg) 30日分 P3 ヒカル 高純度99.9% サーチュイン 遺伝子 亜鉛 マルチビタミン DHA EPA L-シスチン 【公式】,nmn サプリメント 日本製 9000mg (1包300mg) 30日分 P3 ヒカル 高純度99.9% サーチュイン 遺伝子 亜鉛 マルチビタミン DHA EPA L-シスチン 【公式】,17800,1,,
418951-20251205-0575043371,MALL_191956793,mall,2025/12/05 21:45:09,37900,クレジットカード,,完了,0,,楽天市場,,70169-00000056,P3_3set,NMNサプリメント 日本製 国産 9000mg (1包300mg) P3 お得3箱セット ヒカル 高純度99.9% サーチュイン 遺伝子 亜鉛 マルチビタミン DHA EPA L-シスチン 【公式】,NMNサプリメント 日本製 国産 9000mg (1包300mg) P3 お得3箱セット ヒカル 高純度99.9% サーチュイン 遺伝子 亜鉛 マルチビタミン DHA EPA L-シスチン 【公式】,37900,1,,
418951-20251205-0665743347,MALL_191961393,mall,2025/12/05 21:53:48,14040,クレジットカード,,完了,0,,楽天市場,,70169-00000054,P3_01,nmn サプリメント 日本製 9000mg (1包300mg) 30日分 P3 ヒカル 高純度99.9% サーチュイン 遺伝子 亜鉛 マルチビタミン DHA EPA L-シスチン 【公式】,nmn サプリメント 日本製 9000mg (1包300mg) 30日分 P3 ヒカル 高純度99.9% サーチュイン 遺伝子 亜鉛 マルチビタミン DHA EPA L-シスチン 【公式】,14040,1,,
418951-20251205-0558443464,MALL_190839695,mall,2025/12/05 21:56:53,28080,クレジットカード,,完了,0,,楽天市場,,70169-00000054,P3_01,nmn サプリメント 日本製 9000mg (1包300mg) 30日分 P3 ヒカル 高純度99.9% サーチュイン 遺伝子 亜鉛 マルチビタミン DHA EPA L-シスチン 【公式】,nmn サプリメント 日本製 9000mg (1包300mg) 30日分 P3 ヒカル 高純度99.9% サーチュイン 遺伝子 亜鉛 マルチビタミン DHA EPA L-シスチン 【公式】,14040,2,,
418951-20251205-0893243179,MALL_191963594,mall,2025/12/05 21:57:58,14040,クレジットカード,,完了,0,,楽天市場,,70169-00000054,P3_01,nmn サプリメント 日本製 9000mg (1包300mg) 30日分 P3 ヒカル 高純度99.9% サーチュイン 遺伝子 亜鉛 マルチビタミン DHA EPA L-シスチン 【公式】,nmn サプリメント 日本製 9000mg (1包300mg) 30日分 P3 ヒカル 高純度99.9% サーチュイン 遺伝子 亜鉛 マルチビタミン DHA EPA L-シスチン 【公式】,14040,1,,
418951-20251205-0628143418,MALL_191967595,mall,2025/12/05 22:05:24,14040,クレジットカード,,完了,0,,楽天市場,,70169-00000054,P3_01,nmn サプリメント 日本製 9000mg (1包300mg) 30日分 P3 ヒカル 高純度99.9% サーチュイン 遺伝子 亜鉛 マルチビタミン DHA EPA L-シスチン 【公式】,nmn サプリメント 日本製 9000mg (1包300mg) 30日分 P3 ヒカル 高純度99.9% サーチュイン 遺伝子 亜鉛 マルチビタミン DHA EPA L-シスチン 【公式】,14040,1,,
418951-20251205-0990243180,MALL_191979351,mall,2025/12/05 22:27:21,14040,クレジットカード,,完了,0,,楽天市場,,70169-00000054,P3_01,nmn サプリメント 日本製 9000mg (1包300mg) 30日分 P3 ヒカル 高純度99.9% サーチュイン 遺伝子 亜鉛 マルチビタミン DHA EPA L-シスチン 【公式】,nmn サプリメント 日本製 9000mg (1包300mg) 30日分 P3 ヒカル 高純度99.9% サーチュイン 遺伝子 亜鉛 マルチビタミン DHA EPA L-シスチン 【公式】,14040,1,,
418951-20251205-0787043251,MALL_191979834,mall,2025/12/05 22:28:12,14040,クレジットカード,,完了,0,,楽天市場,,70169-00000054,P3_01,nmn サプリメント 日本製 9000mg (1包300mg) 30日分 P3 ヒカル 高純度99.9% サーチュイン 遺伝子 亜鉛 マルチビタミン DHA EPA L-シスチン 【公式】,nmn サプリメント 日本製 9000mg (1包300mg) 30日分 P3 ヒカル 高純度99.9% サーチュイン 遺伝子 亜鉛 マルチビタミン DHA EPA L-シスチン 【公式】,14040,1,,
418951-20251205-0740843318,MALL_191982795,mall,2025/12/05 22:33:22,14040,クレジットカード,,完了,0,,楽天市場,,70169-00000054,P3_01,nmn サプリメント 日本製 9000mg (1包300mg) 30日分 P3 ヒカル 高純度99.9% サーチュイン 遺伝子 亜鉛 マルチビタミン DHA EPA L-シスチン 【公式】,nmn サプリメント 日本製 9000mg (1包300mg) 30日分 P3 ヒカル 高純度99.9% サーチュイン 遺伝子 亜鉛 マルチビタミン DHA EPA L-シスチン 【公式】,14040,1,,
418951-20251205-0788243286,MALL_191243760,mall,2025/12/05 22:46:15,14040,クレジットカード,,完了,0,,楽天市場,,70169-00000054,P3_01,nmn サプリメント 日本製 9000mg (1包300mg) 30日分 P3 ヒカル 高純度99.9% サーチュイン 遺伝子 亜鉛 マルチビタミン DHA EPA L-シスチン 【公式】,nmn サプリメント 日本製 9000mg (1包300mg) 30日分 P3 ヒカル 高純度99.9% サーチュイン 遺伝子 亜鉛 マルチビタミン DHA EPA L-シスチン 【公式】,14040,1,,
418951-20251205-0848843278,MALL_191993629,mall,2025/12/05 22:53:08,37900,クレジットカード,,完了,0,,楽天市場,,70169-00000056,P3_3set,NMNサプリメント 日本製 国産 9000mg (1包300mg) P3 お得3箱セット ヒカル 高純度99.9% サーチュイン 遺伝子 亜鉛 マルチビタミン DHA EPA L-シスチン 【公式】,NMNサプリメント 日本製 国産 9000mg (1包300mg) P3 お得3箱セット ヒカル 高純度99.9% サーチュイン 遺伝子 亜鉛 マルチビタミン DHA EPA L-シスチン 【公式】,37900,1,,
418951-20251205-0809243282,MALL_191993642,mall,2025/12/05 22:53:08,14040,クレジットカード,,完了,0,,楽天市場,,70169-00000054,P3_01,nmn サプリメント 日本製 9000mg (1包300mg) 30日分 P3 ヒカル 高純度99.9% サーチュイン 遺伝子 亜鉛 マルチビタミン DHA EPA L-シスチン 【公式】,nmn サプリメント 日本製 9000mg (1包300mg) 30日分 P3 ヒカル 高純度99.9% サーチュイン 遺伝子 亜鉛 マルチビタミン DHA EPA L-シスチン 【公式】,14040,1,,
418951-20251205-0742443418,MALL_191999882,mall,2025/12/05 23:04:24,14040,クレジットカード,,完了,0,,楽天市場,,70169-00000054,P3_01,nmn サプリメント 日本製 9000mg (1包300mg) 30日分 P3 ヒカル 高純度99.9% サーチュイン 遺伝子 亜鉛 マルチビタミン DHA EPA L-シスチン 【公式】,nmn サプリメント 日本製 9000mg (1包300mg) 30日分 P3 ヒカル 高純度99.9% サーチュイン 遺伝子 亜鉛 マルチビタミン DHA EPA L-シスチン 【公式】,14040,1,,
418951-20251205-0944243230,MALL_192002029,mall,2025/12/05 23:08:23,14040,クレジットカード,,完了,0,,楽天市場,,70169-00000054,P3_01,nmn サプリメント 日本製 9000mg (1包300mg) 30日分 P3 ヒカル 高純度99.9% サーチュイン 遺伝子 亜鉛 マルチビタミン DHA EPA L-シスチン 【公式】,nmn サプリメント 日本製 9000mg (1包300mg) 30日分 P3 ヒカル 高純度99.9% サーチュイン 遺伝子 亜鉛 マルチビタミン DHA EPA L-シスチン 【公式】,14040,1,,
418951-20251205-0984343256,MALL_192011671,mall,2025/12/05 23:25:23,17800,クレジットカード,,完了,0,,楽天市場,,70169-00000178,P3_boosterset,nmn サプリメント 日本製 9000mg (1包300mg) 30日分 P3 ヒカル 高純度99.9% サーチュイン 遺伝子 亜鉛 マルチビタミン DHA EPA L-シスチン 【公式】,nmn サプリメント 日本製 9000mg (1包300mg) 30日分 P3 ヒカル 高純度99.9% サーチュイン 遺伝子 亜鉛 マルチビタミン DHA EPA L-シスチン 【公式】,17800,1,,
418951-20251205-0984343256,MALL_192011671,mall,2025/12/05 23:25:23,17800,クレジットカード,,完了,0,,楽天市場,,70169-00000178,P3_boosterset,nmn サプリメント 日本製 9000mg (1包300mg) 30日分 P3 ヒカル 高純度99.9% サーチュイン 遺伝子 亜鉛 マルチビタミン DHA EPA L-シスチン 【公式】,nmn サプリメント 日本製 9000mg (1包300mg) 30日分 P3 ヒカル 高純度99.9% サーチュイン 遺伝子 亜鉛 マルチビタミン DHA EPA L-シスチン 【公式】,17800,1,,
418951-20251205-0754143407,MALL_192017531,mall,2025/12/05 23:35:38,14040,クレジットカード,,完了,0,,楽天市場,,70169-00000054,P3_01,nmn サプリメント 日本製 9000mg (1包300mg) 30日分 P3 ヒカル 高純度99.9% サーチュイン 遺伝子 亜鉛 マルチビタミン DHA EPA L-シスチン 【公式】,nmn サプリメント 日本製 9000mg (1包300mg) 30日分 P3 ヒカル 高純度99.9% サーチュイン 遺伝子 亜鉛 マルチビタミン DHA EPA L-シスチン 【公式】,14040,1,,
418951-20251205-0547443523,MALL_192019829,mall,2025/12/05 23:39:42,14040,クレジットカード,,完了,0,,楽天市場,,70169-00000054,P3_01,nmn サプリメント 日本製 9000mg (1包300mg) 30日分 P3 ヒカル 高純度99.9% サーチュイン 遺伝子 亜鉛 マルチビタミン DHA EPA L-シスチン 【公式】,nmn サプリメント 日本製 9000mg (1包300mg) 30日分 P3 ヒカル 高純度99.9% サーチュイン 遺伝子 亜鉛 マルチビタミン DHA EPA L-シスチン 【公式】,14040,1,,
418951-20251205-0936743306,MALL_192032892,mall,2025/12/05 23:58:13,14040,クレジットカード,,完了,0,,楽天市場,,70169-00000054,P3_01,nmn サプリメント 日本製 9000mg (1包300mg) 30日分 P3 ヒカル 高純度99.9% サーチュイン 遺伝子 亜鉛 マルチビタミン DHA EPA L-シスチン 【公式】,nmn サプリメント 日本製 9000mg (1包300mg) 30日分 P3 ヒカル 高純度99.9% サーチュイン 遺伝子 亜鉛 マルチビタミン DHA EPA L-シスチン 【公式】,14040,1,,
418951-20251205-0944843281,MALL_192032892,mall,2025/12/05 23:59:11,14040,クレジットカード,,完了,0,,楽天市場,,70169-00000054,P3_01,nmn サプリメント 日本製 9000mg (1包300mg) 30日分 P3 ヒカル 高純度99.9% サーチュイン 遺伝子 亜鉛 マルチビタミン DHA EPA L-シスチン 【公式】,nmn サプリメント 日本製 9000mg (1包300mg) 30日分 P3 ヒカル 高純度99.9% サーチュイン 遺伝子 亜鉛 マルチビタミン DHA EPA L-シスチン 【公式】,14040,1,,
418951-20251206-0871543399,MALL_192039137,mall,2025/12/06 0:17:09,14040,クレジットカード,,完了,0,,楽天市場,,70169-00000054,P3_01,nmn サプリメント 日本製 9000mg (1包300mg) 30日分 P3 ヒカル 高純度99.9% サーチュイン 遺伝子 亜鉛 マルチビタミン DHA EPA L-シスチン 【公式】,nmn サプリメント 日本製 9000mg (1包300mg) 30日分 P3 ヒカル 高純度99.9% サーチュイン 遺伝子 亜鉛 マルチビタミン DHA EPA L-シスチン 【公式】,14040,1,,
418951-20251206-0861643398,MALL_192041912,mall,2025/12/06 0:52:21,14040,クレジットカード,,完了,0,,楽天市場,,70169-00000054,P3_01,nmn サプリメント 日本製 9000mg (1包300mg) 30日分 P3 ヒカル 高純度99.9% サーチュイン 遺伝子 亜鉛 マルチビタミン DHA EPA L-シスチン 【公式】,nmn サプリメント 日本製 9000mg (1包300mg) 30日分 P3 ヒカル 高純度99.9% サーチュイン 遺伝子 亜鉛 マルチビタミン DHA EPA L-シスチン 【公式】,14040,1,,
418951-20251206-0853443440,MALL_192044062,mall,2025/12/06 1:32:38,28080,クレジットカード,,完了,0,,楽天市場,,70169-00000054,P3_01,nmn サプリメント 日本製 9000mg (1包300mg) 30日分 P3 ヒカル 高純度99.9% サーチュイン 遺伝子 亜鉛 マルチビタミン DHA EPA L-シスチン 【公式】,nmn サプリメント 日本製 9000mg (1包300mg) 30日分 P3 ヒカル 高純度99.9% サーチュイン 遺伝子 亜鉛 マルチビタミン DHA EPA L-シスチン 【公式】,14040,2,,
418951-20251206-3718217939,MALL_192046181,mall,2025/12/06 2:37:31,12636,クレジットカード,,完了,0,,楽天市場,,70169-00000054,P3_01,【定期購入】【1箱から継続中ずっと10％OFF】P3 NMN サプリメント1箱 日本製 9000mg (1包300mg) 30日分 ヒカル サプリ 高純度99.9% 亜鉛 マルチビタミン DHA EPA L-シスチン 【公式】,【定期購入】【1箱から継続中ずっと10％OFF】P3 NMN サプリメント1箱 日本製 9000mg (1包300mg) 30日分 ヒカル サプリ 高純度99.9% 亜鉛 マルチビタミン DHA EPA L-シスチン 【公式】,12636,1,,
418951-20251206-3718217941,MALL_192046182,mall,2025/12/06 2:37:31,12636,クレジットカード,,完了,0,,楽天市場,,70169-00000054,P3_01,【定期購入】【1箱から継続中ずっと10％OFF】P3 NMN サプリメント1箱 日本製 9000mg (1包300mg) 30日分 ヒカル サプリ 高純度99.9% 亜鉛 マルチビタミン DHA EPA L-シスチン 【公式】,【定期購入】【1箱から継続中ずっと10％OFF】P3 NMN サプリメント1箱 日本製 9000mg (1包300mg) 30日分 ヒカル サプリ 高純度99.9% 亜鉛 マルチビタミン DHA EPA L-シスチン 【公式】,12636,1,,
418951-20251206-3718218023,MALL_192046271,mall,2025/12/06 2:40:34,12636,クレジットカード,,完了,0,,楽天市場,,70169-00000054,P3_01,【定期購入】【1箱から継続中ずっと10％OFF】P3 NMN サプリメント1箱 日本製 9000mg (1包300mg) 30日分 ヒカル サプリ 高純度99.9% 亜鉛 マルチビタミン DHA EPA L-シスチン 【公式】,【定期購入】【1箱から継続中ずっと10％OFF】P3 NMN サプリメント1箱 日本製 9000mg (1包300mg) 30日分 ヒカル サプリ 高純度99.9% 亜鉛 マルチビタミン DHA EPA L-シスチン 【公式】,12636,1,,
418951-20251206-3718222804,MALL_192046506,mall,2025/12/06 2:49:35,12636,クレジットカード,,完了,0,,楽天市場,,70169-00000054,P3_01,nmn サプリメント 日本製 9000mg (1包300mg) 30日分 ヒカル P3 高純度99.9% サーチュイン 遺伝子 亜鉛 マルチビタミン DHA EPA L-シスチン 【公式】,nmn サプリメント 日本製 9000mg (1包300mg) 30日分 ヒカル P3 高純度99.9% サーチュイン 遺伝子 亜鉛 マルチビタミン DHA EPA L-シスチン 【公式】,12636,1,,
418951-20251206-3718230388,MALL_192046989,mall,2025/12/06 3:10:33,12636,クレジットカード,,完了,0,,楽天市場,,70169-00000054,P3_01,nmn サプリメント 日本製 9000mg (1包300mg) 30日分 ヒカル P3 高純度99.9% サーチュイン 遺伝子 亜鉛 マルチビタミン DHA EPA L-シスチン 【公式】,nmn サプリメント 日本製 9000mg (1包300mg) 30日分 ヒカル P3 高純度99.9% サーチュイン 遺伝子 亜鉛 マルチビタミン DHA EPA L-シスチン 【公式】,12636,1,,
418951-20251206-0088943653,MALL_192047515,mall,2025/12/06 3:33:20,14040,クレジットカード,,完了,0,,楽天市場,,70169-00000054,P3_01,nmn サプリメント 日本製 9000mg (1包300mg) 30日分 P3 ヒカル 高純度99.9% サーチュイン 遺伝子 亜鉛 マルチビタミン DHA EPA L-シスチン 【公式】,nmn サプリメント 日本製 9000mg (1包300mg) 30日分 P3 ヒカル 高純度99.9% サーチュイン 遺伝子 亜鉛 マルチビタミン DHA EPA L-シスチン 【公式】,14040,1,,
418951-20251206-3718248769,MALL_192047832,mall,2025/12/06 3:49:34,12636,クレジットカード,,完了,0,,楽天市場,,70169-00000054,P3_01,nmn サプリメント 日本製 9000mg (1包300mg) 30日分 ヒカル P3 高純度99.9% サーチュイン 遺伝子 亜鉛 マルチビタミン DHA EPA L-シスチン 【公式】,nmn サプリメント 日本製 9000mg (1包300mg) 30日分 ヒカル P3 高純度99.9% サーチュイン 遺伝子 亜鉛 マルチビタミン DHA EPA L-シスチン 【公式】,12636,1,,
418951-20251206-0983143363,MALL_192052862,mall,2025/12/06 5:37:56,17800,クレジットカード,,完了,0,,楽天市場,,70169-00000178,P3_boosterset,nmn サプリメント 日本製 9000mg (1包300mg) 30日分 P3 ヒカル 高純度99.9% サーチュイン 遺伝子 亜鉛 マルチビタミン DHA EPA L-シスチン 【公式】,nmn サプリメント 日本製 9000mg (1包300mg) 30日分 P3 ヒカル 高純度99.9% サーチュイン 遺伝子 亜鉛 マルチビタミン DHA EPA L-シスチン 【公式】,17800,1,,
418951-20251206-0983143363,MALL_192052862,mall,2025/12/06 5:37:56,17800,クレジットカード,,完了,0,,楽天市場,,70169-00000178,P3_boosterset,nmn サプリメント 日本製 9000mg (1包300mg) 30日分 P3 ヒカル 高純度99.9% サーチュイン 遺伝子 亜鉛 マルチビタミン DHA EPA L-シスチン 【公式】,nmn サプリメント 日本製 9000mg (1包300mg) 30日分 P3 ヒカル 高純度99.9% サーチュイン 遺伝子 亜鉛 マルチビタミン DHA EPA L-シスチン 【公式】,17800,1,,
418951-20251206-0122943652,MALL_192059538,mall,2025/12/06 7:55:52,17800,クレジットカード,,完了,0,,楽天市場,,70169-00000178,P3_boosterset,nmn サプリメント 日本製 9000mg (1包300mg) 30日分 P3 ヒカル 高純度99.9% サーチュイン 遺伝子 亜鉛 マルチビタミン DHA EPA L-シスチン 【公式】,nmn サプリメント 日本製 9000mg (1包300mg) 30日分 P3 ヒカル 高純度99.9% サーチュイン 遺伝子 亜鉛 マルチビタミン DHA EPA L-シスチン 【公式】,17800,1,,
418951-20251206-0122943652,MALL_192059538,mall,2025/12/06 7:55:52,17800,クレジットカード,,完了,0,,楽天市場,,70169-00000178,P3_boosterset,nmn サプリメント 日本製 9000mg (1包300mg) 30日分 P3 ヒカル 高純度99.9% サーチュイン 遺伝子 亜鉛 マルチビタミン DHA EPA L-シスチン 【公式】,nmn サプリメント 日本製 9000mg (1包300mg) 30日分 P3 ヒカル 高純度99.9% サーチュイン 遺伝子 亜鉛 マルチビタミン DHA EPA L-シスチン 【公式】,17800,1,,
418951-20251206-0017643730,MALL_192062556,mall,2025/12/06 8:26:16,14040,クレジットカード,,完了,0,,楽天市場,,70169-00000054,P3_01,nmn サプリメント 日本製 9000mg (1包300mg) 30日分 P3 ヒカル 高純度99.9% サーチュイン 遺伝子 亜鉛 マルチビタミン DHA EPA L-シスチン 【公式】,nmn サプリメント 日本製 9000mg (1包300mg) 30日分 P3 ヒカル 高純度99.9% サーチュイン 遺伝子 亜鉛 マルチビタミン DHA EPA L-シスチン 【公式】,14040,1,,
418951-20251206-0117943667,MALL_192067508,mall,2025/12/06 9:10:02,14040,クレジットカード,,完了,0,,楽天市場,,70169-00000054,P3_01,nmn サプリメント 日本製 9000mg (1包300mg) 30日分 P3 ヒカル 高純度99.9% サーチュイン 遺伝子 亜鉛 マルチビタミン DHA EPA L-シスチン 【公式】,nmn サプリメント 日本製 9000mg (1包300mg) 30日分 P3 ヒカル 高純度99.9% サーチュイン 遺伝子 亜鉛 マルチビタミン DHA EPA L-シスチン 【公式】,14040,1,,
418951-20251206-0646543509,MALL_192067962,mall,2025/12/06 9:14:07,37900,クレジットカード,,完了,0,,楽天市場,,70169-00000056,P3_3set,NMNサプリメント 日本製 国産 9000mg (1包300mg) P3 お得3箱セット ヒカル 高純度99.9% サーチュイン 遺伝子 亜鉛 マルチビタミン DHA EPA L-シスチン 【公式】,NMNサプリメント 日本製 国産 9000mg (1包300mg) P3 お得3箱セット ヒカル 高純度99.9% サーチュイン 遺伝子 亜鉛 マルチビタミン DHA EPA L-シスチン 【公式】,37900,1,,
418951-20251206-0719743492,MALL_192072100,mall,2025/12/06 9:43:21,14040,クレジットカード,,完了,0,,楽天市場,,70169-00000054,P3_01,nmn サプリメント 日本製 9000mg (1包300mg) 30日分 P3 ヒカル 高純度99.9% サーチュイン 遺伝子 亜鉛 マルチビタミン DHA EPA L-シスチン 【公式】,nmn サプリメント 日本製 9000mg (1包300mg) 30日分 P3 ヒカル 高純度99.9% サーチュイン 遺伝子 亜鉛 マルチビタミン DHA EPA L-シスチン 【公式】,14040,1,,
418951-20251206-3718666829,MALL_192074706,mall,2025/12/06 10:01:58,12636,クレジットカード,,完了,0,,楽天市場,,70169-00000054,P3_01,nmn サプリメント 日本製 9000mg (1包300mg) 30日分 P3 ヒカル 高純度99.9% サーチュイン 遺伝子 亜鉛 マルチビタミン DHA EPA L-シスチン 【公式】,nmn サプリメント 日本製 9000mg (1包300mg) 30日分 P3 ヒカル 高純度99.9% サーチュイン 遺伝子 亜鉛 マルチビタミン DHA EPA L-シスチン 【公式】,12636,1,,
418951-20251206-0043743758,MALL_192080580,mall,2025/12/06 10:45:47,52156,クレジットカード,,完了,0,,楽天市場,,70169-00000056,P3_3set,NMNサプリメント 日本製 国産 9000mg (1包300mg) P3 お得3箱セット ヒカル 高純度99.9% サーチュイン 遺伝子 亜鉛 マルチビタミン DHA EPA L-シスチン 【公式】,NMNサプリメント 日本製 国産 9000mg (1包300mg) P3 お得3箱セット ヒカル 高純度99.9% サーチュイン 遺伝子 亜鉛 マルチビタミン DHA EPA L-シスチン 【公式】,37900,1,,
418951-20251206-0043743758,MALL_192080580,mall,2025/12/06 10:45:47,52156,クレジットカード,,完了,0,,楽天市場,,70169-00000163,p3_booster_01,P3 BOOSTER ブースターゼリー 1箱30包入り ヒカル P3 NMN 補給サポート 腸活 ルテオリン サプリ ラクチュロースシロップ 菊の花エキス 植物性ナノ型乳酸菌 エクソソームプラセンタ 配合【公式】,P3 BOOSTER ブースターゼリー 1箱30包入り ヒカル P3 NMN 補給サポート 腸活 ルテオリン サプリ ラクチュロースシロップ 菊の花エキス 植物性ナノ型乳酸菌 エクソソームプラセンタ 配合【公式】,4752,3,,
418951-20251206-0799943487,MALL_192104870,mall,2025/12/06 13:46:36,14040,クレジットカード,,完了,0,,楽天市場,,70169-00000054,P3_01,nmn サプリメント 日本製 9000mg (1包300mg) 30日分 P3 ヒカル 高純度99.9% サーチュイン 遺伝子 亜鉛 マルチビタミン DHA EPA L-シスチン 【公式】,nmn サプリメント 日本製 9000mg (1包300mg) 30日分 P3 ヒカル 高純度99.9% サーチュイン 遺伝子 亜鉛 マルチビタミン DHA EPA L-シスチン 【公式】,14040,1,,
418951-20251206-0198843707,MALL_192116625,mall,2025/12/06 15:27:45,37900,クレジットカード,,完了,0,,楽天市場,,70169-00000056,P3_3set,NMNサプリメント 日本製 国産 9000mg (1包300mg) P3 お得3箱セット ヒカル 高純度99.9% サーチュイン 遺伝子 亜鉛 マルチビタミン DHA EPA L-シスチン 【公式】,NMNサプリメント 日本製 国産 9000mg (1包300mg) P3 お得3箱セット ヒカル 高純度99.9% サーチュイン 遺伝子 亜鉛 マルチビタミン DHA EPA L-シスチン 【公式】,37900,1,,
418951-20251206-0779843546,MALL_192116946,mall,2025/12/06 15:30:55,14040,クレジットカード,,完了,0,,楽天市場,,70169-00000054,P3_01,nmn サプリメント 日本製 9000mg (1包300mg) 30日分 P3 ヒカル 高純度99.9% サーチュイン 遺伝子 亜鉛 マルチビタミン DHA EPA L-シスチン 【公式】,nmn サプリメント 日本製 9000mg (1包300mg) 30日分 P3 ヒカル 高純度99.9% サーチュイン 遺伝子 亜鉛 マルチビタミン DHA EPA L-シスチン 【公式】,14040,1,,
418951-20251206-0057143868,MALL_192119139,mall,2025/12/06 15:50:34,37900,クレジットカード,,完了,0,,楽天市場,,70169-00000056,P3_3set,NMNサプリメント 日本製 国産 9000mg (1包300mg) P3 お得3箱セット ヒカル 高純度99.9% サーチュイン 遺伝子 亜鉛 マルチビタミン DHA EPA L-シスチン 【公式】,NMNサプリメント 日本製 国産 9000mg (1包300mg) P3 お得3箱セット ヒカル 高純度99.9% サーチュイン 遺伝子 亜鉛 マルチビタミン DHA EPA L-シスチン 【公式】,37900,1,,
418951-20251206-0914743594,MALL_192120418,mall,2025/12/06 16:01:51,17800,クレジットカード,,完了,0,,楽天市場,,70169-00000178,P3_boosterset,nmn サプリメント 日本製 9000mg (1包300mg) 30日分 P3 ヒカル 高純度99.9% サーチュイン 遺伝子 亜鉛 マルチビタミン DHA EPA L-シスチン 【公式】,nmn サプリメント 日本製 9000mg (1包300mg) 30日分 P3 ヒカル 高純度99.9% サーチュイン 遺伝子 亜鉛 マルチビタミン DHA EPA L-シスチン 【公式】,17800,1,,
418951-20251206-0914743594,MALL_192120418,mall,2025/12/06 16:01:51,17800,クレジットカード,,完了,0,,楽天市場,,70169-00000178,P3_boosterset,nmn サプリメント 日本製 9000mg (1包300mg) 30日分 P3 ヒカル 高純度99.9% サーチュイン 遺伝子 亜鉛 マルチビタミン DHA EPA L-シスチン 【公式】,nmn サプリメント 日本製 9000mg (1包300mg) 30日分 P3 ヒカル 高純度99.9% サーチュイン 遺伝子 亜鉛 マルチビタミン DHA EPA L-シスチン 【公式】,17800,1,,
418951-20251206-0134343811,MALL_192121885,mall,2025/12/06 16:15:38,14040,クレジットカード,,完了,0,,楽天市場,,70169-00000054,P3_01,nmn サプリメント 日本製 9000mg (1包300mg) 30日分 P3 ヒカル 高純度99.9% サーチュイン 遺伝子 亜鉛 マルチビタミン DHA EPA L-シスチン 【公式】,nmn サプリメント 日本製 9000mg (1包300mg) 30日分 P3 ヒカル 高純度99.9% サーチュイン 遺伝子 亜鉛 マルチビタミン DHA EPA L-シスチン 【公式】,14040,1,,
418951-20251206-0406843643,MALL_192133320,mall,2025/12/06 17:57:08,37900,クレジットカード,,完了,0,,楽天市場,,70169-00000056,P3_3set,NMNサプリメント 日本製 国産 9000mg (1包300mg) P3 お得3箱セット ヒカル 高純度99.9% サーチュイン 遺伝子 亜鉛 マルチビタミン DHA EPA L-シスチン 【公式】,NMNサプリメント 日本製 国産 9000mg (1包300mg) P3 お得3箱セット ヒカル 高純度99.9% サーチュイン 遺伝子 亜鉛 マルチビタミン DHA EPA L-シスチン 【公式】,37900,1,,
418951-20251206-0273843801,MALL_192161992,mall,2025/12/06 21:30:22,37900,クレジットカード,,完了,0,,楽天市場,,70169-00000056,P3_3set,NMNサプリメント 日本製 国産 9000mg (1包300mg) P3 お得3箱セット ヒカル 高純度99.9% サーチュイン 遺伝子 亜鉛 マルチビタミン DHA EPA L-シスチン 【公式】,NMNサプリメント 日本製 国産 9000mg (1包300mg) P3 お得3箱セット ヒカル 高純度99.9% サーチュイン 遺伝子 亜鉛 マルチビタミン DHA EPA L-シスチン 【公式】,37900,1,,
418951-20251206-0468743710,MALL_192181269,mall,2025/12/06 23:34:29,14040,クレジットカード,,完了,0,,楽天市場,,70169-00000054,P3_01,nmn サプリメント 日本製 9000mg (1包300mg) 30日分 P3 ヒカル 高純度99.9% サーチュイン 遺伝子 亜鉛 マルチビタミン DHA EPA L-シスチン 【公式】,nmn サプリメント 日本製 9000mg (1包300mg) 30日分 P3 ヒカル 高純度99.9% サーチュイン 遺伝子 亜鉛 マルチビタミン DHA EPA L-シスチン 【公式】,14040,1,,
418951-20251207-0412943746,MALL_192185300,mall,2025/12/07 0:09:32,37900,クレジットカード,,完了,0,,楽天市場,,70169-00000056,P3_3set,NMNサプリメント 日本製 国産 9000mg (1包300mg) P3 お得3箱セット ヒカル 高純度99.9% サーチュイン 遺伝子 亜鉛 マルチビタミン DHA EPA L-シスチン 【公式】,NMNサプリメント 日本製 国産 9000mg (1包300mg) P3 お得3箱セット ヒカル 高純度99.9% サーチュイン 遺伝子 亜鉛 マルチビタミン DHA EPA L-シスチン 【公式】,37900,1,,
418951-20251207-3720898772,MALL_192192271,mall,2025/12/07 2:19:36,12636,クレジットカード,,完了,0,,楽天市場,,70169-00000054,P3_01,【定期購入】【1箱から継続中ずっと10％OFF】P3 NMNパーフェクトサプリメント1箱 ヒカル サプリ 日本製 9000mg (1包300mg) 30日分 高純度99.9% サーチュイン 遺伝子 亜鉛 マルチビタミン DHA EPA L-シスチン 【公式】,【定期購入】【1箱から継続中ずっと10％OFF】P3 NMNパーフェクトサプリメント1箱 ヒカル サプリ 日本製 9000mg (1包300mg) 30日分 高純度99.9% サーチュイン 遺伝子 亜鉛 マルチビタミン DHA EPA L-シスチン 【公式】,12636,1,,
418951-20251207-3720898935,MALL_192192280,mall,2025/12/07 2:19:37,12636,クレジットカード,,完了,0,,楽天市場,,70169-00000054,P3_01,【定期購入】【1箱から継続中ずっと10％OFF】P3 NMNパーフェクトサプリメント1箱 ヒカル サプリ 日本製 9000mg (1包300mg) 30日分 高純度99.9% サーチュイン 遺伝子 亜鉛 マルチビタミン DHA EPA L-シスチン 【公式】,【定期購入】【1箱から継続中ずっと10％OFF】P3 NMNパーフェクトサプリメント1箱 ヒカル サプリ 日本製 9000mg (1包300mg) 30日分 高純度99.9% サーチュイン 遺伝子 亜鉛 マルチビタミン DHA EPA L-シスチン 【公式】,12636,1,,
418951-20251207-3720909306,MALL_192192805,mall,2025/12/07 2:37:29,12636,クレジットカード,,完了,0,,楽天市場,,70169-00000054,P3_01,nmn サプリメント 日本製 9000mg (1包300mg) 30日分 ヒカル P3 高純度99.9% サーチュイン 遺伝子 亜鉛 マルチビタミン DHA EPA L-シスチン 【公式】,nmn サプリメント 日本製 9000mg (1包300mg) 30日分 ヒカル P3 高純度99.9% サーチュイン 遺伝子 亜鉛 マルチビタミン DHA EPA L-シスチン 【公式】,12636,1,,
418951-20251207-3720909315,MALL_192046271,mall,2025/12/07 2:37:29,12636,クレジットカード,,完了,0,,楽天市場,,70169-00000054,P3_01,nmn サプリメント 日本製 9000mg (1包300mg) 30日分 ヒカル P3 高純度99.9% サーチュイン 遺伝子 亜鉛 マルチビタミン DHA EPA L-シスチン 【公式】,nmn サプリメント 日本製 9000mg (1包300mg) 30日分 ヒカル P3 高純度99.9% サーチュイン 遺伝子 亜鉛 マルチビタミン DHA EPA L-シスチン 【公式】,12636,1,,
418951-20251207-3720916552,MALL_192193353,mall,2025/12/07 2:58:34,12636,クレジットカード,,完了,0,,楽天市場,,70169-00000054,P3_01,nmn サプリメント 日本製 9000mg (1包300mg) 30日分 ヒカル P3 高純度99.9% サーチュイン 遺伝子 亜鉛 マルチビタミン DHA EPA L-シスチン 【公式】,nmn サプリメント 日本製 9000mg (1包300mg) 30日分 ヒカル P3 高純度99.9% サーチュイン 遺伝子 亜鉛 マルチビタミン DHA EPA L-シスチン 【公式】,12636,1,,
418951-20251207-3720922596,MALL_192193545,mall,2025/12/07 3:07:33,12636,クレジットカード,,完了,0,,楽天市場,,70169-00000054,P3_01,nmn サプリメント 日本製 9000mg (1包300mg) 30日分 ヒカル P3 高純度99.9% サーチュイン 遺伝子 亜鉛 マルチビタミン DHA EPA L-シスチン 【公式】,nmn サプリメント 日本製 9000mg (1包300mg) 30日分 ヒカル P3 高純度99.9% サーチュイン 遺伝子 亜鉛 マルチビタミン DHA EPA L-シスチン 【公式】,12636,1,,
418951-20251207-3720922601,MALL_192193546,mall,2025/12/07 3:07:33,12636,クレジットカード,,完了,0,,楽天市場,,70169-00000054,P3_01,nmn サプリメント 日本製 9000mg (1包300mg) 30日分 ヒカル P3 高純度99.9% サーチュイン 遺伝子 亜鉛 マルチビタミン DHA EPA L-シスチン 【公式】,nmn サプリメント 日本製 9000mg (1包300mg) 30日分 ヒカル P3 高純度99.9% サーチュイン 遺伝子 亜鉛 マルチビタミン DHA EPA L-シスチン 【公式】,12636,1,,
418951-20251207-3720922612,MALL_192193613,mall,2025/12/07 3:10:30,12636,クレジットカード,,完了,0,,楽天市場,,70169-00000054,P3_01,nmn サプリメント 日本製 9000mg (1包300mg) 30日分 ヒカル P3 高純度99.9% サーチュイン 遺伝子 亜鉛 マルチビタミン DHA EPA L-シスチン 【公式】,nmn サプリメント 日本製 9000mg (1包300mg) 30日分 ヒカル P3 高純度99.9% サーチュイン 遺伝子 亜鉛 マルチビタミン DHA EPA L-シスチン 【公式】,12636,1,,
418951-20251207-3720924516,MALL_192193843,mall,2025/12/07 3:19:37,12636,クレジットカード,,完了,0,,楽天市場,,70169-00000054,P3_01,nmn サプリメント 日本製 9000mg (1包300mg) 30日分 ヒカル P3 高純度99.9% サーチュイン 遺伝子 亜鉛 マルチビタミン DHA EPA L-シスチン 【公式】,nmn サプリメント 日本製 9000mg (1包300mg) 30日分 ヒカル P3 高純度99.9% サーチュイン 遺伝子 亜鉛 マルチビタミン DHA EPA L-シスチン 【公式】,12636,1,,
418951-20251207-3720924517,MALL_192193844,mall,2025/12/07 3:19:37,12636,クレジットカード,,完了,0,,楽天市場,,70169-00000054,P3_01,nmn サプリメント 日本製 9000mg (1包300mg) 30日分 ヒカル P3 高純度99.9% サーチュイン 遺伝子 亜鉛 マルチビタミン DHA EPA L-シスチン 【公式】,nmn サプリメント 日本製 9000mg (1包300mg) 30日分 ヒカル P3 高純度99.9% サーチュイン 遺伝子 亜鉛 マルチビタミン DHA EPA L-シスチン 【公式】,12636,1,,
418951-20251207-3720928981,MALL_192194006,mall,2025/12/07 3:28:31,4276,クレジットカード,,完了,0,,楽天市場,,70169-00000163,p3_booster_01,P3 BOOSTER ブースターゼリー 1箱30包入り ヒカル P3 NMN 補給サポート 腸活 ルテオリン サプリ ラクチュロースシロップ 菊の花エキス 植物性ナノ型乳酸菌 エクソソームプラセンタ 配合【公式】,P3 BOOSTER ブースターゼリー 1箱30包入り ヒカル P3 NMN 補給サポート 腸活 ルテオリン サプリ ラクチュロースシロップ 菊の花エキス 植物性ナノ型乳酸菌 エクソソームプラセンタ 配合【公式】,4276,1,,
418951-20251207-3720928980,MALL_192194007,mall,2025/12/07 3:28:32,12636,クレジットカード,,完了,0,,楽天市場,,70169-00000054,P3_01,nmn サプリメント 日本製 9000mg (1包300mg) 30日分 ヒカル P3 高純度99.9% サーチュイン 遺伝子 亜鉛 マルチビタミン DHA EPA L-シスチン 【公式】,nmn サプリメント 日本製 9000mg (1包300mg) 30日分 ヒカル P3 高純度99.9% サーチュイン 遺伝子 亜鉛 マルチビタミン DHA EPA L-シスチン 【公式】,12636,1,,
418951-20251207-0540543891,MALL_192206740,mall,2025/12/07 8:48:10,14040,クレジットカード,,完了,0,,楽天市場,,70169-00000054,P3_01,nmn サプリメント 日本製 9000mg (1包300mg) 30日分 P3 ヒカル 高純度99.9% サーチュイン 遺伝子 亜鉛 マルチビタミン DHA EPA L-シスチン 【公式】,nmn サプリメント 日本製 9000mg (1包300mg) 30日分 P3 ヒカル 高純度99.9% サーチュイン 遺伝子 亜鉛 マルチビタミン DHA EPA L-シスチン 【公式】,14040,1,,
418951-20251207-0398743820,MALL_192208895,mall,2025/12/07 9:07:45,37900,クレジットカード,,完了,0,,楽天市場,,70169-00000056,P3_3set,NMNサプリメント 日本製 国産 9000mg (1包300mg) P3 お得3箱セット ヒカル 高純度99.9% サーチュイン 遺伝子 亜鉛 マルチビタミン DHA EPA L-シスチン 【公式】,NMNサプリメント 日本製 国産 9000mg (1包300mg) P3 お得3箱セット ヒカル 高純度99.9% サーチュイン 遺伝子 亜鉛 マルチビタミン DHA EPA L-シスチン 【公式】,37900,1,,
418951-20251207-0462343792,MALL_192213125,mall,2025/12/07 9:40:15,17800,後払い(楽天),,完了,0,,楽天市場,,70169-00000178,P3_boosterset,nmn サプリメント 日本製 9000mg (1包300mg) 30日分 P3 ヒカル 高純度99.9% サーチュイン 遺伝子 亜鉛 マルチビタミン DHA EPA L-シスチン 【公式】,nmn サプリメント 日本製 9000mg (1包300mg) 30日分 P3 ヒカル 高純度99.9% サーチュイン 遺伝子 亜鉛 マルチビタミン DHA EPA L-シスチン 【公式】,17800,1,,
418951-20251207-0462343792,MALL_192213125,mall,2025/12/07 9:40:15,17800,後払い(楽天),,完了,0,,楽天市場,,70169-00000178,P3_boosterset,nmn サプリメント 日本製 9000mg (1包300mg) 30日分 P3 ヒカル 高純度99.9% サーチュイン 遺伝子 亜鉛 マルチビタミン DHA EPA L-シスチン 【公式】,nmn サプリメント 日本製 9000mg (1包300mg) 30日分 P3 ヒカル 高純度99.9% サーチュイン 遺伝子 亜鉛 マルチビタミン DHA EPA L-シスチン 【公式】,17800,1,,
418951-20251207-0932743610,MALL_192242273,mall,2025/12/07 13:17:39,37900,クレジットカード,,完了,0,,楽天市場,,70169-00000056,P3_3set,NMNサプリメント 日本製 国産 9000mg (1包300mg) P3 お得3箱セット ヒカル 高純度99.9% サーチュイン 遺伝子 亜鉛 マルチビタミン DHA EPA L-シスチン 【公式】,NMNサプリメント 日本製 国産 9000mg (1包300mg) P3 お得3箱セット ヒカル 高純度99.9% サーチュイン 遺伝子 亜鉛 マルチビタミン DHA EPA L-シスチン 【公式】,37900,1,,
418951-20251207-0754343670,MALL_192248021,mall,2025/12/07 14:03:55,14040,クレジットカード,,完了,0,,楽天市場,,70169-00000054,P3_01,nmn サプリメント 日本製 9000mg (1包300mg) 30日分 P3 ヒカル 高純度99.9% サーチュイン 遺伝子 亜鉛 マルチビタミン DHA EPA L-シスチン 【公式】,nmn サプリメント 日本製 9000mg (1包300mg) 30日分 P3 ヒカル 高純度99.9% サーチュイン 遺伝子 亜鉛 マルチビタミン DHA EPA L-シスチン 【公式】,14040,1,,
418951-20251207-0953443664,MALL_192300153,mall,2025/12/07 20:20:03,14040,クレジットカード,,完了,0,,楽天市場,,70169-00000054,P3_01,nmn サプリメント 日本製 9000mg (1包300mg) 30日分 P3 ヒカル 高純度99.9% サーチュイン 遺伝子 亜鉛 マルチビタミン DHA EPA L-シスチン 【公式】,nmn サプリメント 日本製 9000mg (1包300mg) 30日分 P3 ヒカル 高純度99.9% サーチュイン 遺伝子 亜鉛 マルチビタミン DHA EPA L-シスチン 【公式】,14040,1,,
418951-20251207-0844443759,MALL_192309969,mall,2025/12/07 21:06:27,14040,クレジットカード,,完了,0,,楽天市場,,70169-00000054,P3_01,nmn サプリメント 日本製 9000mg (1包300mg) 30日分 P3 ヒカル 高純度99.9% サーチュイン 遺伝子 亜鉛 マルチビタミン DHA EPA L-シスチン 【公式】,nmn サプリメント 日本製 9000mg (1包300mg) 30日分 P3 ヒカル 高純度99.9% サーチュイン 遺伝子 亜鉛 マルチビタミン DHA EPA L-シスチン 【公式】,14040,1,,
418951-20251207-0322443988,MALL_192311299,mall,2025/12/07 21:12:32,26600,クレジットカード,,完了,0,,楽天市場,,70169-00000055,P3_2set,nmn サプリ 日本製 国産 サプリメント 9000mg (1包300mg) P3 お得2箱セット ヒカル 高純度99.9% サーチュイン 遺伝子 亜鉛 マルチビタミン DHA EPA L-シスチン 【公式】,nmn サプリ 日本製 国産 サプリメント 9000mg (1包300mg) P3 お得2箱セット ヒカル 高純度99.9% サーチュイン 遺伝子 亜鉛 マルチビタミン DHA EPA L-シスチン 【公式】,26600,1,,
418951-20251207-3723178316,MALL_192316768,mall,2025/12/07 21:38:00,12636,後払い(楽天),,完了,0,,楽天市場,,70169-00000054,P3_01,nmn サプリメント 日本製 9000mg (1包300mg) 30日分 P3 ヒカル 高純度99.9% サーチュイン 遺伝子 亜鉛 マルチビタミン DHA EPA L-シスチン 【公式】,nmn サプリメント 日本製 9000mg (1包300mg) 30日分 P3 ヒカル 高純度99.9% サーチュイン 遺伝子 亜鉛 マルチビタミン DHA EPA L-シスチン 【公式】,12636,1,,
418951-20251208-3723826434,MALL_192350293,mall,2025/12/08 2:19:35,12636,クレジットカード,,完了,0,,楽天市場,,70169-00000054,P3_01,【定期購入】【1箱から継続中ずっと10％OFF】P3 NMNパーフェクトサプリメント1箱 ヒカル サプリ 日本製 9000mg (1包300mg) 30日分 高純度99.9% サーチュイン 遺伝子 亜鉛 マルチビタミン DHA EPA L-シスチン 【公式】,【定期購入】【1箱から継続中ずっと10％OFF】P3 NMNパーフェクトサプリメント1箱 ヒカル サプリ 日本製 9000mg (1包300mg) 30日分 高純度99.9% サーチュイン 遺伝子 亜鉛 マルチビタミン DHA EPA L-シスチン 【公式】,12636,1,,
418951-20251208-3723833166,MALL_192350519,mall,2025/12/08 2:28:36,12636,クレジットカード,,完了,0,,楽天市場,,70169-00000054,P3_01,【定期購入】【1箱から継続中ずっと10％OFF】P3 NMNパーフェクトサプリメント1箱 ヒカル サプリ 日本製 9000mg (1包300mg) 30日分 高純度99.9% サーチュイン 遺伝子 亜鉛 マルチビタミン DHA EPA L-シスチン 【公式】,【定期購入】【1箱から継続中ずっと10％OFF】P3 NMNパーフェクトサプリメント1箱 ヒカル サプリ 日本製 9000mg (1包300mg) 30日分 高純度99.9% サーチュイン 遺伝子 亜鉛 マルチビタミン DHA EPA L-シスチン 【公式】,12636,1,,
418951-20251208-3723833184,MALL_192350521,mall,2025/12/08 2:28:36,12636,クレジットカード,,完了,0,,楽天市場,,70169-00000054,P3_01,【定期購入】【1箱から継続中ずっと10％OFF】P3 NMNパーフェクトサプリメント1箱 ヒカル サプリ 日本製 9000mg (1包300mg) 30日分 高純度99.9% サーチュイン 遺伝子 亜鉛 マルチビタミン DHA EPA L-シスチン 【公式】,【定期購入】【1箱から継続中ずっと10％OFF】P3 NMNパーフェクトサプリメント1箱 ヒカル サプリ 日本製 9000mg (1包300mg) 30日分 高純度99.9% サーチュイン 遺伝子 亜鉛 マルチビタミン DHA EPA L-シスチン 【公式】,12636,1,,
418951-20251208-3723839695,MALL_192351002,mall,2025/12/08 2:49:37,12636,クレジットカード,,完了,0,,楽天市場,,70169-00000054,P3_01,【定期購入】【1箱から継続中ずっと10％OFF】P3 NMN サプリメント1箱 日本製 9000mg (1包300mg) 30日分 ヒカル サプリ 高純度99.9% 亜鉛 マルチビタミン DHA EPA L-シスチン 【公式】,【定期購入】【1箱から継続中ずっと10％OFF】P3 NMN サプリメント1箱 日本製 9000mg (1包300mg) 30日分 ヒカル サプリ 高純度99.9% 亜鉛 マルチビタミン DHA EPA L-シスチン 【公式】,12636,1,,
418951-20251208-3723846275,MALL_192351197,mall,2025/12/08 2:58:34,12636,クレジットカード,,完了,0,,楽天市場,,70169-00000054,P3_01,nmn サプリメント 日本製 9000mg (1包300mg) 30日分 ヒカル P3 高純度99.9% サーチュイン 遺伝子 亜鉛 マルチビタミン DHA EPA L-シスチン 【公式】,nmn サプリメント 日本製 9000mg (1包300mg) 30日分 ヒカル P3 高純度99.9% サーチュイン 遺伝子 亜鉛 マルチビタミン DHA EPA L-シスチン 【公式】,12636,1,,
418951-20251208-3723852430,MALL_192351568,mall,2025/12/08 3:19:34,12636,クレジットカード,,完了,0,,楽天市場,,70169-00000054,P3_01,nmn サプリメント 日本製 9000mg (1包300mg) 30日分 ヒカル P3 高純度99.9% サーチュイン 遺伝子 亜鉛 マルチビタミン DHA EPA L-シスチン 【公式】,nmn サプリメント 日本製 9000mg (1包300mg) 30日分 ヒカル P3 高純度99.9% サーチュイン 遺伝子 亜鉛 マルチビタミン DHA EPA L-シスチン 【公式】,12636,1,,
418951-20251208-3723852504,MALL_192351574,mall,2025/12/08 3:19:34,25272,クレジットカード,,完了,0,,楽天市場,,70169-00000054,P3_01,nmn サプリメント 日本製 9000mg (1包300mg) 30日分 ヒカル P3 高純度99.9% サーチュイン 遺伝子 亜鉛 マルチビタミン DHA EPA L-シスチン 【公式】,nmn サプリメント 日本製 9000mg (1包300mg) 30日分 ヒカル P3 高純度99.9% サーチュイン 遺伝子 亜鉛 マルチビタミン DHA EPA L-シスチン 【公式】,12636,2,,
418951-20251208-3723859511,MALL_192194006,mall,2025/12/08 3:40:33,12636,クレジットカード,,完了,0,,楽天市場,,70169-00000054,P3_01,nmn サプリメント 日本製 9000mg (1包300mg) 30日分 ヒカル P3 高純度99.9% サーチュイン 遺伝子 亜鉛 マルチビタミン DHA EPA L-シスチン 【公式】,nmn サプリメント 日本製 9000mg (1包300mg) 30日分 ヒカル P3 高純度99.9% サーチュイン 遺伝子 亜鉛 マルチビタミン DHA EPA L-シスチン 【公式】,12636,1,,
418951-20251208-3723865573,MALL_192352340,mall,2025/12/08 4:07:36,12636,クレジットカード,,完了,0,,楽天市場,,70169-00000054,P3_01,nmn サプリメント 日本製 9000mg (1包300mg) 30日分 P3 ヒカル 高純度99.9% サーチュイン 遺伝子 亜鉛 マルチビタミン DHA EPA L-シスチン 【公式】,nmn サプリメント 日本製 9000mg (1包300mg) 30日分 P3 ヒカル 高純度99.9% サーチュイン 遺伝子 亜鉛 マルチビタミン DHA EPA L-シスチン 【公式】,12636,1,,
418951-20251208-3723865572,MALL_192352341,mall,2025/12/08 4:07:37,12636,クレジットカード,,完了,0,,楽天市場,,70169-00000054,P3_01,nmn サプリメント 日本製 9000mg (1包300mg) 30日分 P3 ヒカル 高純度99.9% サーチュイン 遺伝子 亜鉛 マルチビタミン DHA EPA L-シスチン 【公式】,nmn サプリメント 日本製 9000mg (1包300mg) 30日分 P3 ヒカル 高純度99.9% サーチュイン 遺伝子 亜鉛 マルチビタミン DHA EPA L-シスチン 【公式】,12636,1,,
418951-20251208-0396044007,MALL_192354744,mall,2025/12/08 6:24:57,14040,クレジットカード,,完了,0,,楽天市場,,70169-00000054,P3_01,nmn サプリメント 日本製 9000mg (1包300mg) 30日分 P3 ヒカル 高純度99.9% サーチュイン 遺伝子 亜鉛 マルチビタミン DHA EPA L-シスチン 【公式】,nmn サプリメント 日本製 9000mg (1包300mg) 30日分 P3 ヒカル 高純度99.9% サーチュイン 遺伝子 亜鉛 マルチビタミン DHA EPA L-シスチン 【公式】,14040,1,,
418951-20251208-0037944145,MALL_192356762,mall,2025/12/08 7:10:10,14040,クレジットカード,,完了,0,,楽天市場,,70169-00000054,P3_01,nmn サプリメント 日本製 9000mg (1包300mg) 30日分 P3 ヒカル 高純度99.9% サーチュイン 遺伝子 亜鉛 マルチビタミン DHA EPA L-シスチン 【公式】,nmn サプリメント 日本製 9000mg (1包300mg) 30日分 P3 ヒカル 高純度99.9% サーチュイン 遺伝子 亜鉛 マルチビタミン DHA EPA L-シスチン 【公式】,14040,1,,
418951-20251208-0846943876,MALL_192358106,mall,2025/12/08 7:31:47,17800,クレジットカード,,完了,0,,楽天市場,,70169-00000178,P3_boosterset,nmn サプリメント 日本製 9000mg (1包300mg) 30日分 P3 ヒカル 高純度99.9% サーチュイン 遺伝子 亜鉛 マルチビタミン DHA EPA L-シスチン 【公式】,nmn サプリメント 日本製 9000mg (1包300mg) 30日分 P3 ヒカル 高純度99.9% サーチュイン 遺伝子 亜鉛 マルチビタミン DHA EPA L-シスチン 【公式】,17800,1,,
418951-20251208-0846943876,MALL_192358106,mall,2025/12/08 7:31:47,17800,クレジットカード,,完了,0,,楽天市場,,70169-00000178,P3_boosterset,nmn サプリメント 日本製 9000mg (1包300mg) 30日分 P3 ヒカル 高純度99.9% サーチュイン 遺伝子 亜鉛 マルチビタミン DHA EPA L-シスチン 【公式】,nmn サプリメント 日本製 9000mg (1包300mg) 30日分 P3 ヒカル 高純度99.9% サーチュイン 遺伝子 亜鉛 マルチビタミン DHA EPA L-シスチン 【公式】,17800,1,,
418951-20251208-0572043928,MALL_192358579,mall,2025/12/08 7:38:13,14040,クレジットカード,,完了,0,,楽天市場,,70169-00000054,P3_01,nmn サプリメント 日本製 9000mg (1包300mg) 30日分 P3 ヒカル 高純度99.9% サーチュイン 遺伝子 亜鉛 マルチビタミン DHA EPA L-シスチン 【公式】,nmn サプリメント 日本製 9000mg (1包300mg) 30日分 P3 ヒカル 高純度99.9% サーチュイン 遺伝子 亜鉛 マルチビタミン DHA EPA L-シスチン 【公式】,14040,1,,
418951-20251208-0739043899,MALL_192380001,mall,2025/12/08 11:03:29,26600,クレジットカード,,完了,0,,楽天市場,,70169-00000055,P3_2set,nmn サプリ 日本製 国産 サプリメント 9000mg (1包300mg) P3 お得2箱セット ヒカル 高純度99.9% サーチュイン 遺伝子 亜鉛 マルチビタミン DHA EPA L-シスチン 【公式】,nmn サプリ 日本製 国産 サプリメント 9000mg (1包300mg) P3 お得2箱セット ヒカル 高純度99.9% サーチュイン 遺伝子 亜鉛 マルチビタミン DHA EPA L-シスチン 【公式】,26600,1,,
418951-20251208-0986143850,MALL_192383668,mall,2025/12/08 11:30:22,14040,クレジットカード,,完了,0,,楽天市場,,70169-00000054,P3_01,nmn サプリメント 日本製 9000mg (1包300mg) 30日分 P3 ヒカル 高純度99.9% サーチュイン 遺伝子 亜鉛 マルチビタミン DHA EPA L-シスチン 【公式】,nmn サプリメント 日本製 9000mg (1包300mg) 30日分 P3 ヒカル 高純度99.9% サーチュイン 遺伝子 亜鉛 マルチビタミン DHA EPA L-シスチン 【公式】,14040,1,,
418951-20251208-0102544160,MALL_192388530,mall,2025/12/08 12:12:12,73200,クレジットカード,,完了,0,,楽天市場,,70169-00000150,P3_6set,【まとめセット最大割引11;040円OFF】nmn サプリ 日本製 国産 サプリメント 9000mg (1包300mg) P3 お得6箱セット ヒカル 高純度99.9% サーチュイン 遺伝子 亜鉛 マルチビタミン DHA EPA L-シスチン 【公式】,【まとめセット最大割引11;040円OFF】nmn サプリ 日本製 国産 サプリメント 9000mg (1包300mg) P3 お得6箱セット ヒカル 高純度99.9% サーチュイン 遺伝子 亜鉛 マルチビタミン DHA EPA L-シスチン 【公式】,73200,1,,
ladder-shop-10000218,MALL_192398758,mall,2025/12/08 13:33:09,12636,PayPayあと払い,,完了,0,,Yahoo!ショッピング,,70169-00000054,P3_01,P3 nmn サプリ メント 日本製 ヒカル｜公式 正規品｜ニコチンアミドモノヌクレオチド トランスレスベラトロール DHA EPA L-シスチン,P3 nmn サプリ メント 日本製 ヒカル｜公式 正規品｜ニコチンアミドモノヌクレオチド トランスレスベラトロール DHA EPA L-シスチン,12636,1,,
ladder-shop-10000219,MALL_192398762,mall,2025/12/08 13:33:12,37900,PayPay,,完了,0,,Yahoo!ショッピング,,70169-00000056,P3_3set,P3 サプリ nmn 日本製 お得3箱セット ヒカル｜公式 正規品｜ニコチンアミドモノヌクレオチド トランスレスベラトロール DHA EPA L-シスチン,P3 サプリ nmn 日本製 お得3箱セット ヒカル｜公式 正規品｜ニコチンアミドモノヌクレオチド トランスレスベラトロール DHA EPA L-シスチン,37900,1,,
ladder-shop-10000220,MALL_192398770,mall,2025/12/08 13:33:13,4276,PayPayあと払い,,完了,0,,Yahoo!ショッピング,,70169-00000163,p3_booster_01,P3 BOOSTER ブースターゼリー ヒカル NMN 補給サポート ｜公式正規品｜ラクチュロース ルテオリン プロポリス ナノ型乳酸菌 エクソソームプラセンタ 配合,P3 BOOSTER ブースターゼリー ヒカル NMN 補給サポート ｜公式正規品｜ラクチュロース ルテオリン プロポリス ナノ型乳酸菌 エクソソームプラセンタ 配合,4276,1,,
ladder-shop-10000221,MALL_192398774,mall,2025/12/08 13:33:15,26600,PayPay,,完了,0,,Yahoo!ショッピング,,70169-00000055,P3_2set,P3 サプリ nmn 日本製 お得2箱セット ヒカル｜公式 正規品｜ニコチンアミドモノヌクレオチド トランスレスベラトロール DHA EPA L-シスチン,P3 サプリ nmn 日本製 お得2箱セット ヒカル｜公式 正規品｜ニコチンアミドモノヌクレオチド トランスレスベラトロール DHA EPA L-シスチン,26600,1,,
ladder-shop-10000222,MALL_192398778,mall,2025/12/08 13:33:16,14040,ゆっくり払い,,完了,0,,Yahoo!ショッピング,,70169-00000054,P3_01,P3 nmn サプリ メント 日本製 ヒカル｜公式 正規品｜ニコチンアミドモノヌクレオチド トランスレスベラトロール DHA EPA L-シスチン,P3 nmn サプリ メント 日本製 ヒカル｜公式 正規品｜ニコチンアミドモノヌクレオチド トランスレスベラトロール DHA EPA L-シスチン,14040,1,,
ladder-shop-10000224,MALL_192398784,mall,2025/12/08 13:33:18,12636,PayPayあと払い,,完了,0,,Yahoo!ショッピング,,70169-00000054,P3_01,P3 nmn サプリ メント 日本製 ヒカル｜公式 正規品｜ニコチンアミドモノヌクレオチド トランスレスベラトロール DHA EPA L-シスチン,P3 nmn サプリ メント 日本製 ヒカル｜公式 正規品｜ニコチンアミドモノヌクレオチド トランスレスベラトロール DHA EPA L-シスチン,12636,1,,
ladder-shop-10000225,MALL_192398787,mall,2025/12/08 13:33:19,14040,PayPay,,完了,0,,Yahoo!ショッピング,,70169-00000054,P3_01,P3 nmn サプリ メント 日本製 ヒカル｜公式 正規品｜ニコチンアミドモノヌクレオチド トランスレスベラトロール DHA EPA L-シスチン,P3 nmn サプリ メント 日本製 ヒカル｜公式 正規品｜ニコチンアミドモノヌクレオチド トランスレスベラトロール DHA EPA L-シスチン,14040,1,,
ladder-shop-10000226,MALL_192398789,mall,2025/12/08 13:33:20,12636,PayPayあと払い,,完了,0,,Yahoo!ショッピング,,70169-00000054,P3_01,P3 nmn サプリ メント 日本製 ヒカル｜公式 正規品｜ニコチンアミドモノヌクレオチド トランスレスベラトロール DHA EPA L-シスチン,P3 nmn サプリ メント 日本製 ヒカル｜公式 正規品｜ニコチンアミドモノヌクレオチド トランスレスベラトロール DHA EPA L-シスチン,12636,1,,
418951-20251208-0586643976,MALL_192404659,mall,2025/12/08 14:34:26,14040,銀行振込,,完了,0,,楽天市場,,70169-00000054,P3_01,nmn サプリメント 日本製 9000mg (1包300mg) 30日分 P3 ヒカル 高純度99.9% サーチュイン 遺伝子 亜鉛 マルチビタミン DHA EPA L-シスチン 【公式】,nmn サプリメント 日本製 9000mg (1包300mg) 30日分 P3 ヒカル 高純度99.9% サーチュイン 遺伝子 亜鉛 マルチビタミン DHA EPA L-シスチン 【公式】,14040,1,,
418951-20251208-3724813724,MALL_192407780,mall,2025/12/08 15:04:46,25272,クレジットカード,,完了,0,,楽天市場,,70169-00000054,P3_01,nmn サプリメント 日本製 9000mg (1包300mg) 30日分 P3 ヒカル 高純度99.9% サーチュイン 遺伝子 亜鉛 マルチビタミン DHA EPA L-シスチン 【公式】,nmn サプリメント 日本製 9000mg (1包300mg) 30日分 P3 ヒカル 高純度99.9% サーチュイン 遺伝子 亜鉛 マルチビタミン DHA EPA L-シスチン 【公式】,12636,2,,
418951-20251208-0070044272,MALL_192417720,mall,2025/12/08 16:54:10,17800,クレジットカード,,完了,0,,楽天市場,,70169-00000178,P3_boosterset,nmn サプリメント 日本製 9000mg (1包300mg) 30日分 P3 ヒカル 高純度99.9% サーチュイン 遺伝子 亜鉛 マルチビタミン DHA EPA L-シスチン 【公式】,nmn サプリメント 日本製 9000mg (1包300mg) 30日分 P3 ヒカル 高純度99.9% サーチュイン 遺伝子 亜鉛 マルチビタミン DHA EPA L-シスチン 【公式】,17800,1,,
418951-20251208-0070044272,MALL_192417720,mall,2025/12/08 16:54:10,17800,クレジットカード,,完了,0,,楽天市場,,70169-00000178,P3_boosterset,nmn サプリメント 日本製 9000mg (1包300mg) 30日分 P3 ヒカル 高純度99.9% サーチュイン 遺伝子 亜鉛 マルチビタミン DHA EPA L-シスチン 【公式】,nmn サプリメント 日本製 9000mg (1包300mg) 30日分 P3 ヒカル 高純度99.9% サーチュイン 遺伝子 亜鉛 マルチビタミン DHA EPA L-シスチン 【公式】,17800,1,,
418951-20251208-0046044291,MALL_192421000,mall,2025/12/08 17:31:32,14040,クレジットカード,,完了,0,,楽天市場,,70169-00000054,P3_01,nmn サプリメント 日本製 9000mg (1包300mg) 30日分 P3 ヒカル 高純度99.9% サーチュイン 遺伝子 亜鉛 マルチビタミン DHA EPA L-シスチン 【公式】,nmn サプリメント 日本製 9000mg (1包300mg) 30日分 P3 ヒカル 高純度99.9% サーチュイン 遺伝子 亜鉛 マルチビタミン DHA EPA L-シスチン 【公式】,14040,1,,
418951-20251208-0449744064,MALL_192425130,mall,2025/12/08 18:15:40,14040,クレジットカード,,完了,0,,楽天市場,,70169-00000054,P3_01,nmn サプリメント 日本製 9000mg (1包300mg) 30日分 P3 ヒカル 高純度99.9% サーチュイン 遺伝子 亜鉛 マルチビタミン DHA EPA L-シスチン 【公式】,nmn サプリメント 日本製 9000mg (1包300mg) 30日分 P3 ヒカル 高純度99.9% サーチュイン 遺伝子 亜鉛 マルチビタミン DHA EPA L-シスチン 【公式】,14040,1,,
418951-20251208-3725175894,MALL_192426311,mall,2025/12/08 18:28:34,12636,クレジットカード,,完了,0,,楽天市場,,70169-00000054,P3_01,nmn サプリメント 日本製 9000mg (1包300mg) 30日分 P3 ヒカル 高純度99.9% サーチュイン 遺伝子 亜鉛 マルチビタミン DHA EPA L-シスチン 【公式】,nmn サプリメント 日本製 9000mg (1包300mg) 30日分 P3 ヒカル 高純度99.9% サーチュイン 遺伝子 亜鉛 マルチビタミン DHA EPA L-シスチン 【公式】,12636,1,,
418951-20251208-3725343330,MALL_192434740,mall,2025/12/08 19:50:05,16762,後払い(楽天),,完了,0,,楽天市場,,70169-00000178,P3_boosterset,nmn サプリメント 日本製 9000mg (1包300mg) 30日分 P3 ヒカル 高純度99.9% サーチュイン 遺伝子 亜鉛 マルチビタミン DHA EPA L-シスチン 【公式】,nmn サプリメント 日本製 9000mg (1包300mg) 30日分 P3 ヒカル 高純度99.9% サーチュイン 遺伝子 亜鉛 マルチビタミン DHA EPA L-シスチン 【公式】,16762,1,,
418951-20251208-3725343330,MALL_192434740,mall,2025/12/08 19:50:05,16762,後払い(楽天),,完了,0,,楽天市場,,70169-00000178,P3_boosterset,nmn サプリメント 日本製 9000mg (1包300mg) 30日分 P3 ヒカル 高純度99.9% サーチュイン 遺伝子 亜鉛 マルチビタミン DHA EPA L-シスチン 【公式】,nmn サプリメント 日本製 9000mg (1包300mg) 30日分 P3 ヒカル 高純度99.9% サーチュイン 遺伝子 亜鉛 マルチビタミン DHA EPA L-シスチン 【公式】,16762,1,,
418951-20251208-0766744002,MALL_192443073,mall,2025/12/08 20:50:37,14040,クレジットカード,,完了,0,,楽天市場,,70169-00000054,P3_01,nmn サプリメント 日本製 9000mg (1包300mg) 30日分 P3 ヒカル 高純度99.9% サーチュイン 遺伝子 亜鉛 マルチビタミン DHA EPA L-シスチン 【公式】,nmn サプリメント 日本製 9000mg (1包300mg) 30日分 P3 ヒカル 高純度99.9% サーチュイン 遺伝子 亜鉛 マルチビタミン DHA EPA L-シスチン 【公式】,14040,1,,
418951-20251208-0913343904,MALL_192444884,mall,2025/12/08 21:02:33,14040,クレジットカード,,完了,0,,楽天市場,,70169-00000054,P3_01,nmn サプリメント 日本製 9000mg (1包300mg) 30日分 P3 ヒカル 高純度99.9% サーチュイン 遺伝子 亜鉛 マルチビタミン DHA EPA L-シスチン 【公式】,nmn サプリメント 日本製 9000mg (1包300mg) 30日分 P3 ヒカル 高純度99.9% サーチュイン 遺伝子 亜鉛 マルチビタミン DHA EPA L-シスチン 【公式】,14040,1,,
418951-20251208-3725968831,MALL_192466091,mall,2025/12/08 23:13:41,12636,クレジットカード,,完了,0,,楽天市場,,70169-00000054,P3_01,nmn サプリメント 日本製 9000mg (1包300mg) 30日分 P3 ヒカル 高純度99.9% サーチュイン 遺伝子 亜鉛 マルチビタミン DHA EPA L-シスチン 【公式】,nmn サプリメント 日本製 9000mg (1包300mg) 30日分 P3 ヒカル 高純度99.9% サーチュイン 遺伝子 亜鉛 マルチビタミン DHA EPA L-シスチン 【公式】,12636,1,,
418951-20251209-0787544016,MALL_192477833,mall,2025/12/09 2:04:59,17800,クレジットカード,,完了,0,,楽天市場,,70169-00000178,P3_boosterset,nmn サプリメント 日本製 9000mg (1包300mg) 30日分 P3 ヒカル 高純度99.9% サーチュイン 遺伝子 亜鉛 マルチビタミン DHA EPA L-シスチン 【公式】,nmn サプリメント 日本製 9000mg (1包300mg) 30日分 P3 ヒカル 高純度99.9% サーチュイン 遺伝子 亜鉛 マルチビタミン DHA EPA L-シスチン 【公式】,17800,1,,
418951-20251209-0787544016,MALL_192477833,mall,2025/12/09 2:04:59,17800,クレジットカード,,完了,0,,楽天市場,,70169-00000178,P3_boosterset,nmn サプリメント 日本製 9000mg (1包300mg) 30日分 P3 ヒカル 高純度99.9% サーチュイン 遺伝子 亜鉛 マルチビタミン DHA EPA L-シスチン 【公式】,nmn サプリメント 日本製 9000mg (1包300mg) 30日分 P3 ヒカル 高純度99.9% サーチュイン 遺伝子 亜鉛 マルチビタミン DHA EPA L-シスチン 【公式】,17800,1,,
418951-20251209-3726212866,MALL_192478215,mall,2025/12/09 2:19:34,12636,クレジットカード,,完了,0,,楽天市場,,70169-00000054,P3_01,【定期購入】【1箱から継続中ずっと10％OFF】P3 NMNパーフェクトサプリメント1箱 ヒカル サプリ 日本製 9000mg (1包300mg) 30日分 高純度99.9% サーチュイン 遺伝子 亜鉛 マルチビタミン DHA EPA L-シスチン 【公式】,【定期購入】【1箱から継続中ずっと10％OFF】P3 NMNパーフェクトサプリメント1箱 ヒカル サプリ 日本製 9000mg (1包300mg) 30日分 高純度99.9% サーチュイン 遺伝子 亜鉛 マルチビタミン DHA EPA L-シスチン 【公式】,12636,1,,
418951-20251209-3726212920,MALL_192478219,mall,2025/12/09 2:19:34,12636,クレジットカード,,完了,0,,楽天市場,,70169-00000054,P3_01,【定期購入】【1箱から継続中ずっと10％OFF】P3 NMNパーフェクトサプリメント1箱 ヒカル サプリ 日本製 9000mg (1包300mg) 30日分 高純度99.9% サーチュイン 遺伝子 亜鉛 マルチビタミン DHA EPA L-シスチン 【公式】,【定期購入】【1箱から継続中ずっと10％OFF】P3 NMNパーフェクトサプリメント1箱 ヒカル サプリ 日本製 9000mg (1包300mg) 30日分 高純度99.9% サーチュイン 遺伝子 亜鉛 マルチビタミン DHA EPA L-シスチン 【公式】,12636,1,,
418951-20251209-3726213567,MALL_192478481,mall,2025/12/09 2:28:37,12636,クレジットカード,,完了,0,,楽天市場,,70169-00000054,P3_01,【定期購入】【1箱から継続中ずっと10％OFF】P3 NMNパーフェクトサプリメント1箱 ヒカル サプリ 日本製 9000mg (1包300mg) 30日分 高純度99.9% サーチュイン 遺伝子 亜鉛 マルチビタミン DHA EPA L-シスチン 【公式】,【定期購入】【1箱から継続中ずっと10％OFF】P3 NMNパーフェクトサプリメント1箱 ヒカル サプリ 日本製 9000mg (1包300mg) 30日分 高純度99.9% サーチュイン 遺伝子 亜鉛 マルチビタミン DHA EPA L-シスチン 【公式】,12636,1,,
418951-20251209-3726213608,MALL_192478486,mall,2025/12/09 2:28:37,12636,クレジットカード,,完了,0,,楽天市場,,70169-00000054,P3_01,【定期購入】【1箱から継続中ずっと10％OFF】P3 NMN サプリメント1箱 日本製 9000mg (1包300mg) 30日分 ヒカル サプリ 高純度99.9% 亜鉛 マルチビタミン DHA EPA L-シスチン 【公式】,【定期購入】【1箱から継続中ずっと10％OFF】P3 NMN サプリメント1箱 日本製 9000mg (1包300mg) 30日分 ヒカル サプリ 高純度99.9% 亜鉛 マルチビタミン DHA EPA L-シスチン 【公式】,12636,1,,
418951-20251209-3726220287,MALL_192478761,mall,2025/12/09 2:40:32,12636,クレジットカード,,完了,0,,楽天市場,,70169-00000054,P3_01,nmn サプリメント 日本製 9000mg (1包300mg) 30日分 ヒカル P3 高純度99.9% サーチュイン 遺伝子 亜鉛 マルチビタミン DHA EPA L-シスチン 【公式】,nmn サプリメント 日本製 9000mg (1包300mg) 30日分 ヒカル P3 高純度99.9% サーチュイン 遺伝子 亜鉛 マルチビタミン DHA EPA L-シスチン 【公式】,12636,1,,
418951-20251209-3726224958,MALL_192478931,mall,2025/12/09 2:49:34,12636,クレジットカード,,完了,0,,楽天市場,,70169-00000054,P3_01,nmn サプリメント 日本製 9000mg (1包300mg) 30日分 ヒカル P3 高純度99.9% サーチュイン 遺伝子 亜鉛 マルチビタミン DHA EPA L-シスチン 【公式】,nmn サプリメント 日本製 9000mg (1包300mg) 30日分 ヒカル P3 高純度99.9% サーチュイン 遺伝子 亜鉛 マルチビタミン DHA EPA L-シスチン 【公式】,12636,1,,
418951-20251209-3726224974,MALL_192478935,mall,2025/12/09 2:49:34,12636,クレジットカード,,完了,0,,楽天市場,,70169-00000054,P3_01,nmn サプリメント 日本製 9000mg (1包300mg) 30日分 ヒカル P3 高純度99.9% サーチュイン 遺伝子 亜鉛 マルチビタミン DHA EPA L-シスチン 【公式】,nmn サプリメント 日本製 9000mg (1包300mg) 30日分 ヒカル P3 高純度99.9% サーチュイン 遺伝子 亜鉛 マルチビタミン DHA EPA L-シスチン 【公式】,12636,1,,
418951-20251209-3726231177,MALL_192479288,mall,2025/12/09 3:07:33,12636,クレジットカード,,完了,0,,楽天市場,,70169-00000054,P3_01,nmn サプリメント 日本製 9000mg (1包300mg) 30日分 ヒカル P3 高純度99.9% サーチュイン 遺伝子 亜鉛 マルチビタミン DHA EPA L-シスチン 【公式】,nmn サプリメント 日本製 9000mg (1包300mg) 30日分 ヒカル P3 高純度99.9% サーチュイン 遺伝子 亜鉛 マルチビタミン DHA EPA L-シスチン 【公式】,12636,1,,
418951-20251209-3726237773,MALL_192479543,mall,2025/12/09 3:19:36,12636,クレジットカード,,完了,0,,楽天市場,,70169-00000054,P3_01,nmn サプリメント 日本製 9000mg (1包300mg) 30日分 ヒカル P3 高純度99.9% サーチュイン 遺伝子 亜鉛 マルチビタミン DHA EPA L-シスチン 【公式】,nmn サプリメント 日本製 9000mg (1包300mg) 30日分 ヒカル P3 高純度99.9% サーチュイン 遺伝子 亜鉛 マルチビタミン DHA EPA L-シスチン 【公式】,12636,1,,
418951-20251209-3726238391,MALL_192479665,mall,2025/12/09 3:28:32,25272,後払い(楽天),,完了,0,,楽天市場,,70169-00000054,P3_01,nmn サプリメント 日本製 9000mg (1包300mg) 30日分 ヒカル P3 高純度99.9% サーチュイン 遺伝子 亜鉛 マルチビタミン DHA EPA L-シスチン 【公式】,nmn サプリメント 日本製 9000mg (1包300mg) 30日分 ヒカル P3 高純度99.9% サーチュイン 遺伝子 亜鉛 マルチビタミン DHA EPA L-シスチン 【公式】,12636,2,,
418951-20251209-3726238392,MALL_192479665,mall,2025/12/09 3:28:32,8552,後払い(楽天),,完了,0,,楽天市場,,70169-00000163,p3_booster_01,P3 BOOSTER ブースターゼリー 1箱30包入り ヒカル P3 NMN 補給サポート ラクチュロースシロップ 菊の花エキス 植物性ナノ型乳酸菌 エクソソームプラセンタ 配合【公式】,P3 BOOSTER ブースターゼリー 1箱30包入り ヒカル P3 NMN 補給サポート ラクチュロースシロップ 菊の花エキス 植物性ナノ型乳酸菌 エクソソームプラセンタ 配合【公式】,4276,2,,
418951-20251209-3726242854,MALL_192479870,mall,2025/12/09 3:40:28,12636,クレジットカード,,完了,0,,楽天市場,,70169-00000054,P3_01,nmn サプリメント 日本製 9000mg (1包300mg) 30日分 P3 ヒカル 高純度99.9% サーチュイン 遺伝子 亜鉛 マルチビタミン DHA EPA L-シスチン 【公式】,nmn サプリメント 日本製 9000mg (1包300mg) 30日分 P3 ヒカル 高純度99.9% サーチュイン 遺伝子 亜鉛 マルチビタミン DHA EPA L-シスチン 【公式】,12636,1,,
418951-20251209-0915943924,MALL_192482575,mall,2025/12/09 6:21:45,14040,コンビニ決済,,完了,0,,楽天市場,,70169-00000054,P3_01,nmn サプリメント 日本製 9000mg (1包300mg) 30日分 P3 ヒカル 高純度99.9% サーチュイン 遺伝子 亜鉛 マルチビタミン DHA EPA L-シスチン 【公式】,nmn サプリメント 日本製 9000mg (1包300mg) 30日分 P3 ヒカル 高純度99.9% サーチュイン 遺伝子 亜鉛 マルチビタミン DHA EPA L-シスチン 【公式】,14040,1,,
418951-20251209-0399144223,MALL_192491360,mall,2025/12/09 8:33:28,17800,クレジットカード,,完了,0,,楽天市場,,70169-00000178,P3_boosterset,nmn サプリメント 日本製 9000mg (1包300mg) 30日分 P3 ヒカル 高純度99.9% サーチュイン 遺伝子 亜鉛 マルチビタミン DHA EPA L-シスチン 【公式】,nmn サプリメント 日本製 9000mg (1包300mg) 30日分 P3 ヒカル 高純度99.9% サーチュイン 遺伝子 亜鉛 マルチビタミン DHA EPA L-シスチン 【公式】,17800,1,,
418951-20251209-0399144223,MALL_192491360,mall,2025/12/09 8:33:28,17800,クレジットカード,,完了,0,,楽天市場,,70169-00000178,P3_boosterset,nmn サプリメント 日本製 9000mg (1包300mg) 30日分 P3 ヒカル 高純度99.9% サーチュイン 遺伝子 亜鉛 マルチビタミン DHA EPA L-シスチン 【公式】,nmn サプリメント 日本製 9000mg (1包300mg) 30日分 P3 ヒカル 高純度99.9% サーチュイン 遺伝子 亜鉛 マルチビタミン DHA EPA L-シスチン 【公式】,17800,1,,
418951-20251209-0471844166,MALL_192493929,mall,2025/12/09 9:01:25,37900,クレジットカード,,完了,0,,楽天市場,,70169-00000056,P3_3set,NMNサプリメント 日本製 国産 9000mg (1包300mg) P3 お得3箱セット ヒカル 高純度99.9% サーチュイン 遺伝子 亜鉛 マルチビタミン DHA EPA L-シスチン 【公式】,NMNサプリメント 日本製 国産 9000mg (1包300mg) P3 お得3箱セット ヒカル 高純度99.9% サーチュイン 遺伝子 亜鉛 マルチビタミン DHA EPA L-シスチン 【公式】,37900,1,,
418951-20251209-0586744109,MALL_192494626,mall,2025/12/09 9:09:40,17800,後払い(楽天),,完了,0,,楽天市場,,70169-00000178,P3_boosterset,nmn サプリメント 日本製 9000mg (1包300mg) 30日分 P3 ヒカル 高純度99.9% サーチュイン 遺伝子 亜鉛 マルチビタミン DHA EPA L-シスチン 【公式】,nmn サプリメント 日本製 9000mg (1包300mg) 30日分 P3 ヒカル 高純度99.9% サーチュイン 遺伝子 亜鉛 マルチビタミン DHA EPA L-シスチン 【公式】,17800,1,,
418951-20251209-0586744109,MALL_192494626,mall,2025/12/09 9:09:40,17800,後払い(楽天),,完了,0,,楽天市場,,70169-00000178,P3_boosterset,nmn サプリメント 日本製 9000mg (1包300mg) 30日分 P3 ヒカル 高純度99.9% サーチュイン 遺伝子 亜鉛 マルチビタミン DHA EPA L-シスチン 【公式】,nmn サプリメント 日本製 9000mg (1包300mg) 30日分 P3 ヒカル 高純度99.9% サーチュイン 遺伝子 亜鉛 マルチビタミン DHA EPA L-シスチン 【公式】,17800,1,,
418951-20251209-0781444000,MALL_192496533,mall,2025/12/09 9:30:01,73200,クレジットカード,,完了,0,,楽天市場,,70169-00000150,P3_6set,【まとめセット最大割引11;040円OFF】nmn サプリ 日本製 国産 サプリメント 9000mg (1包300mg) P3 お得6箱セット ヒカル 高純度99.9% サーチュイン 遺伝子 亜鉛 マルチビタミン DHA EPA L-シスチン 【公式】,【まとめセット最大割引11;040円OFF】nmn サプリ 日本製 国産 サプリメント 9000mg (1包300mg) P3 お得6箱セット ヒカル 高純度99.9% サーチュイン 遺伝子 亜鉛 マルチビタミン DHA EPA L-シスチン 【公式】,73200,1,,
418951-20251209-0896244013,MALL_192506372,mall,2025/12/09 11:07:35,14040,コンビニ決済,,完了,0,,楽天市場,,70169-00000054,P3_01,nmn サプリメント 日本製 9000mg (1包300mg) 30日分 P3 ヒカル 高純度99.9% サーチュイン 遺伝子 亜鉛 マルチビタミン DHA EPA L-シスチン 【公式】,nmn サプリメント 日本製 9000mg (1包300mg) 30日分 P3 ヒカル 高純度99.9% サーチュイン 遺伝子 亜鉛 マルチビタミン DHA EPA L-シスチン 【公式】,14040,1,,
418951-20251209-0061144342,MALL_192519526,mall,2025/12/09 13:13:09,14040,クレジットカード,,完了,0,,楽天市場,,70169-00000054,P3_01,nmn サプリメント 日本製 9000mg (1包300mg) 30日分 P3 ヒカル 高純度99.9% サーチュイン 遺伝子 亜鉛 マルチビタミン DHA EPA L-シスチン 【公式】,nmn サプリメント 日本製 9000mg (1包300mg) 30日分 P3 ヒカル 高純度99.9% サーチュイン 遺伝子 亜鉛 マルチビタミン DHA EPA L-シスチン 【公式】,14040,1,,
418951-20251209-0645744134,MALL_192532164,mall,2025/12/09 15:31:50,17800,クレジットカード,,完了,0,,楽天市場,,70169-00000178,P3_boosterset,nmn サプリメント 日本製 9000mg (1包300mg) 30日分 P3 ヒカル 高純度99.9% サーチュイン 遺伝子 亜鉛 マルチビタミン DHA EPA L-シスチン 【公式】,nmn サプリメント 日本製 9000mg (1包300mg) 30日分 P3 ヒカル 高純度99.9% サーチュイン 遺伝子 亜鉛 マルチビタミン DHA EPA L-シスチン 【公式】,17800,1,,
418951-20251209-0645744134,MALL_192532164,mall,2025/12/09 15:31:50,17800,クレジットカード,,完了,0,,楽天市場,,70169-00000178,P3_boosterset,nmn サプリメント 日本製 9000mg (1包300mg) 30日分 P3 ヒカル 高純度99.9% サーチュイン 遺伝子 亜鉛 マルチビタミン DHA EPA L-シスチン 【公式】,nmn サプリメント 日本製 9000mg (1包300mg) 30日分 P3 ヒカル 高純度99.9% サーチュイン 遺伝子 亜鉛 マルチビタミン DHA EPA L-シスチン 【公式】,17800,1,,
418951-20251209-0894444060,MALL_192533954,mall,2025/12/09 15:54:00,14040,クレジットカード,,完了,0,,楽天市場,,70169-00000054,P3_01,nmn サプリメント 日本製 9000mg (1包300mg) 30日分 P3 ヒカル 高純度99.9% サーチュイン 遺伝子 亜鉛 マルチビタミン DHA EPA L-シスチン 【公式】,nmn サプリメント 日本製 9000mg (1包300mg) 30日分 P3 ヒカル 高純度99.9% サーチュイン 遺伝子 亜鉛 マルチビタミン DHA EPA L-シスチン 【公式】,14040,1,,
418951-20251209-0554944251,MALL_192547440,mall,2025/12/09 18:33:56,14040,クレジットカード,,完了,0,,楽天市場,,70169-00000054,P3_01,nmn サプリメント 日本製 9000mg (1包300mg) 30日分 P3 ヒカル 高純度99.9% サーチュイン 遺伝子 亜鉛 マルチビタミン DHA EPA L-シスチン 【公式】,nmn サプリメント 日本製 9000mg (1包300mg) 30日分 P3 ヒカル 高純度99.9% サーチュイン 遺伝子 亜鉛 マルチビタミン DHA EPA L-シスチン 【公式】,14040,1,,
418951-20251209-3727522222,MALL_192550117,mall,2025/12/09 19:01:42,12636,クレジットカード,,完了,0,,楽天市場,,70169-00000054,P3_01,nmn サプリメント 日本製 9000mg (1包300mg) 30日分 P3 ヒカル 高純度99.9% サーチュイン 遺伝子 亜鉛 マルチビタミン DHA EPA L-シスチン 【公式】,nmn サプリメント 日本製 9000mg (1包300mg) 30日分 P3 ヒカル 高純度99.9% サーチュイン 遺伝子 亜鉛 マルチビタミン DHA EPA L-シスチン 【公式】,12636,1,,
418951-20251209-3727574006,MALL_192552438,mall,2025/12/09 19:25:22,12636,クレジットカード,,完了,0,,楽天市場,,70169-00000054,P3_01,nmn サプリメント 日本製 9000mg (1包300mg) 30日分 P3 ヒカル 高純度99.9% サーチュイン 遺伝子 亜鉛 マルチビタミン DHA EPA L-シスチン 【公式】,nmn サプリメント 日本製 9000mg (1包300mg) 30日分 P3 ヒカル 高純度99.9% サーチュイン 遺伝子 亜鉛 マルチビタミン DHA EPA L-シスチン 【公式】,12636,1,,
418951-20251209-0145444391,MALL_192567976,mall,2025/12/09 21:14:50,37900,クレジットカード,,完了,0,,楽天市場,,70169-00000056,P3_3set,NMNサプリメント 日本製 国産 9000mg (1包300mg) P3 お得3箱セット ヒカル 高純度99.9% サーチュイン 遺伝子 亜鉛 マルチビタミン DHA EPA L-シスチン 【公式】,NMNサプリメント 日本製 国産 9000mg (1包300mg) P3 お得3箱セット ヒカル 高純度99.9% サーチュイン 遺伝子 亜鉛 マルチビタミン DHA EPA L-シスチン 【公式】,37900,1,,
418951-20251209-0188544379,MALL_192576059,mall,2025/12/09 21:59:51,14040,クレジットカード,,完了,0,,楽天市場,,70169-00000054,P3_01,nmn サプリメント 日本製 9000mg (1包300mg) 30日分 P3 ヒカル 高純度99.9% サーチュイン 遺伝子 亜鉛 マルチビタミン DHA EPA L-シスチン 【公式】,nmn サプリメント 日本製 9000mg (1包300mg) 30日分 P3 ヒカル 高純度99.9% サーチュイン 遺伝子 亜鉛 マルチビタミン DHA EPA L-シスチン 【公式】,14040,1,,
418951-20251209-0133244412,MALL_192580266,mall,2025/12/09 22:23:28,14040,クレジットカード,,完了,0,,楽天市場,,70169-00000054,P3_01,nmn サプリメント 日本製 9000mg (1包300mg) 30日分 P3 ヒカル 高純度99.9% サーチュイン 遺伝子 亜鉛 マルチビタミン DHA EPA L-シスチン 【公式】,nmn サプリメント 日本製 9000mg (1包300mg) 30日分 P3 ヒカル 高純度99.9% サーチュイン 遺伝子 亜鉛 マルチビタミン DHA EPA L-シスチン 【公式】,14040,1,,
418951-20251209-0746244209,MALL_192583886,mall,2025/12/09 22:44:31,14040,クレジットカード,,完了,0,,楽天市場,,70169-00000054,P3_01,nmn サプリメント 日本製 9000mg (1包300mg) 30日分 P3 ヒカル 高純度99.9% サーチュイン 遺伝子 亜鉛 マルチビタミン DHA EPA L-シスチン 【公式】,nmn サプリメント 日本製 9000mg (1包300mg) 30日分 P3 ヒカル 高純度99.9% サーチュイン 遺伝子 亜鉛 マルチビタミン DHA EPA L-シスチン 【公式】,14040,1,,
418951-20251209-0823944132,MALL_192586829,mall,2025/12/09 23:03:19,14040,クレジットカード,,完了,0,,楽天市場,,70169-00000054,P3_01,nmn サプリメント 日本製 9000mg (1包300mg) 30日分 P3 ヒカル 高純度99.9% サーチュイン 遺伝子 亜鉛 マルチビタミン DHA EPA L-シスチン 【公式】,nmn サプリメント 日本製 9000mg (1包300mg) 30日分 P3 ヒカル 高純度99.9% サーチュイン 遺伝子 亜鉛 マルチビタミン DHA EPA L-シスチン 【公式】,14040,1,,
418951-20251209-0863444148,MALL_192592330,mall,2025/12/09 23:42:09,14040,クレジットカード,,完了,0,,楽天市場,,70169-00000054,P3_01,nmn サプリメント 日本製 9000mg (1包300mg) 30日分 P3 ヒカル 高純度99.9% サーチュイン 遺伝子 亜鉛 マルチビタミン DHA EPA L-シスチン 【公式】,nmn サプリメント 日本製 9000mg (1包300mg) 30日分 P3 ヒカル 高純度99.9% サーチュイン 遺伝子 亜鉛 マルチビタミン DHA EPA L-シスチン 【公式】,14040,1,,
418951-20251210-0203844416,MALL_192601318,mall,2025/12/10 0:15:49,14040,クレジットカード,,完了,0,,楽天市場,,70169-00000054,P3_01,nmn サプリメント 日本製 9000mg (1包300mg) 30日分 P3 ヒカル 高純度99.9% サーチュイン 遺伝子 亜鉛 マルチビタミン DHA EPA L-シスチン 【公式】,nmn サプリメント 日本製 9000mg (1包300mg) 30日分 P3 ヒカル 高純度99.9% サーチュイン 遺伝子 亜鉛 マルチビタミン DHA EPA L-シスチン 【公式】,14040,1,,
418951-20251210-3728996238,MALL_192626141,mall,2025/12/10 2:28:36,12636,クレジットカード,,完了,0,,楽天市場,,70169-00000054,P3_01,【定期購入】【1箱から継続中ずっと10％OFF】P3 NMNパーフェクトサプリメント1箱 ヒカル サプリ 日本製 9000mg (1包300mg) 30日分 高純度99.9% サーチュイン 遺伝子 亜鉛 マルチビタミン DHA EPA L-シスチン 【公式】,【定期購入】【1箱から継続中ずっと10％OFF】P3 NMNパーフェクトサプリメント1箱 ヒカル サプリ 日本製 9000mg (1包300mg) 30日分 高純度99.9% サーチュイン 遺伝子 亜鉛 マルチビタミン DHA EPA L-シスチン 【公式】,12636,1,,
418951-20251210-3729025743,MALL_192627489,mall,2025/12/10 2:49:24,12636,クレジットカード,,完了,0,,楽天市場,,70169-00000054,P3_01,nmn サプリメント 日本製 9000mg (1包300mg) 30日分 ヒカル P3 高純度99.9% サーチュイン 遺伝子 亜鉛 マルチビタミン DHA EPA L-シスチン 【公式】,nmn サプリメント 日本製 9000mg (1包300mg) 30日分 ヒカル P3 高純度99.9% サーチュイン 遺伝子 亜鉛 マルチビタミン DHA EPA L-シスチン 【公式】,12636,1,,
418951-20251210-0216444444,MALL_192628622,mall,2025/12/10 3:09:29,17800,クレジットカード,,完了,0,,楽天市場,,70169-00000178,P3_boosterset,nmn サプリメント 日本製 9000mg (1包300mg) 30日分 P3 ヒカル 高純度99.9% サーチュイン 遺伝子 亜鉛 マルチビタミン DHA EPA L-シスチン 【公式】,nmn サプリメント 日本製 9000mg (1包300mg) 30日分 P3 ヒカル 高純度99.9% サーチュイン 遺伝子 亜鉛 マルチビタミン DHA EPA L-シスチン 【公式】,17800,1,,
418951-20251210-0216444444,MALL_192628622,mall,2025/12/10 3:09:29,17800,クレジットカード,,完了,0,,楽天市場,,70169-00000178,P3_boosterset,nmn サプリメント 日本製 9000mg (1包300mg) 30日分 P3 ヒカル 高純度99.9% サーチュイン 遺伝子 亜鉛 マルチビタミン DHA EPA L-シスチン 【公式】,nmn サプリメント 日本製 9000mg (1包300mg) 30日分 P3 ヒカル 高純度99.9% サーチュイン 遺伝子 亜鉛 マルチビタミン DHA EPA L-シスチン 【公式】,17800,1,,
418951-20251210-3729057426,MALL_192629108,mall,2025/12/10 3:19:25,12636,クレジットカード,,完了,0,,楽天市場,,70169-00000054,P3_01,nmn サプリメント 日本製 9000mg (1包300mg) 30日分 ヒカル P3 高純度99.9% サーチュイン 遺伝子 亜鉛 マルチビタミン DHA EPA L-シスチン 【公式】,nmn サプリメント 日本製 9000mg (1包300mg) 30日分 ヒカル P3 高純度99.9% サーチュイン 遺伝子 亜鉛 マルチビタミン DHA EPA L-シスチン 【公式】,12636,1,,
418951-20251210-3729057476,MALL_192629112,mall,2025/12/10 3:19:25,12636,クレジットカード,,完了,0,,楽天市場,,70169-00000054,P3_01,nmn サプリメント 日本製 9000mg (1包300mg) 30日分 ヒカル P3 高純度99.9% サーチュイン 遺伝子 亜鉛 マルチビタミン DHA EPA L-シスチン 【公式】,nmn サプリメント 日本製 9000mg (1包300mg) 30日分 ヒカル P3 高純度99.9% サーチュイン 遺伝子 亜鉛 マルチビタミン DHA EPA L-シスチン 【公式】,12636,1,,
418951-20251210-3729100777,MALL_192630923,mall,2025/12/10 3:58:26,12636,コンビニ決済,,完了,0,,楽天市場,,70169-00000054,P3_01,nmn サプリメント 日本製 9000mg (1包300mg) 30日分 P3 ヒカル 高純度99.9% サーチュイン 遺伝子 亜鉛 マルチビタミン DHA EPA L-シスチン 【公式】,nmn サプリメント 日本製 9000mg (1包300mg) 30日分 P3 ヒカル 高純度99.9% サーチュイン 遺伝子 亜鉛 マルチビタミン DHA EPA L-シスチン 【公式】,12636,1,,
418951-20251210-3729107924,MALL_192631336,mall,2025/12/10 4:07:55,12636,クレジットカード,,完了,0,,楽天市場,,70169-00000054,P3_01,nmn サプリメント 日本製 9000mg (1包300mg) 30日分 P3 ヒカル 高純度99.9% サーチュイン 遺伝子 亜鉛 マルチビタミン DHA EPA L-シスチン 【公式】,nmn サプリメント 日本製 9000mg (1包300mg) 30日分 P3 ヒカル 高純度99.9% サーチュイン 遺伝子 亜鉛 マルチビタミン DHA EPA L-シスチン 【公式】,12636,1,,
418951-20251210-3729107934,MALL_192631337,mall,2025/12/10 4:07:56,16762,クレジットカード,,完了,0,,楽天市場,,70169-00000178,P3_boosterset,nmn サプリメント 日本製 9000mg (1包300mg) 30日分 P3 ヒカル 高純度99.9% サーチュイン 遺伝子 亜鉛 マルチビタミン DHA EPA L-シスチン 【公式】,nmn サプリメント 日本製 9000mg (1包300mg) 30日分 P3 ヒカル 高純度99.9% サーチュイン 遺伝子 亜鉛 マルチビタミン DHA EPA L-シスチン 【公式】,16762,1,,
418951-20251210-3729107934,MALL_192631337,mall,2025/12/10 4:07:56,16762,クレジットカード,,完了,0,,楽天市場,,70169-00000178,P3_boosterset,nmn サプリメント 日本製 9000mg (1包300mg) 30日分 P3 ヒカル 高純度99.9% サーチュイン 遺伝子 亜鉛 マルチビタミン DHA EPA L-シスチン 【公式】,nmn サプリメント 日本製 9000mg (1包300mg) 30日分 P3 ヒカル 高純度99.9% サーチュイン 遺伝子 亜鉛 マルチビタミン DHA EPA L-シスチン 【公式】,16762,1,,
418951-20251210-3729107959,MALL_192631338,mall,2025/12/10 4:07:56,16762,クレジットカード,,完了,0,,楽天市場,,70169-00000178,P3_boosterset,nmn サプリメント 日本製 9000mg (1包300mg) 30日分 P3 ヒカル 高純度99.9% サーチュイン 遺伝子 亜鉛 マルチビタミン DHA EPA L-シスチン 【公式】,nmn サプリメント 日本製 9000mg (1包300mg) 30日分 P3 ヒカル 高純度99.9% サーチュイン 遺伝子 亜鉛 マルチビタミン DHA EPA L-シスチン 【公式】,16762,1,,
418951-20251210-3729107959,MALL_192631338,mall,2025/12/10 4:07:56,16762,クレジットカード,,完了,0,,楽天市場,,70169-00000178,P3_boosterset,nmn サプリメント 日本製 9000mg (1包300mg) 30日分 P3 ヒカル 高純度99.9% サーチュイン 遺伝子 亜鉛 マルチビタミン DHA EPA L-シスチン 【公式】,nmn サプリメント 日本製 9000mg (1包300mg) 30日分 P3 ヒカル 高純度99.9% サーチュイン 遺伝子 亜鉛 マルチビタミン DHA EPA L-シスチン 【公式】,16762,1,,
418951-20251210-0896044213,MALL_192642769,mall,2025/12/10 6:21:31,14040,クレジットカード,,完了,0,,楽天市場,,70169-00000054,P3_01,nmn サプリメント 日本製 9000mg (1包300mg) 30日分 P3 ヒカル 高純度99.9% サーチュイン 遺伝子 亜鉛 マルチビタミン DHA EPA L-シスチン 【公式】,nmn サプリメント 日本製 9000mg (1包300mg) 30日分 P3 ヒカル 高純度99.9% サーチュイン 遺伝子 亜鉛 マルチビタミン DHA EPA L-シスチン 【公式】,14040,1,,
418951-20251210-0442344340,MALL_192643686,mall,2025/12/10 6:26:47,14040,クレジットカード,,完了,0,,楽天市場,,70169-00000054,P3_01,nmn サプリメント 日本製 9000mg (1包300mg) 30日分 P3 ヒカル 高純度99.9% サーチュイン 遺伝子 亜鉛 マルチビタミン DHA EPA L-シスチン 【公式】,nmn サプリメント 日本製 9000mg (1包300mg) 30日分 P3 ヒカル 高純度99.9% サーチュイン 遺伝子 亜鉛 マルチビタミン DHA EPA L-シスチン 【公式】,14040,1,,
418951-20251210-0392044379,MALL_192645197,mall,2025/12/10 6:35:25,35600,クレジットカード,,完了,0,,楽天市場,,70169-00000178,P3_boosterset,nmn サプリメント 日本製 9000mg (1包300mg) 30日分 P3 ヒカル 高純度99.9% サーチュイン 遺伝子 亜鉛 マルチビタミン DHA EPA L-シスチン 【公式】,nmn サプリメント 日本製 9000mg (1包300mg) 30日分 P3 ヒカル 高純度99.9% サーチュイン 遺伝子 亜鉛 マルチビタミン DHA EPA L-シスチン 【公式】,17800,2,,
418951-20251210-0392044379,MALL_192645197,mall,2025/12/10 6:35:25,35600,クレジットカード,,完了,0,,楽天市場,,70169-00000178,P3_boosterset,nmn サプリメント 日本製 9000mg (1包300mg) 30日分 P3 ヒカル 高純度99.9% サーチュイン 遺伝子 亜鉛 マルチビタミン DHA EPA L-シスチン 【公式】,nmn サプリメント 日本製 9000mg (1包300mg) 30日分 P3 ヒカル 高純度99.9% サーチュイン 遺伝子 亜鉛 マルチビタミン DHA EPA L-シスチン 【公式】,17800,2,,
418951-20251210-0369244453,MALL_192659574,mall,2025/12/10 7:38:57,14040,クレジットカード,,完了,0,,楽天市場,,70169-00000054,P3_01,nmn サプリメント 日本製 9000mg (1包300mg) 30日分 P3 ヒカル 高純度99.9% サーチュイン 遺伝子 亜鉛 マルチビタミン DHA EPA L-シスチン 【公式】,nmn サプリメント 日本製 9000mg (1包300mg) 30日分 P3 ヒカル 高純度99.9% サーチュイン 遺伝子 亜鉛 マルチビタミン DHA EPA L-シスチン 【公式】,14040,1,,
418951-20251210-0345044468,MALL_192661388,mall,2025/12/10 7:45:44,14040,クレジットカード,,完了,0,,楽天市場,,70169-00000054,P3_01,nmn サプリメント 日本製 9000mg (1包300mg) 30日分 P3 ヒカル 高純度99.9% サーチュイン 遺伝子 亜鉛 マルチビタミン DHA EPA L-シスチン 【公式】,nmn サプリメント 日本製 9000mg (1包300mg) 30日分 P3 ヒカル 高純度99.9% サーチュイン 遺伝子 亜鉛 マルチビタミン DHA EPA L-シスチン 【公式】,14040,1,,
418951-20251210-0323444444,MALL_192666710,mall,2025/12/10 8:03:46,37900,クレジットカード,,完了,0,,楽天市場,,70169-00000056,P3_3set,NMNサプリメント 日本製 国産 9000mg (1包300mg) P3 お得3箱セット ヒカル 高純度99.9% サーチュイン 遺伝子 亜鉛 マルチビタミン DHA EPA L-シスチン 【公式】,NMNサプリメント 日本製 国産 9000mg (1包300mg) P3 お得3箱セット ヒカル 高純度99.9% サーチュイン 遺伝子 亜鉛 マルチビタミン DHA EPA L-シスチン 【公式】,37900,1,,
418951-20251210-0042444630,MALL_192677019,mall,2025/12/10 8:38:46,14040,クレジットカード,,完了,0,,楽天市場,,70169-00000054,P3_01,nmn サプリメント 日本製 9000mg (1包300mg) 30日分 P3 ヒカル 高純度99.9% サーチュイン 遺伝子 亜鉛 マルチビタミン DHA EPA L-シスチン 【公式】,nmn サプリメント 日本製 9000mg (1包300mg) 30日分 P3 ヒカル 高純度99.9% サーチュイン 遺伝子 亜鉛 マルチビタミン DHA EPA L-シスチン 【公式】,14040,1,,
418951-20251210-0580444358,MALL_192695151,mall,2025/12/10 9:46:02,14040,クレジットカード,,完了,0,,楽天市場,,70169-00000054,P3_01,nmn サプリメント 日本製 9000mg (1包300mg) 30日分 P3 ヒカル 高純度99.9% サーチュイン 遺伝子 亜鉛 マルチビタミン DHA EPA L-シスチン 【公式】,nmn サプリメント 日本製 9000mg (1包300mg) 30日分 P3 ヒカル 高純度99.9% サーチュイン 遺伝子 亜鉛 マルチビタミン DHA EPA L-シスチン 【公式】,14040,1,,
418951-20251210-0344144508,MALL_192698038,mall,2025/12/10 9:57:19,73200,クレジットカード,,完了,0,,楽天市場,,70169-00000150,P3_6set,【まとめセット最大割引11;040円OFF】nmn サプリ 日本製 国産 サプリメント 9000mg (1包300mg) P3 お得6箱セット ヒカル 高純度99.9% サーチュイン 遺伝子 亜鉛 マルチビタミン DHA EPA L-シスチン 【公式】,【まとめセット最大割引11;040円OFF】nmn サプリ 日本製 国産 サプリメント 9000mg (1包300mg) P3 お得6箱セット ヒカル 高純度99.9% サーチュイン 遺伝子 亜鉛 マルチビタミン DHA EPA L-シスチン 【公式】,73200,1,,
ladder-shop-10000230,MALL_192700745,mall,2025/12/10 10:08:01,12636,PayPayあと払い,,完了,0,,Yahoo!ショッピング,,70169-00000054,P3_01,P3 nmn サプリ メント 日本製 ヒカル｜公式 正規品｜ニコチンアミドモノヌクレオチド トランスレスベラトロール DHA EPA L-シスチン,P3 nmn サプリ メント 日本製 ヒカル｜公式 正規品｜ニコチンアミドモノヌクレオチド トランスレスベラトロール DHA EPA L-シスチン,12636,1,,
ladder-shop-10000231,MALL_192705000,mall,2025/12/10 10:23:00,12636,PayPayあと払い,,完了,0,,Yahoo!ショッピング,,70169-00000054,P3_01,P3 nmn サプリ メント 日本製 ヒカル｜公式 正規品｜ニコチンアミドモノヌクレオチド トランスレスベラトロール DHA EPA L-シスチン,P3 nmn サプリ メント 日本製 ヒカル｜公式 正規品｜ニコチンアミドモノヌクレオチド トランスレスベラトロール DHA EPA L-シスチン,12636,1,,
418951-20251210-0259544581,MALL_192719055,mall,2025/12/10 11:22:01,37900,クレジットカード,,完了,0,,楽天市場,,70169-00000056,P3_3set,NMNサプリメント 日本製 国産 9000mg (1包300mg) P3 お得3箱セット ヒカル 高純度99.9% サーチュイン 遺伝子 亜鉛 マルチビタミン DHA EPA L-シスチン 【公式】,NMNサプリメント 日本製 国産 9000mg (1包300mg) P3 お得3箱セット ヒカル 高純度99.9% サーチュイン 遺伝子 亜鉛 マルチビタミン DHA EPA L-シスチン 【公式】,37900,1,,
418951-20251210-0852744320,MALL_192742980,mall,2025/12/10 12:49:49,37900,クレジットカード,,完了,0,,楽天市場,,70169-00000056,P3_3set,NMNサプリメント 日本製 国産 9000mg (1包300mg) P3 お得3箱セット ヒカル 高純度99.9% サーチュイン 遺伝子 亜鉛 マルチビタミン DHA EPA L-シスチン 【公式】,NMNサプリメント 日本製 国産 9000mg (1包300mg) P3 お得3箱セット ヒカル 高純度99.9% サーチュイン 遺伝子 亜鉛 マルチビタミン DHA EPA L-シスチン 【公式】,37900,1,,
418951-20251210-3731291744,MALL_192747815,mall,2025/12/10 13:05:29,12636,クレジットカード,,完了,0,,楽天市場,,70169-00000054,P3_01,nmn サプリメント 日本製 9000mg (1包300mg) 30日分 P3 ヒカル 高純度99.9% サーチュイン 遺伝子 亜鉛 マルチビタミン DHA EPA L-シスチン 【公式】,nmn サプリメント 日本製 9000mg (1包300mg) 30日分 P3 ヒカル 高純度99.9% サーチュイン 遺伝子 亜鉛 マルチビタミン DHA EPA L-シスチン 【公式】,12636,1,,
418951-20251210-0580844522,MALL_192772608,mall,2025/12/10 14:52:04,17800,クレジットカード,,完了,0,,楽天市場,,70169-00000178,P3_boosterset,nmn サプリメント 日本製 9000mg (1包300mg) 30日分 P3 ヒカル 高純度99.9% サーチュイン 遺伝子 亜鉛 マルチビタミン DHA EPA L-シスチン 【公式】,nmn サプリメント 日本製 9000mg (1包300mg) 30日分 P3 ヒカル 高純度99.9% サーチュイン 遺伝子 亜鉛 マルチビタミン DHA EPA L-シスチン 【公式】,17800,1,,
418951-20251210-0580844522,MALL_192772608,mall,2025/12/10 14:52:04,17800,クレジットカード,,完了,0,,楽天市場,,70169-00000178,P3_boosterset,nmn サプリメント 日本製 9000mg (1包300mg) 30日分 P3 ヒカル 高純度99.9% サーチュイン 遺伝子 亜鉛 マルチビタミン DHA EPA L-シスチン 【公式】,nmn サプリメント 日本製 9000mg (1包300mg) 30日分 P3 ヒカル 高純度99.9% サーチュイン 遺伝子 亜鉛 マルチビタミン DHA EPA L-シスチン 【公式】,17800,1,,
418951-20251210-0353044649,MALL_192785053,mall,2025/12/10 15:51:14,26600,クレジットカード,,完了,0,,楽天市場,,70169-00000055,P3_2set,nmn サプリ 日本製 国産 サプリメント 9000mg (1包300mg) P3 お得2箱セット ヒカル 高純度99.9% サーチュイン 遺伝子 亜鉛 マルチビタミン DHA EPA L-シスチン 【公式】,nmn サプリ 日本製 国産 サプリメント 9000mg (1包300mg) P3 お得2箱セット ヒカル 高純度99.9% サーチュイン 遺伝子 亜鉛 マルチビタミン DHA EPA L-シスチン 【公式】,26600,1,,
418951-20251210-0827044450,MALL_192789337,mall,2025/12/10 16:12:14,37900,クレジットカード,,完了,0,,楽天市場,,70169-00000056,P3_3set,NMNサプリメント 日本製 国産 9000mg (1包300mg) P3 お得3箱セット ヒカル 高純度99.9% サーチュイン 遺伝子 亜鉛 マルチビタミン DHA EPA L-シスチン 【公式】,NMNサプリメント 日本製 国産 9000mg (1包300mg) P3 お得3箱セット ヒカル 高純度99.9% サーチュイン 遺伝子 亜鉛 マルチビタミン DHA EPA L-シスチン 【公式】,37900,1,,
418951-20251210-0398544682,MALL_192805441,mall,2025/12/10 17:27:20,35600,クレジットカード,,完了,0,,楽天市場,,70169-00000178,P3_boosterset,nmn サプリメント 日本製 9000mg (1包300mg) 30日分 P3 ヒカル 高純度99.9% サーチュイン 遺伝子 亜鉛 マルチビタミン DHA EPA L-シスチン 【公式】,nmn サプリメント 日本製 9000mg (1包300mg) 30日分 P3 ヒカル 高純度99.9% サーチュイン 遺伝子 亜鉛 マルチビタミン DHA EPA L-シスチン 【公式】,17800,2,,
418951-20251210-0398544682,MALL_192805441,mall,2025/12/10 17:27:20,35600,クレジットカード,,完了,0,,楽天市場,,70169-00000178,P3_boosterset,nmn サプリメント 日本製 9000mg (1包300mg) 30日分 P3 ヒカル 高純度99.9% サーチュイン 遺伝子 亜鉛 マルチビタミン DHA EPA L-シスチン 【公式】,nmn サプリメント 日本製 9000mg (1包300mg) 30日分 P3 ヒカル 高純度99.9% サーチュイン 遺伝子 亜鉛 マルチビタミン DHA EPA L-シスチン 【公式】,17800,2,,
418951-20251210-0761244515,MALL_192812125,mall,2025/12/10 17:56:18,14040,クレジットカード,,完了,0,,楽天市場,,70169-00000054,P3_01,nmn サプリメント 日本製 9000mg (1包300mg) 30日分 P3 ヒカル 高純度99.9% サーチュイン 遺伝子 亜鉛 マルチビタミン DHA EPA L-シスチン 【公式】,nmn サプリメント 日本製 9000mg (1包300mg) 30日分 P3 ヒカル 高純度99.9% サーチュイン 遺伝子 亜鉛 マルチビタミン DHA EPA L-シスチン 【公式】,14040,1,,
418951-20251210-0628844582,MALL_192828361,mall,2025/12/10 18:51:19,37900,クレジットカード,,完了,0,,楽天市場,,70169-00000056,P3_3set,NMNサプリメント 日本製 国産 9000mg (1包300mg) P3 お得3箱セット ヒカル 高純度99.9% サーチュイン 遺伝子 亜鉛 マルチビタミン DHA EPA L-シスチン 【公式】,NMNサプリメント 日本製 国産 9000mg (1包300mg) P3 お得3箱セット ヒカル 高純度99.9% サーチュイン 遺伝子 亜鉛 マルチビタミン DHA EPA L-シスチン 【公式】,37900,1,,
418951-20251210-0475944716,MALL_192845213,mall,2025/12/10 19:37:16,37900,クレジットカード,,完了,0,,楽天市場,,70169-00000056,P3_3set,NMNサプリメント 日本製 国産 9000mg (1包300mg) P3 お得3箱セット ヒカル 高純度99.9% サーチュイン 遺伝子 亜鉛 マルチビタミン DHA EPA L-シスチン 【公式】,NMNサプリメント 日本製 国産 9000mg (1包300mg) P3 お得3箱セット ヒカル 高純度99.9% サーチュイン 遺伝子 亜鉛 マルチビタミン DHA EPA L-シスチン 【公式】,37900,1,,
418951-20251210-0196044774,MALL_192869839,mall,2025/12/10 20:25:20,14040,クレジットカード,,完了,0,,楽天市場,,70169-00000054,P3_01,nmn サプリメント 日本製 9000mg (1包300mg) 30日分 P3 ヒカル 高純度99.9% サーチュイン 遺伝子 亜鉛 マルチビタミン DHA EPA L-シスチン 【公式】,nmn サプリメント 日本製 9000mg (1包300mg) 30日分 P3 ヒカル 高純度99.9% サーチュイン 遺伝子 亜鉛 マルチビタミン DHA EPA L-シスチン 【公式】,14040,1,,
418951-20251210-0756944623,MALL_192883918,mall,2025/12/10 20:48:04,14040,クレジットカード,,完了,0,,楽天市場,,70169-00000054,P3_01,nmn サプリメント 日本製 9000mg (1包300mg) 30日分 P3 ヒカル 高純度99.9% サーチュイン 遺伝子 亜鉛 マルチビタミン DHA EPA L-シスチン 【公式】,nmn サプリメント 日本製 9000mg (1包300mg) 30日分 P3 ヒカル 高純度99.9% サーチュイン 遺伝子 亜鉛 マルチビタミン DHA EPA L-シスチン 【公式】,14040,1,,
418951-20251210-0839044626,MALL_192894277,mall,2025/12/10 21:03:27,14040,クレジットカード,,完了,0,,楽天市場,,70169-00000054,P3_01,nmn サプリメント 日本製 9000mg (1包300mg) 30日分 P3 ヒカル 高純度99.9% サーチュイン 遺伝子 亜鉛 マルチビタミン DHA EPA L-シスチン 【公式】,nmn サプリメント 日本製 9000mg (1包300mg) 30日分 P3 ヒカル 高純度99.9% サーチュイン 遺伝子 亜鉛 マルチビタミン DHA EPA L-シスチン 【公式】,14040,1,,
418951-20251210-0905744630,MALL_192920340,mall,2025/12/10 21:36:18,14040,クレジットカード,,完了,0,,楽天市場,,70169-00000054,P3_01,nmn サプリメント 日本製 9000mg (1包300mg) 30日分 P3 ヒカル 高純度99.9% サーチュイン 遺伝子 亜鉛 マルチビタミン DHA EPA L-シスチン 【公式】,nmn サプリメント 日本製 9000mg (1包300mg) 30日分 P3 ヒカル 高純度99.9% サーチュイン 遺伝子 亜鉛 マルチビタミン DHA EPA L-シスチン 【公式】,14040,1,,
418951-20251210-0023444972,MALL_192928434,mall,2025/12/10 21:45:50,37900,クレジットカード,,完了,0,,楽天市場,,70169-00000056,P3_3set,NMNサプリメント 日本製 国産 9000mg (1包300mg) P3 お得3箱セット ヒカル 高純度99.9% サーチュイン 遺伝子 亜鉛 マルチビタミン DHA EPA L-シスチン 【公式】,NMNサプリメント 日本製 国産 9000mg (1包300mg) P3 お得3箱セット ヒカル 高純度99.9% サーチュイン 遺伝子 亜鉛 マルチビタミン DHA EPA L-シスチン 【公式】,37900,1,,
418951-20251210-0514344743,MALL_192937980,mall,2025/12/10 21:57:11,17800,クレジットカード,,完了,0,,楽天市場,,70169-00000178,P3_boosterset,nmn サプリメント 日本製 9000mg (1包300mg) 30日分 P3 ヒカル 高純度99.9% サーチュイン 遺伝子 亜鉛 マルチビタミン DHA EPA L-シスチン 【公式】,nmn サプリメント 日本製 9000mg (1包300mg) 30日分 P3 ヒカル 高純度99.9% サーチュイン 遺伝子 亜鉛 マルチビタミン DHA EPA L-シスチン 【公式】,17800,1,,
418951-20251210-0514344743,MALL_192937980,mall,2025/12/10 21:57:11,17800,クレジットカード,,完了,0,,楽天市場,,70169-00000178,P3_boosterset,nmn サプリメント 日本製 9000mg (1包300mg) 30日分 P3 ヒカル 高純度99.9% サーチュイン 遺伝子 亜鉛 マルチビタミン DHA EPA L-シスチン 【公式】,nmn サプリメント 日本製 9000mg (1包300mg) 30日分 P3 ヒカル 高純度99.9% サーチュイン 遺伝子 亜鉛 マルチビタミン DHA EPA L-シスチン 【公式】,17800,1,,
418951-20251210-0294044954,MALL_192992150,mall,2025/12/10 22:57:02,37900,クレジットカード,,完了,0,,楽天市場,,70169-00000056,P3_3set,NMNサプリメント 日本製 国産 9000mg (1包300mg) P3 お得3箱セット ヒカル 高純度99.9% サーチュイン 遺伝子 亜鉛 マルチビタミン DHA EPA L-シスチン 【公式】,NMNサプリメント 日本製 国産 9000mg (1包300mg) P3 お得3箱セット ヒカル 高純度99.9% サーチュイン 遺伝子 亜鉛 マルチビタミン DHA EPA L-シスチン 【公式】,37900,1,,
418951-20251210-0259544972,MALL_192999103,mall,2025/12/10 23:04:25,14040,クレジットカード,,完了,0,,楽天市場,,70169-00000054,P3_01,nmn サプリメント 日本製 9000mg (1包300mg) 30日分 P3 ヒカル 高純度99.9% サーチュイン 遺伝子 亜鉛 マルチビタミン DHA EPA L-シスチン 【公式】,nmn サプリメント 日本製 9000mg (1包300mg) 30日分 P3 ヒカル 高純度99.9% サーチュイン 遺伝子 亜鉛 マルチビタミン DHA EPA L-シスチン 【公式】,14040,1,,
418951-20251210-0234845040,MALL_193004004,mall,2025/12/10 23:09:32,14040,クレジットカード,,完了,0,,楽天市場,,70169-00000054,P3_01,nmn サプリメント 日本製 9000mg (1包300mg) 30日分 P3 ヒカル 高純度99.9% サーチュイン 遺伝子 亜鉛 マルチビタミン DHA EPA L-シスチン 【公式】,nmn サプリメント 日本製 9000mg (1包300mg) 30日分 P3 ヒカル 高純度99.9% サーチュイン 遺伝子 亜鉛 マルチビタミン DHA EPA L-シスチン 【公式】,14040,1,,
418951-20251210-0824044735,MALL_193010783,mall,2025/12/10 23:16:48,14040,クレジットカード,,完了,0,,楽天市場,,70169-00000054,P3_01,nmn サプリメント 日本製 9000mg (1包300mg) 30日分 P3 ヒカル 高純度99.9% サーチュイン 遺伝子 亜鉛 マルチビタミン DHA EPA L-シスチン 【公式】,nmn サプリメント 日本製 9000mg (1包300mg) 30日分 P3 ヒカル 高純度99.9% サーチュイン 遺伝子 亜鉛 マルチビタミン DHA EPA L-シスチン 【公式】,14040,1,,
418951-20251210-0272245017,MALL_193025482,mall,2025/12/10 23:31:52,37900,クレジットカード,,完了,0,,楽天市場,,70169-00000056,P3_3set,NMNサプリメント 日本製 国産 9000mg (1包300mg) P3 お得3箱セット ヒカル 高純度99.9% サーチュイン 遺伝子 亜鉛 マルチビタミン DHA EPA L-シスチン 【公式】,NMNサプリメント 日本製 国産 9000mg (1包300mg) P3 お得3箱セット ヒカル 高純度99.9% サーチュイン 遺伝子 亜鉛 マルチビタミン DHA EPA L-シスチン 【公式】,37900,1,,
418951-20251210-0104445132,MALL_193033871,mall,2025/12/10 23:40:11,14040,クレジットカード,,完了,0,,楽天市場,,70169-00000054,P3_01,nmn サプリメント 日本製 9000mg (1包300mg) 30日分 P3 ヒカル 高純度99.9% サーチュイン 遺伝子 亜鉛 マルチビタミン DHA EPA L-シスチン 【公式】,nmn サプリメント 日本製 9000mg (1包300mg) 30日分 P3 ヒカル 高純度99.9% サーチュイン 遺伝子 亜鉛 マルチビタミン DHA EPA L-シスチン 【公式】,14040,1,,
418951-20251210-0503144956,MALL_193052106,mall,2025/12/10 23:56:03,14040,クレジットカード,,完了,0,,楽天市場,,70169-00000054,P3_01,nmn サプリメント 日本製 9000mg (1包300mg) 30日分 P3 ヒカル 高純度99.9% サーチュイン 遺伝子 亜鉛 マルチビタミン DHA EPA L-シスチン 【公式】,nmn サプリメント 日本製 9000mg (1包300mg) 30日分 P3 ヒカル 高純度99.9% サーチュイン 遺伝子 亜鉛 マルチビタミン DHA EPA L-シスチン 【公式】,14040,1,,
418951-20251210-0431145003,MALL_193059628,mall,2025/12/11 0:00:36,14040,クレジットカード,,完了,0,,楽天市場,,70169-00000054,P3_01,nmn サプリメント 日本製 9000mg (1包300mg) 30日分 P3 ヒカル 高純度99.9% サーチュイン 遺伝子 亜鉛 マルチビタミン DHA EPA L-シスチン 【公式】,nmn サプリメント 日本製 9000mg (1包300mg) 30日分 P3 ヒカル 高純度99.9% サーチュイン 遺伝子 亜鉛 マルチビタミン DHA EPA L-シスチン 【公式】,14040,1,,
418951-20251211-0449245025,MALL_193070467,mall,2025/12/11 0:18:21,14040,クレジットカード,,完了,0,,楽天市場,,70169-00000054,P3_01,nmn サプリメント 日本製 9000mg (1包300mg) 30日分 P3 ヒカル 高純度99.9% サーチュイン 遺伝子 亜鉛 マルチビタミン DHA EPA L-シスチン 【公式】,nmn サプリメント 日本製 9000mg (1包300mg) 30日分 P3 ヒカル 高純度99.9% サーチュイン 遺伝子 亜鉛 マルチビタミン DHA EPA L-シスチン 【公式】,14040,1,,
418951-20251211-0684844920,MALL_193084445,mall,2025/12/11 1:11:07,14040,クレジットカード,,完了,0,,楽天市場,,70169-00000054,P3_01,nmn サプリメント 日本製 9000mg (1包300mg) 30日分 P3 ヒカル 高純度99.9% サーチュイン 遺伝子 亜鉛 マルチビタミン DHA EPA L-シスチン 【公式】,nmn サプリメント 日本製 9000mg (1包300mg) 30日分 P3 ヒカル 高純度99.9% サーチュイン 遺伝子 亜鉛 マルチビタミン DHA EPA L-シスチン 【公式】,14040,1,,
418951-20251211-0440245068,MALL_193085887,mall,2025/12/11 1:18:50,17800,クレジットカード,,完了,0,,楽天市場,,70169-00000178,P3_boosterset,nmn サプリメント 日本製 9000mg (1包300mg) 30日分 P3 ヒカル 高純度99.9% サーチュイン 遺伝子 亜鉛 マルチビタミン DHA EPA L-シスチン 【公式】,nmn サプリメント 日本製 9000mg (1包300mg) 30日分 P3 ヒカル 高純度99.9% サーチュイン 遺伝子 亜鉛 マルチビタミン DHA EPA L-シスチン 【公式】,17800,1,,
418951-20251211-0440245068,MALL_193085887,mall,2025/12/11 1:18:50,17800,クレジットカード,,完了,0,,楽天市場,,70169-00000178,P3_boosterset,nmn サプリメント 日本製 9000mg (1包300mg) 30日分 P3 ヒカル 高純度99.9% サーチュイン 遺伝子 亜鉛 マルチビタミン DHA EPA L-シスチン 【公式】,nmn サプリメント 日本製 9000mg (1包300mg) 30日分 P3 ヒカル 高純度99.9% サーチュイン 遺伝子 亜鉛 マルチビタミン DHA EPA L-シスチン 【公式】,17800,1,,
418951-20251211-0450245066,MALL_193086242,mall,2025/12/11 1:20:44,14040,クレジットカード,,完了,0,,楽天市場,,70169-00000054,P3_01,nmn サプリメント 日本製 9000mg (1包300mg) 30日分 P3 ヒカル 高純度99.9% サーチュイン 遺伝子 亜鉛 マルチビタミン DHA EPA L-シスチン 【公式】,nmn サプリメント 日本製 9000mg (1包300mg) 30日分 P3 ヒカル 高純度99.9% サーチュイン 遺伝子 亜鉛 マルチビタミン DHA EPA L-シスチン 【公式】,14040,1,,
418951-20251211-0767444886,MALL_193090106,mall,2025/12/11 1:41:04,14040,クレジットカード,,完了,0,,楽天市場,,70169-00000054,P3_01,nmn サプリメント 日本製 9000mg (1包300mg) 30日分 P3 ヒカル 高純度99.9% サーチュイン 遺伝子 亜鉛 マルチビタミン DHA EPA L-シスチン 【公式】,nmn サプリメント 日本製 9000mg (1包300mg) 30日分 P3 ヒカル 高純度99.9% サーチュイン 遺伝子 亜鉛 マルチビタミン DHA EPA L-シスチン 【公式】,14040,1,,
418951-20251211-3738236027,MALL_193096296,mall,2025/12/11 2:40:32,12636,クレジットカード,,完了,0,,楽天市場,,70169-00000054,P3_01,【定期購入】【1箱から継続中ずっと10％OFF】P3 NMN サプリメント1箱 日本製 9000mg (1包300mg) 30日分 ヒカル サプリ 高純度99.9% 亜鉛 マルチビタミン DHA EPA L-シスチン 【公式】,【定期購入】【1箱から継続中ずっと10％OFF】P3 NMN サプリメント1箱 日本製 9000mg (1包300mg) 30日分 ヒカル サプリ 高純度99.9% 亜鉛 マルチビタミン DHA EPA L-シスチン 【公式】,12636,1,,
418951-20251211-3738243502,MALL_193096416,mall,2025/12/11 2:49:33,12636,クレジットカード,,完了,0,,楽天市場,,70169-00000054,P3_01,nmn サプリメント 日本製 9000mg (1包300mg) 30日分 ヒカル P3 高純度99.9% サーチュイン 遺伝子 亜鉛 マルチビタミン DHA EPA L-シスチン 【公式】,nmn サプリメント 日本製 9000mg (1包300mg) 30日分 ヒカル P3 高純度99.9% サーチュイン 遺伝子 亜鉛 マルチビタミン DHA EPA L-シスチン 【公式】,12636,1,,
418951-20251211-3738256088,MALL_193097361,mall,2025/12/11 3:58:34,12636,クレジットカード,,完了,0,,楽天市場,,70169-00000054,P3_01,nmn サプリメント 日本製 9000mg (1包300mg) 30日分 ヒカル P3 高純度99.9% サーチュイン 遺伝子 亜鉛 マルチビタミン DHA EPA L-シスチン 【公式】,nmn サプリメント 日本製 9000mg (1包300mg) 30日分 ヒカル P3 高純度99.9% サーチュイン 遺伝子 亜鉛 マルチビタミン DHA EPA L-シスチン 【公式】,12636,1,,
418951-20251211-3738264681,MALL_193097809,mall,2025/12/11 4:34:49,12636,クレジットカード,,完了,0,,楽天市場,,70169-00000054,P3_01,nmn サプリメント 日本製 9000mg (1包300mg) 30日分 P3 ヒカル 高純度99.9% サーチュイン 遺伝子 亜鉛 マルチビタミン DHA EPA L-シスチン 【公式】,nmn サプリメント 日本製 9000mg (1包300mg) 30日分 P3 ヒカル 高純度99.9% サーチュイン 遺伝子 亜鉛 マルチビタミン DHA EPA L-シスチン 【公式】,12636,1,,
418951-20251211-3738296993,MALL_193099688,mall,2025/12/11 6:28:32,12636,クレジットカード,,完了,0,,楽天市場,,70169-00000054,P3_01,nmn サプリメント 日本製 9000mg (1包300mg) 30日分 P3 ヒカル 高純度99.9% サーチュイン 遺伝子 亜鉛 マルチビタミン DHA EPA L-シスチン 【公式】,nmn サプリメント 日本製 9000mg (1包300mg) 30日分 P3 ヒカル 高純度99.9% サーチュイン 遺伝子 亜鉛 マルチビタミン DHA EPA L-シスチン 【公式】,12636,1,,
418951-20251211-0899544867,MALL_193110141,mall,2025/12/11 9:11:00,17800,クレジットカード,,完了,0,,楽天市場,,70169-00000178,P3_boosterset,nmn サプリメント 日本製 9000mg (1包300mg) 30日分 P3 ヒカル 高純度99.9% サーチュイン 遺伝子 亜鉛 マルチビタミン DHA EPA L-シスチン 【公式】,nmn サプリメント 日本製 9000mg (1包300mg) 30日分 P3 ヒカル 高純度99.9% サーチュイン 遺伝子 亜鉛 マルチビタミン DHA EPA L-シスチン 【公式】,17800,1,,
418951-20251211-0899544867,MALL_193110141,mall,2025/12/11 9:11:00,17800,クレジットカード,,完了,0,,楽天市場,,70169-00000178,P3_boosterset,nmn サプリメント 日本製 9000mg (1包300mg) 30日分 P3 ヒカル 高純度99.9% サーチュイン 遺伝子 亜鉛 マルチビタミン DHA EPA L-シスチン 【公式】,nmn サプリメント 日本製 9000mg (1包300mg) 30日分 P3 ヒカル 高純度99.9% サーチュイン 遺伝子 亜鉛 マルチビタミン DHA EPA L-シスチン 【公式】,17800,1,,
418951-20251211-0580345056,MALL_193128104,mall,2025/12/11 12:34:36,14040,クレジットカード,,完了,0,,楽天市場,,70169-00000054,P3_01,nmn サプリメント 日本製 9000mg (1包300mg) 30日分 P3 ヒカル 高純度99.9% サーチュイン 遺伝子 亜鉛 マルチビタミン DHA EPA L-シスチン 【公式】,nmn サプリメント 日本製 9000mg (1包300mg) 30日分 P3 ヒカル 高純度99.9% サーチュイン 遺伝子 亜鉛 マルチビタミン DHA EPA L-シスチン 【公式】,14040,1,,
418951-20251211-0897044906,MALL_193138896,mall,2025/12/11 15:03:01,14040,クレジットカード,,完了,0,,楽天市場,,70169-00000054,P3_01,nmn サプリメント 日本製 9000mg (1包300mg) 30日分 P3 ヒカル 高純度99.9% サーチュイン 遺伝子 亜鉛 マルチビタミン DHA EPA L-シスチン 【公式】,nmn サプリメント 日本製 9000mg (1包300mg) 30日分 P3 ヒカル 高純度99.9% サーチュイン 遺伝子 亜鉛 マルチビタミン DHA EPA L-シスチン 【公式】,14040,1,,
418951-20251211-0677945055,MALL_193147301,mall,2025/12/11 17:31:21,14040,コンビニ決済,,完了,0,,楽天市場,,70169-00000054,P3_01,nmn サプリメント 日本製 9000mg (1包300mg) 30日分 P3 ヒカル 高純度99.9% サーチュイン 遺伝子 亜鉛 マルチビタミン DHA EPA L-シスチン 【公式】,nmn サプリメント 日本製 9000mg (1包300mg) 30日分 P3 ヒカル 高純度99.9% サーチュイン 遺伝子 亜鉛 マルチビタミン DHA EPA L-シスチン 【公式】,14040,1,,
418951-20251211-0680445039,MALL_193152288,mall,2025/12/11 18:51:17,14040,クレジットカード,,完了,0,,楽天市場,,70169-00000054,P3_01,nmn サプリメント 日本製 9000mg (1包300mg) 30日分 P3 ヒカル 高純度99.9% サーチュイン 遺伝子 亜鉛 マルチビタミン DHA EPA L-シスチン 【公式】,nmn サプリメント 日本製 9000mg (1包300mg) 30日分 P3 ヒカル 高純度99.9% サーチュイン 遺伝子 亜鉛 マルチビタミン DHA EPA L-シスチン 【公式】,14040,1,,
418951-20251211-0629345094,MALL_193156263,mall,2025/12/11 19:48:56,14040,クレジットカード,,完了,0,,楽天市場,,70169-00000054,P3_01,nmn サプリメント 日本製 9000mg (1包300mg) 30日分 P3 ヒカル 高純度99.9% サーチュイン 遺伝子 亜鉛 マルチビタミン DHA EPA L-シスチン 【公式】,nmn サプリメント 日本製 9000mg (1包300mg) 30日分 P3 ヒカル 高純度99.9% サーチュイン 遺伝子 亜鉛 マルチビタミン DHA EPA L-シスチン 【公式】,14040,1,,
418951-20251211-0519045123,MALL_193157658,mall,2025/12/11 20:04:21,14040,クレジットカード,,完了,0,,楽天市場,,70169-00000054,P3_01,nmn サプリメント 日本製 9000mg (1包300mg) 30日分 P3 ヒカル 高純度99.9% サーチュイン 遺伝子 亜鉛 マルチビタミン DHA EPA L-シスチン 【公式】,nmn サプリメント 日本製 9000mg (1包300mg) 30日分 P3 ヒカル 高純度99.9% サーチュイン 遺伝子 亜鉛 マルチビタミン DHA EPA L-シスチン 【公式】,14040,1,,
418951-20251211-0971144894,MALL_193166114,mall,2025/12/11 21:36:10,26600,クレジットカード,,完了,0,,楽天市場,,70169-00000055,P3_2set,nmn サプリ 日本製 国産 サプリメント 9000mg (1包300mg) P3 お得2箱セット ヒカル 高純度99.9% サーチュイン 遺伝子 亜鉛 マルチビタミン DHA EPA L-シスチン 【公式】,nmn サプリ 日本製 国産 サプリメント 9000mg (1包300mg) P3 お得2箱セット ヒカル 高純度99.9% サーチュイン 遺伝子 亜鉛 マルチビタミン DHA EPA L-シスチン 【公式】,26600,1,,
418951-20251211-0088045266,MALL_193166358,mall,2025/12/11 21:38:25,14040,クレジットカード,,完了,0,,楽天市場,,70169-00000054,P3_01,nmn サプリメント 日本製 9000mg (1包300mg) 30日分 P3 ヒカル 高純度99.9% サーチュイン 遺伝子 亜鉛 マルチビタミン DHA EPA L-シスチン 【公式】,nmn サプリメント 日本製 9000mg (1包300mg) 30日分 P3 ヒカル 高純度99.9% サーチュイン 遺伝子 亜鉛 マルチビタミン DHA EPA L-シスチン 【公式】,14040,1,,
418951-20251211-0147445227,MALL_193173905,mall,2025/12/11 22:58:49,14040,クレジットカード,,完了,0,,楽天市場,,70169-00000054,P3_01,nmn サプリメント 日本製 9000mg (1包300mg) 30日分 P3 ヒカル 高純度99.9% サーチュイン 遺伝子 亜鉛 マルチビタミン DHA EPA L-シスチン 【公式】,nmn サプリメント 日本製 9000mg (1包300mg) 30日分 P3 ヒカル 高純度99.9% サーチュイン 遺伝子 亜鉛 マルチビタミン DHA EPA L-シスチン 【公式】,14040,1,,
418951-20251211-0020545335,MALL_193173909,mall,2025/12/11 22:58:50,14040,クレジットカード,,完了,0,,楽天市場,,70169-00000054,P3_01,nmn サプリメント 日本製 9000mg (1包300mg) 30日分 P3 ヒカル 高純度99.9% サーチュイン 遺伝子 亜鉛 マルチビタミン DHA EPA L-シスチン 【公式】,nmn サプリメント 日本製 9000mg (1包300mg) 30日分 P3 ヒカル 高純度99.9% サーチュイン 遺伝子 亜鉛 マルチビタミン DHA EPA L-シスチン 【公式】,14040,1,,
418951-20251211-0117545313,MALL_193174747,mall,2025/12/11 23:08:42,14040,クレジットカード,,完了,0,,楽天市場,,70169-00000054,P3_01,nmn サプリメント 日本製 9000mg (1包300mg) 30日分 P3 ヒカル 高純度99.9% サーチュイン 遺伝子 亜鉛 マルチビタミン DHA EPA L-シスチン 【公式】,nmn サプリメント 日本製 9000mg (1包300mg) 30日分 P3 ヒカル 高純度99.9% サーチュイン 遺伝子 亜鉛 マルチビタミン DHA EPA L-シスチン 【公式】,14040,1,,
418951-20251212-0792245043,MALL_193179730,mall,2025/12/12 0:25:19,73200,クレジットカード,,完了,0,,楽天市場,,70169-00000150,P3_6set,【まとめセット最大割引11;040円OFF】nmn サプリ 日本製 国産 サプリメント 9000mg (1包300mg) P3 お得6箱セット ヒカル 高純度99.9% サーチュイン 遺伝子 亜鉛 マルチビタミン DHA EPA L-シスチン 【公式】,【まとめセット最大割引11;040円OFF】nmn サプリ 日本製 国産 サプリメント 9000mg (1包300mg) P3 お得6箱セット ヒカル 高純度99.9% サーチュイン 遺伝子 亜鉛 マルチビタミン DHA EPA L-シスチン 【公式】,73200,1,,
418951-20251212-3739701116,MALL_193182098,mall,2025/12/12 2:19:26,12636,クレジットカード,,完了,0,,楽天市場,,70169-00000054,P3_01,【定期購入】【1箱から継続中ずっと10％OFF】P3 NMNパーフェクトサプリメント1箱 ヒカル サプリ 日本製 9000mg (1包300mg) 30日分 高純度99.9% サーチュイン 遺伝子 亜鉛 マルチビタミン DHA EPA L-シスチン 【公式】,【定期購入】【1箱から継続中ずっと10％OFF】P3 NMNパーフェクトサプリメント1箱 ヒカル サプリ 日本製 9000mg (1包300mg) 30日分 高純度99.9% サーチュイン 遺伝子 亜鉛 マルチビタミン DHA EPA L-シスチン 【公式】,12636,1,,
418951-20251212-3739701167,MALL_193182105,mall,2025/12/12 2:19:26,12636,クレジットカード,,完了,0,,楽天市場,,70169-00000054,P3_01,【定期購入】【1箱から継続中ずっと10％OFF】P3 NMNパーフェクトサプリメント1箱 ヒカル サプリ 日本製 9000mg (1包300mg) 30日分 高純度99.9% サーチュイン 遺伝子 亜鉛 マルチビタミン DHA EPA L-シスチン 【公式】,【定期購入】【1箱から継続中ずっと10％OFF】P3 NMNパーフェクトサプリメント1箱 ヒカル サプリ 日本製 9000mg (1包300mg) 30日分 高純度99.9% サーチュイン 遺伝子 亜鉛 マルチビタミン DHA EPA L-シスチン 【公式】,12636,1,,
418951-20251212-3739705984,MALL_193182374,mall,2025/12/12 2:37:21,12636,クレジットカード,,完了,0,,楽天市場,,70169-00000054,P3_01,nmn サプリメント 日本製 9000mg (1包300mg) 30日分 ヒカル P3 高純度99.9% サーチュイン 遺伝子 亜鉛 マルチビタミン DHA EPA L-シスチン 【公式】,nmn サプリメント 日本製 9000mg (1包300mg) 30日分 ヒカル P3 高純度99.9% サーチュイン 遺伝子 亜鉛 マルチビタミン DHA EPA L-シスチン 【公式】,12636,1,,
418951-20251212-3739706039,MALL_192350293,mall,2025/12/12 2:40:30,4276,クレジットカード,,完了,0,,楽天市場,,70169-00000163,p3_booster_01,P3 BOOSTER ブースターゼリー 1箱30包入り ヒカル P3 NMN 補給サポート ラクチュロースシロップ 菊の花エキス 植物性ナノ型乳酸菌 エクソソームプラセンタ 配合【公式】,P3 BOOSTER ブースターゼリー 1箱30包入り ヒカル P3 NMN 補給サポート ラクチュロースシロップ 菊の花エキス 植物性ナノ型乳酸菌 エクソソームプラセンタ 配合【公式】,4276,1,,
418951-20251212-3739711955,MALL_193182663,mall,2025/12/12 2:58:35,12636,クレジットカード,,完了,0,,楽天市場,,70169-00000054,P3_01,nmn サプリメント 日本製 9000mg (1包300mg) 30日分 ヒカル P3 高純度99.9% サーチュイン 遺伝子 亜鉛 マルチビタミン DHA EPA L-シスチン 【公式】,nmn サプリメント 日本製 9000mg (1包300mg) 30日分 ヒカル P3 高純度99.9% サーチュイン 遺伝子 亜鉛 マルチビタミン DHA EPA L-シスチン 【公式】,12636,1,,
418951-20251212-3739711958,MALL_193182666,mall,2025/12/12 2:58:35,12636,クレジットカード,,完了,0,,楽天市場,,70169-00000054,P3_01,nmn サプリメント 日本製 9000mg (1包300mg) 30日分 ヒカル P3 高純度99.9% サーチュイン 遺伝子 亜鉛 マルチビタミン DHA EPA L-シスチン 【公式】,nmn サプリメント 日本製 9000mg (1包300mg) 30日分 ヒカル P3 高純度99.9% サーチュイン 遺伝子 亜鉛 マルチビタミン DHA EPA L-シスチン 【公式】,12636,1,,
418951-20251212-3739717771,MALL_193182909,mall,2025/12/12 3:19:24,4276,クレジットカード,,完了,0,,楽天市場,,70169-00000163,p3_booster_01,P3 BOOSTER ブースターゼリー 1箱30包入り ヒカル P3 NMN 補給サポート 腸活 ルテオリン サプリ ラクチュロースシロップ 菊の花エキス 植物性ナノ型乳酸菌 エクソソームプラセンタ 配合【公式】,P3 BOOSTER ブースターゼリー 1箱30包入り ヒカル P3 NMN 補給サポート 腸活 ルテオリン サプリ ラクチュロースシロップ 菊の花エキス 植物性ナノ型乳酸菌 エクソソームプラセンタ 配合【公式】,4276,1,,
418951-20251212-0004545453,MALL_193183482,mall,2025/12/12 4:21:21,26600,コンビニ決済,,完了,0,,楽天市場,,70169-00000055,P3_2set,nmn サプリ 日本製 国産 サプリメント 9000mg (1包300mg) P3 お得2箱セット ヒカル 高純度99.9% サーチュイン 遺伝子 亜鉛 マルチビタミン DHA EPA L-シスチン 【公式】,nmn サプリ 日本製 国産 サプリメント 9000mg (1包300mg) P3 お得2箱セット ヒカル 高純度99.9% サーチュイン 遺伝子 亜鉛 マルチビタミン DHA EPA L-シスチン 【公式】,26600,1,,
418951-20251212-0796745023,MALL_193185142,mall,2025/12/12 6:37:11,14040,クレジットカード,,完了,0,,楽天市場,,70169-00000054,P3_01,nmn サプリメント 日本製 9000mg (1包300mg) 30日分 P3 ヒカル 高純度99.9% サーチュイン 遺伝子 亜鉛 マルチビタミン DHA EPA L-シスチン 【公式】,nmn サプリメント 日本製 9000mg (1包300mg) 30日分 P3 ヒカル 高純度99.9% サーチュイン 遺伝子 亜鉛 マルチビタミン DHA EPA L-シスチン 【公式】,14040,1,,
418951-20251212-0353745277,MALL_193211662,mall,2025/12/12 14:22:39,14040,クレジットカード,,完了,0,,楽天市場,,70169-00000054,P3_01,nmn サプリメント 日本製 9000mg (1包300mg) 30日分 P3 ヒカル 高純度99.9% サーチュイン 遺伝子 亜鉛 マルチビタミン DHA EPA L-シスチン 【公式】,nmn サプリメント 日本製 9000mg (1包300mg) 30日分 P3 ヒカル 高純度99.9% サーチュイン 遺伝子 亜鉛 マルチビタミン DHA EPA L-シスチン 【公式】,14040,1,,
418951-20251212-0585845164,MALL_193217238,mall,2025/12/12 16:06:10,14040,クレジットカード,,完了,0,,楽天市場,,70169-00000054,P3_01,nmn サプリメント 日本製 9000mg (1包300mg) 30日分 P3 ヒカル 高純度99.9% サーチュイン 遺伝子 亜鉛 マルチビタミン DHA EPA L-シスチン 【公式】,nmn サプリメント 日本製 9000mg (1包300mg) 30日分 P3 ヒカル 高純度99.9% サーチュイン 遺伝子 亜鉛 マルチビタミン DHA EPA L-シスチン 【公式】,14040,1,,
418951-20251212-0681845153,MALL_193218430,mall,2025/12/12 16:33:00,14040,クレジットカード,,完了,0,,楽天市場,,70169-00000054,P3_01,nmn サプリメント 日本製 9000mg (1包300mg) 30日分 P3 ヒカル 高純度99.9% サーチュイン 遺伝子 亜鉛 マルチビタミン DHA EPA L-シスチン 【公式】,nmn サプリメント 日本製 9000mg (1包300mg) 30日分 P3 ヒカル 高純度99.9% サーチュイン 遺伝子 亜鉛 マルチビタミン DHA EPA L-シスチン 【公式】,14040,1,,
418951-20251212-0422945286,MALL_193235272,mall,2025/12/12 21:37:08,14040,コンビニ決済,,完了,0,,楽天市場,,70169-00000054,P3_01,nmn サプリメント 日本製 9000mg (1包300mg) 30日分 P3 ヒカル 高純度99.9% サーチュイン 遺伝子 亜鉛 マルチビタミン DHA EPA L-シスチン 【公式】,nmn サプリメント 日本製 9000mg (1包300mg) 30日分 P3 ヒカル 高純度99.9% サーチュイン 遺伝子 亜鉛 マルチビタミン DHA EPA L-シスチン 【公式】,14040,1,,
418951-20251213-3740962560,MALL_193248400,mall,2025/12/13 2:28:35,12636,クレジットカード,,完了,0,,楽天市場,,70169-00000054,P3_01,【定期購入】【1箱から継続中ずっと10％OFF】P3 NMNパーフェクトサプリメント1箱 ヒカル サプリ 日本製 9000mg (1包300mg) 30日分 高純度99.9% サーチュイン 遺伝子 亜鉛 マルチビタミン DHA EPA L-シスチン 【公式】,【定期購入】【1箱から継続中ずっと10％OFF】P3 NMNパーフェクトサプリメント1箱 ヒカル サプリ 日本製 9000mg (1包300mg) 30日分 高純度99.9% サーチュイン 遺伝子 亜鉛 マルチビタミン DHA EPA L-シスチン 【公式】,12636,1,,
418951-20251213-3740962868,MALL_193248590,mall,2025/12/13 2:40:29,12636,クレジットカード,,完了,0,,楽天市場,,70169-00000054,P3_01,【定期購入】【1箱から継続中ずっと10％OFF】P3 NMN サプリメント1箱 日本製 9000mg (1包300mg) 30日分 ヒカル サプリ 高純度99.9% 亜鉛 マルチビタミン DHA EPA L-シスチン 【公式】,【定期購入】【1箱から継続中ずっと10％OFF】P3 NMN サプリメント1箱 日本製 9000mg (1包300mg) 30日分 ヒカル サプリ 高純度99.9% 亜鉛 マルチビタミン DHA EPA L-シスチン 【公式】,12636,1,,
418951-20251213-3740963236,MALL_193248841,mall,2025/12/13 2:58:36,12636,後払い(楽天),,完了,0,,楽天市場,,70169-00000054,P3_01,nmn サプリメント 日本製 9000mg (1包300mg) 30日分 ヒカル P3 高純度99.9% サーチュイン 遺伝子 亜鉛 マルチビタミン DHA EPA L-シスチン 【公式】,nmn サプリメント 日本製 9000mg (1包300mg) 30日分 ヒカル P3 高純度99.9% サーチュイン 遺伝子 亜鉛 マルチビタミン DHA EPA L-シスチン 【公式】,12636,1,,
418951-20251213-3740963253,MALL_193248845,mall,2025/12/13 2:58:36,12636,クレジットカード,,完了,0,,楽天市場,,70169-00000054,P3_01,nmn サプリメント 日本製 9000mg (1包300mg) 30日分 ヒカル P3 高純度99.9% サーチュイン 遺伝子 亜鉛 マルチビタミン DHA EPA L-シスチン 【公式】,nmn サプリメント 日本製 9000mg (1包300mg) 30日分 ヒカル P3 高純度99.9% サーチュイン 遺伝子 亜鉛 マルチビタミン DHA EPA L-シスチン 【公式】,12636,1,,
418951-20251213-3740974201,MALL_193249261,mall,2025/12/13 3:28:31,12636,クレジットカード,,完了,0,,楽天市場,,70169-00000054,P3_01,nmn サプリメント 日本製 9000mg (1包300mg) 30日分 ヒカル P3 高純度99.9% サーチュイン 遺伝子 亜鉛 マルチビタミン DHA EPA L-シスチン 【公式】,nmn サプリメント 日本製 9000mg (1包300mg) 30日分 ヒカル P3 高純度99.9% サーチュイン 遺伝子 亜鉛 マルチビタミン DHA EPA L-シスチン 【公式】,12636,1,,
418951-20251213-3740974210,MALL_193249263,mall,2025/12/13 3:28:32,12636,クレジットカード,,完了,0,,楽天市場,,70169-00000054,P3_01,nmn サプリメント 日本製 9000mg (1包300mg) 30日分 ヒカル P3 高純度99.9% サーチュイン 遺伝子 亜鉛 マルチビタミン DHA EPA L-シスチン 【公式】,nmn サプリメント 日本製 9000mg (1包300mg) 30日分 ヒカル P3 高純度99.9% サーチュイン 遺伝子 亜鉛 マルチビタミン DHA EPA L-シスチン 【公式】,12636,1,,
ladder-shop-10000232,MALL_193250297,mall,2025/12/13 5:23:37,14040,PayPay,,完了,0,,Yahoo!ショッピング,,70169-00000054,P3_01,P3 nmn サプリ メント 日本製 ヒカル｜公式 正規品｜ニコチンアミドモノヌクレオチド トランスレスベラトロール DHA EPA L-シスチン,P3 nmn サプリ メント 日本製 ヒカル｜公式 正規品｜ニコチンアミドモノヌクレオチド トランスレスベラトロール DHA EPA L-シスチン,14040,1,,
ladder-shop-10000233,MALL_193252219,mall,2025/12/13 7:03:07,37900,PayPayあと払い,,完了,0,,Yahoo!ショッピング,,70169-00000056,P3_3set,P3 サプリ nmn 日本製 お得3箱セット ヒカル｜公式 正規品｜ニコチンアミドモノヌクレオチド トランスレスベラトロール DHA EPA L-シスチン,P3 サプリ nmn 日本製 お得3箱セット ヒカル｜公式 正規品｜ニコチンアミドモノヌクレオチド トランスレスベラトロール DHA EPA L-シスチン,37900,1,,
418951-20251213-0677445322,MALL_193272954,mall,2025/12/13 11:28:56,17800,クレジットカード,,完了,0,,楽天市場,,70169-00000178,P3_boosterset,nmn サプリメント 日本製 9000mg (1包300mg) 30日分 P3 ヒカル 高純度99.9% サーチュイン 遺伝子 亜鉛 マルチビタミン DHA EPA L-シスチン 【公式】,nmn サプリメント 日本製 9000mg (1包300mg) 30日分 P3 ヒカル 高純度99.9% サーチュイン 遺伝子 亜鉛 マルチビタミン DHA EPA L-シスチン 【公式】,17800,1,,
418951-20251213-0677445322,MALL_193272954,mall,2025/12/13 11:28:56,17800,クレジットカード,,完了,0,,楽天市場,,70169-00000178,P3_boosterset,nmn サプリメント 日本製 9000mg (1包300mg) 30日分 P3 ヒカル 高純度99.9% サーチュイン 遺伝子 亜鉛 マルチビタミン DHA EPA L-シスチン 【公式】,nmn サプリメント 日本製 9000mg (1包300mg) 30日分 P3 ヒカル 高純度99.9% サーチュイン 遺伝子 亜鉛 マルチビタミン DHA EPA L-シスチン 【公式】,17800,1,,
418951-20251213-0502645579,MALL_193280405,mall,2025/12/13 12:51:54,14040,後払い(楽天),,完了,0,,楽天市場,,70169-00000054,P3_01,nmn サプリメント 日本製 9000mg (1包300mg) 30日分 P3 ヒカル 高純度99.9% サーチュイン 遺伝子 亜鉛 マルチビタミン DHA EPA L-シスチン 【公式】,nmn サプリメント 日本製 9000mg (1包300mg) 30日分 P3 ヒカル 高純度99.9% サーチュイン 遺伝子 亜鉛 マルチビタミン DHA EPA L-シスチン 【公式】,14040,1,,
418951-20251213-0534545576,MALL_193285717,mall,2025/12/13 13:55:40,14040,クレジットカード,,完了,0,,楽天市場,,70169-00000054,P3_01,nmn サプリメント 日本製 9000mg (1包300mg) 30日分 P3 ヒカル 高純度99.9% サーチュイン 遺伝子 亜鉛 マルチビタミン DHA EPA L-シスチン 【公式】,nmn サプリメント 日本製 9000mg (1包300mg) 30日分 P3 ヒカル 高純度99.9% サーチュイン 遺伝子 亜鉛 マルチビタミン DHA EPA L-シスチン 【公式】,14040,1,,
ladder-shop-10000236,MALL_193297740,mall,2025/12/13 16:28:46,12636,PayPayあと払い,,完了,0,,Yahoo!ショッピング,,70169-00000054,P3_01,P3 nmn サプリ メント 日本製 ヒカル｜公式 正規品｜ニコチンアミドモノヌクレオチド トランスレスベラトロール DHA EPA L-シスチン,P3 nmn サプリ メント 日本製 ヒカル｜公式 正規品｜ニコチンアミドモノヌクレオチド トランスレスベラトロール DHA EPA L-シスチン,12636,1,,
418951-20251213-0599545593,MALL_193300212,mall,2025/12/13 17:00:37,14040,クレジットカード,,完了,0,,楽天市場,,70169-00000054,P3_01,nmn サプリメント 日本製 9000mg (1包300mg) 30日分 P3 ヒカル 高純度99.9% サーチュイン 遺伝子 亜鉛 マルチビタミン DHA EPA L-シスチン 【公式】,nmn サプリメント 日本製 9000mg (1包300mg) 30日分 P3 ヒカル 高純度99.9% サーチュイン 遺伝子 亜鉛 マルチビタミン DHA EPA L-シスチン 【公式】,14040,1,,
418951-20251213-3742059331,MALL_193313552,mall,2025/12/13 19:49:32,12636,クレジットカード,,完了,0,,楽天市場,,70169-00000054,P3_01,nmn サプリメント 日本製 9000mg (1包300mg) 30日分 P3 ヒカル 高純度99.9% サーチュイン 遺伝子 亜鉛 マルチビタミン DHA EPA L-シスチン 【公式】,nmn サプリメント 日本製 9000mg (1包300mg) 30日分 P3 ヒカル 高純度99.9% サーチュイン 遺伝子 亜鉛 マルチビタミン DHA EPA L-シスチン 【公式】,12636,1,,
ladder-shop-10000238,MALL_193324676,mall,2025/12/13 21:43:15,14040,PayPay,,完了,0,,Yahoo!ショッピング,,70169-00000054,P3_01,P3 nmn サプリ メント 日本製 ヒカル｜公式 正規品｜ニコチンアミドモノヌクレオチド トランスレスベラトロール DHA EPA L-シスチン,P3 nmn サプリ メント 日本製 ヒカル｜公式 正規品｜ニコチンアミドモノヌクレオチド トランスレスベラトロール DHA EPA L-シスチン,14040,1,,
418951-20251214-3742600907,MALL_193342237,mall,2025/12/14 2:40:30,12636,クレジットカード,,完了,0,,楽天市場,,70169-00000054,P3_01,nmn サプリメント 日本製 9000mg (1包300mg) 30日分 ヒカル P3 高純度99.9% サーチュイン 遺伝子 亜鉛 マルチビタミン DHA EPA L-シスチン 【公式】,nmn サプリメント 日本製 9000mg (1包300mg) 30日分 ヒカル P3 高純度99.9% サーチュイン 遺伝子 亜鉛 マルチビタミン DHA EPA L-シスチン 【公式】,12636,1,,
418951-20251214-0710245646,MALL_193356052,mall,2025/12/14 9:54:25,14040,クレジットカード,,完了,0,,楽天市場,,70169-00000054,P3_01,nmn サプリメント 日本製 9000mg (1包300mg) 30日分 P3 ヒカル 高純度99.9% サーチュイン 遺伝子 亜鉛 マルチビタミン DHA EPA L-シスチン 【公式】,nmn サプリメント 日本製 9000mg (1包300mg) 30日分 P3 ヒカル 高純度99.9% サーチュイン 遺伝子 亜鉛 マルチビタミン DHA EPA L-シスチン 【公式】,14040,1,,
ladder-shop-10000239,MALL_190963992,mall,2025/12/14 11:43:10,37908,PayPayあと払い,,完了,0,,Yahoo!ショッピング,,70169-00000054,P3_01,P3 nmn サプリ メント 日本製 ヒカル｜公式 正規品｜ニコチンアミドモノヌクレオチド トランスレスベラトロール DHA EPA L-シスチン,P3 nmn サプリ メント 日本製 ヒカル｜公式 正規品｜ニコチンアミドモノヌクレオチド トランスレスベラトロール DHA EPA L-シスチン,12636,3,,
418951-20251214-0225545758,MALL_193374531,mall,2025/12/14 13:04:04,14040,コンビニ決済,,完了,0,,楽天市場,,70169-00000054,P3_01,nmn サプリメント 日本製 9000mg (1包300mg) 30日分 P3 ヒカル 高純度99.9% サーチュイン 遺伝子 亜鉛 マルチビタミン DHA EPA L-シスチン 【公式】,nmn サプリメント 日本製 9000mg (1包300mg) 30日分 P3 ヒカル 高純度99.9% サーチュイン 遺伝子 亜鉛 マルチビタミン DHA EPA L-シスチン 【公式】,14040,1,,
ladder-shop-10000240,MALL_193389704,mall,2025/12/14 15:49:29,14040,PayPay,,完了,0,,Yahoo!ショッピング,,70169-00000054,P3_01,P3 nmn サプリ メント 日本製 ヒカル｜公式 正規品｜ニコチンアミドモノヌクレオチド トランスレスベラトロール DHA EPA L-シスチン,P3 nmn サプリ メント 日本製 ヒカル｜公式 正規品｜ニコチンアミドモノヌクレオチド トランスレスベラトロール DHA EPA L-シスチン,14040,1,,
ladder-shop-10000241,MALL_193396193,mall,2025/12/14 16:58:33,12636,PayPayあと払い,,完了,0,,Yahoo!ショッピング,,70169-00000054,P3_01,P3 nmn サプリ メント 日本製 ヒカル｜公式 正規品｜ニコチンアミドモノヌクレオチド トランスレスベラトロール DHA EPA L-シスチン,P3 nmn サプリ メント 日本製 ヒカル｜公式 正規品｜ニコチンアミドモノヌクレオチド トランスレスベラトロール DHA EPA L-シスチン,12636,1,,
ladder-shop-10000242,MALL_193399090,mall,2025/12/14 17:29:03,14040,PayPay,,完了,0,,Yahoo!ショッピング,,70169-00000054,P3_01,P3 nmn サプリ メント 日本製 ヒカル｜公式 正規品｜ニコチンアミドモノヌクレオチド トランスレスベラトロール DHA EPA L-シスチン,P3 nmn サプリ メント 日本製 ヒカル｜公式 正規品｜ニコチンアミドモノヌクレオチド トランスレスベラトロール DHA EPA L-シスチン,14040,1,,
ladder-shop-10000243,MALL_193405989,mall,2025/12/14 18:44:04,4752,PayPay,,完了,0,,Yahoo!ショッピング,,70169-00000163,p3_booster_01,P3 BOOSTER ブースターゼリー ヒカル NMN 補給サポート ｜公式正規品｜ラクチュロース ルテオリン プロポリス ナノ型乳酸菌 エクソソームプラセンタ 配合,P3 BOOSTER ブースターゼリー ヒカル NMN 補給サポート ｜公式正規品｜ラクチュロース ルテオリン プロポリス ナノ型乳酸菌 エクソソームプラセンタ 配合,4752,1,,
418951-20251214-3743934950,MALL_193418827,mall,2025/12/14 20:44:14,12636,クレジットカード,,完了,0,,楽天市場,,70169-00000054,P3_01,nmn サプリメント 日本製 9000mg (1包300mg) 30日分 P3 ヒカル 高純度99.9% サーチュイン 遺伝子 亜鉛 マルチビタミン DHA EPA L-シスチン 【公式】,nmn サプリメント 日本製 9000mg (1包300mg) 30日分 P3 ヒカル 高純度99.9% サーチュイン 遺伝子 亜鉛 マルチビタミン DHA EPA L-シスチン 【公式】,12636,1,,
ladder-shop-10000244,MALL_193420950,mall,2025/12/14 21:00:27,14040,PayPayあと払い,,完了,0,,Yahoo!ショッピング,,70169-00000054,P3_01,P3 nmn サプリ メント 日本製 ヒカル｜公式 正規品｜ニコチンアミドモノヌクレオチド トランスレスベラトロール DHA EPA L-シスチン,P3 nmn サプリ メント 日本製 ヒカル｜公式 正規品｜ニコチンアミドモノヌクレオチド トランスレスベラトロール DHA EPA L-シスチン,14040,1,,
418951-20251215-3744605373,MALL_193454786,mall,2025/12/15 2:28:45,12636,クレジットカード,,完了,0,,楽天市場,,70169-00000054,P3_01,【定期購入】【1箱から継続中ずっと10％OFF】P3 NMNパーフェクトサプリメント1箱 ヒカル サプリ 日本製 9000mg (1包300mg) 30日分 高純度99.9% サーチュイン 遺伝子 亜鉛 マルチビタミン DHA EPA L-シスチン 【公式】,【定期購入】【1箱から継続中ずっと10％OFF】P3 NMNパーフェクトサプリメント1箱 ヒカル サプリ 日本製 9000mg (1包300mg) 30日分 高純度99.9% サーチュイン 遺伝子 亜鉛 マルチビタミン DHA EPA L-シスチン 【公式】,12636,1,,
418951-20251215-3744615440,MALL_193455020,mall,2025/12/15 2:37:32,12636,クレジットカード,,完了,0,,楽天市場,,70169-00000054,P3_01,nmn サプリメント 日本製 9000mg (1包300mg) 30日分 ヒカル P3 高純度99.9% サーチュイン 遺伝子 亜鉛 マルチビタミン DHA EPA L-シスチン 【公式】,nmn サプリメント 日本製 9000mg (1包300mg) 30日分 ヒカル P3 高純度99.9% サーチュイン 遺伝子 亜鉛 マルチビタミン DHA EPA L-シスチン 【公式】,12636,1,,
418951-20251215-3744615448,MALL_193455023,mall,2025/12/15 2:37:32,12636,クレジットカード,,完了,0,,楽天市場,,70169-00000054,P3_01,nmn サプリメント 日本製 9000mg (1包300mg) 30日分 ヒカル P3 高純度99.9% サーチュイン 遺伝子 亜鉛 マルチビタミン DHA EPA L-シスチン 【公式】,nmn サプリメント 日本製 9000mg (1包300mg) 30日分 ヒカル P3 高純度99.9% サーチュイン 遺伝子 亜鉛 マルチビタミン DHA EPA L-シスチン 【公式】,12636,1,,
418951-20251215-3744615455,MALL_193455024,mall,2025/12/15 2:37:32,12636,後払い(楽天),,完了,0,,楽天市場,,70169-00000054,P3_01,nmn サプリメント 日本製 9000mg (1包300mg) 30日分 ヒカル P3 高純度99.9% サーチュイン 遺伝子 亜鉛 マルチビタミン DHA EPA L-シスチン 【公式】,nmn サプリメント 日本製 9000mg (1包300mg) 30日分 ヒカル P3 高純度99.9% サーチュイン 遺伝子 亜鉛 マルチビタミン DHA EPA L-シスチン 【公式】,12636,1,,
418951-20251215-3744615473,MALL_193455026,mall,2025/12/15 2:37:33,4276,クレジットカード,,完了,0,,楽天市場,,70169-00000163,p3_booster_01,P3 ブースターゼリー 1箱30包入り ヒカル P3 NMN 補給サポート ラクチュロースシロップ 菊の花エキス 植物性ナノ型乳酸菌 エクソソームプラセンタ 配合【公式】,P3 ブースターゼリー 1箱30包入り ヒカル P3 NMN 補給サポート ラクチュロースシロップ 菊の花エキス 植物性ナノ型乳酸菌 エクソソームプラセンタ 配合【公式】,4276,1,,
418951-20251215-3744616334,MALL_193455338,mall,2025/12/15 2:49:35,12636,クレジットカード,,完了,0,,楽天市場,,70169-00000054,P3_01,nmn サプリメント 日本製 9000mg (1包300mg) 30日分 ヒカル P3 高純度99.9% サーチュイン 遺伝子 亜鉛 マルチビタミン DHA EPA L-シスチン 【公式】,nmn サプリメント 日本製 9000mg (1包300mg) 30日分 ヒカル P3 高純度99.9% サーチュイン 遺伝子 亜鉛 マルチビタミン DHA EPA L-シスチン 【公式】,12636,1,,
418951-20251215-3744616356,MALL_193455340,mall,2025/12/15 2:49:35,12636,クレジットカード,,完了,0,,楽天市場,,70169-00000054,P3_01,nmn サプリメント 日本製 9000mg (1包300mg) 30日分 ヒカル P3 高純度99.9% サーチュイン 遺伝子 亜鉛 マルチビタミン DHA EPA L-シスチン 【公式】,nmn サプリメント 日本製 9000mg (1包300mg) 30日分 ヒカル P3 高純度99.9% サーチュイン 遺伝子 亜鉛 マルチビタミン DHA EPA L-シスチン 【公式】,12636,1,,
418951-20251215-3744616412,MALL_193455344,mall,2025/12/15 2:49:36,12636,クレジットカード,,完了,0,,楽天市場,,70169-00000054,P3_01,nmn サプリメント 日本製 9000mg (1包300mg) 30日分 ヒカル P3 高純度99.9% サーチュイン 遺伝子 亜鉛 マルチビタミン DHA EPA L-シスチン 【公式】,nmn サプリメント 日本製 9000mg (1包300mg) 30日分 ヒカル P3 高純度99.9% サーチュイン 遺伝子 亜鉛 マルチビタミン DHA EPA L-シスチン 【公式】,12636,1,,
418951-20251215-3744622201,MALL_193455546,mall,2025/12/15 2:58:33,12636,クレジットカード,,完了,0,,楽天市場,,70169-00000054,P3_01,nmn サプリメント 日本製 9000mg (1包300mg) 30日分 ヒカル P3 高純度99.9% サーチュイン 遺伝子 亜鉛 マルチビタミン DHA EPA L-シスチン 【公式】,nmn サプリメント 日本製 9000mg (1包300mg) 30日分 ヒカル P3 高純度99.9% サーチュイン 遺伝子 亜鉛 マルチビタミン DHA EPA L-シスチン 【公式】,12636,1,,
418951-20251215-3744629123,MALL_193456574,mall,2025/12/15 3:49:33,12636,クレジットカード,,完了,0,,楽天市場,,70169-00000054,P3_01,nmn サプリメント 日本製 9000mg (1包300mg) 30日分 P3 ヒカル 高純度99.9% サーチュイン 遺伝子 亜鉛 マルチビタミン DHA EPA L-シスチン 【公式】,nmn サプリメント 日本製 9000mg (1包300mg) 30日分 P3 ヒカル 高純度99.9% サーチュイン 遺伝子 亜鉛 マルチビタミン DHA EPA L-シスチン 【公式】,12636,1,,
418951-20251215-0763845801,MALL_193465790,mall,2025/12/15 7:31:56,14040,クレジットカード,,完了,0,,楽天市場,,70169-00000054,P3_01,nmn サプリメント 日本製 9000mg (1包300mg) 30日分 P3 ヒカル 高純度99.9% サーチュイン 遺伝子 亜鉛 マルチビタミン DHA EPA L-シスチン 【公式】,nmn サプリメント 日本製 9000mg (1包300mg) 30日分 P3 ヒカル 高純度99.9% サーチュイン 遺伝子 亜鉛 マルチビタミン DHA EPA L-シスチン 【公式】,14040,1,,
418951-20251215-0828845773,MALL_193466457,mall,2025/12/15 7:38:30,37900,クレジットカード,,完了,0,,楽天市場,,70169-00000056,P3_3set,NMNサプリメント 日本製 国産 9000mg (1包300mg) P3 お得3箱セット ヒカル 高純度99.9% サーチュイン 遺伝子 亜鉛 マルチビタミン DHA EPA L-シスチン 【公式】,NMNサプリメント 日本製 国産 9000mg (1包300mg) P3 お得3箱セット ヒカル 高純度99.9% サーチュイン 遺伝子 亜鉛 マルチビタミン DHA EPA L-シスチン 【公式】,37900,1,,
418951-20251215-0604345842,MALL_193466582,mall,2025/12/15 7:39:32,14040,クレジットカード,,完了,0,,楽天市場,,70169-00000054,P3_01,nmn サプリメント 日本製 9000mg (1包300mg) 30日分 P3 ヒカル 高純度99.9% サーチュイン 遺伝子 亜鉛 マルチビタミン DHA EPA L-シスチン 【公式】,nmn サプリメント 日本製 9000mg (1包300mg) 30日分 P3 ヒカル 高純度99.9% サーチュイン 遺伝子 亜鉛 マルチビタミン DHA EPA L-シスチン 【公式】,14040,1,,
ladder-shop-10000246,MALL_193473882,mall,2025/12/15 8:39:23,37900,PayPay,,完了,0,,Yahoo!ショッピング,,70169-00000056,P3_3set,P3 サプリ nmn 日本製 お得3箱セット ヒカル｜公式 正規品｜ニコチンアミドモノヌクレオチド トランスレスベラトロール DHA EPA L-シスチン,P3 サプリ nmn 日本製 お得3箱セット ヒカル｜公式 正規品｜ニコチンアミドモノヌクレオチド トランスレスベラトロール DHA EPA L-シスチン,37900,1,,
418951-20251215-0280746018,MALL_193486107,mall,2025/12/15 10:17:57,14040,クレジットカード,,完了,0,,楽天市場,,70169-00000054,P3_01,nmn サプリメント 日本製 9000mg (1包300mg) 30日分 P3 ヒカル 高純度99.9% サーチュイン 遺伝子 亜鉛 マルチビタミン DHA EPA L-シスチン 【公式】,nmn サプリメント 日本製 9000mg (1包300mg) 30日分 P3 ヒカル 高純度99.9% サーチュイン 遺伝子 亜鉛 マルチビタミン DHA EPA L-シスチン 【公式】,14040,1,,
ladder-shop-10000247,MALL_193486310,mall,2025/12/15 10:18:56,12636,PayPayあと払い,,完了,0,,Yahoo!ショッピング,,70169-00000054,P3_01,P3 nmn サプリ メント 日本製 ヒカル｜公式 正規品｜ニコチンアミドモノヌクレオチド トランスレスベラトロール DHA EPA L-シスチン,P3 nmn サプリ メント 日本製 ヒカル｜公式 正規品｜ニコチンアミドモノヌクレオチド トランスレスベラトロール DHA EPA L-シスチン,12636,1,,
418951-20251215-0838645811,MALL_193490742,mall,2025/12/15 10:53:17,14040,コンビニ決済,,完了,0,,楽天市場,,70169-00000054,P3_01,nmn サプリメント 日本製 9000mg (1包300mg) 30日分 P3 ヒカル 高純度99.9% サーチュイン 遺伝子 亜鉛 マルチビタミン DHA EPA L-シスチン 【公式】,nmn サプリメント 日本製 9000mg (1包300mg) 30日分 P3 ヒカル 高純度99.9% サーチュイン 遺伝子 亜鉛 マルチビタミン DHA EPA L-シスチン 【公式】,14040,1,,
418951-20251215-0950445798,MALL_193491485,mall,2025/12/15 10:58:14,17800,クレジットカード,,完了,0,,楽天市場,,70169-00000178,P3_boosterset,nmn サプリメント 日本製 9000mg (1包300mg) 30日分 P3 ヒカル 高純度99.9% サーチュイン 遺伝子 亜鉛 マルチビタミン DHA EPA L-シスチン 【公式】,nmn サプリメント 日本製 9000mg (1包300mg) 30日分 P3 ヒカル 高純度99.9% サーチュイン 遺伝子 亜鉛 マルチビタミン DHA EPA L-シスチン 【公式】,17800,1,,
418951-20251215-0950445798,MALL_193491485,mall,2025/12/15 10:58:14,17800,クレジットカード,,完了,0,,楽天市場,,70169-00000178,P3_boosterset,nmn サプリメント 日本製 9000mg (1包300mg) 30日分 P3 ヒカル 高純度99.9% サーチュイン 遺伝子 亜鉛 マルチビタミン DHA EPA L-シスチン 【公式】,nmn サプリメント 日本製 9000mg (1包300mg) 30日分 P3 ヒカル 高純度99.9% サーチュイン 遺伝子 亜鉛 マルチビタミン DHA EPA L-シスチン 【公式】,17800,1,,
418951-20251215-0793045839,MALL_193495259,mall,2025/12/15 11:26:14,14040,クレジットカード,,完了,0,,楽天市場,,70169-00000054,P3_01,nmn サプリメント 日本製 9000mg (1包300mg) 30日分 P3 ヒカル 高純度99.9% サーチュイン 遺伝子 亜鉛 マルチビタミン DHA EPA L-シスチン 【公式】,nmn サプリメント 日本製 9000mg (1包300mg) 30日分 P3 ヒカル 高純度99.9% サーチュイン 遺伝子 亜鉛 マルチビタミン DHA EPA L-シスチン 【公式】,14040,1,,
418951-20251215-0025546187,MALL_193498220,mall,2025/12/15 11:47:32,14040,クレジットカード,,完了,0,,楽天市場,,70169-00000054,P3_01,nmn サプリメント 日本製 9000mg (1包300mg) 30日分 P3 ヒカル 高純度99.9% サーチュイン 遺伝子 亜鉛 マルチビタミン DHA EPA L-シスチン 【公式】,nmn サプリメント 日本製 9000mg (1包300mg) 30日分 P3 ヒカル 高純度99.9% サーチュイン 遺伝子 亜鉛 マルチビタミン DHA EPA L-シスチン 【公式】,14040,1,,
418951-20251215-0044946190,MALL_193502484,mall,2025/12/15 12:14:02,14040,コンビニ決済,,完了,0,,楽天市場,,70169-00000054,P3_01,nmn サプリメント 日本製 9000mg (1包300mg) 30日分 P3 ヒカル 高純度99.9% サーチュイン 遺伝子 亜鉛 マルチビタミン DHA EPA L-シスチン 【公式】,nmn サプリメント 日本製 9000mg (1包300mg) 30日分 P3 ヒカル 高純度99.9% サーチュイン 遺伝子 亜鉛 マルチビタミン DHA EPA L-シスチン 【公式】,14040,1,,
418951-20251215-0265646142,MALL_193504106,mall,2025/12/15 12:25:15,14040,クレジットカード,,完了,0,,楽天市場,,70169-00000054,P3_01,nmn サプリメント 日本製 9000mg (1包300mg) 30日分 P3 ヒカル 高純度99.9% サーチュイン 遺伝子 亜鉛 マルチビタミン DHA EPA L-シスチン 【公式】,nmn サプリメント 日本製 9000mg (1包300mg) 30日分 P3 ヒカル 高純度99.9% サーチュイン 遺伝子 亜鉛 マルチビタミン DHA EPA L-シスチン 【公式】,14040,1,,
418951-20251215-0999345812,MALL_193504487,mall,2025/12/15 12:28:16,14040,クレジットカード,,完了,0,,楽天市場,,70169-00000054,P3_01,nmn サプリメント 日本製 9000mg (1包300mg) 30日分 P3 ヒカル 高純度99.9% サーチュイン 遺伝子 亜鉛 マルチビタミン DHA EPA L-シスチン 【公式】,nmn サプリメント 日本製 9000mg (1包300mg) 30日分 P3 ヒカル 高純度99.9% サーチュイン 遺伝子 亜鉛 マルチビタミン DHA EPA L-シスチン 【公式】,14040,1,,
418951-20251215-0435846006,MALL_191226500,mall,2025/12/15 12:43:34,14040,クレジットカード,,完了,0,,楽天市場,,70169-00000054,P3_01,nmn サプリメント 日本製 9000mg (1包300mg) 30日分 P3 ヒカル 高純度99.9% サーチュイン 遺伝子 亜鉛 マルチビタミン DHA EPA L-シスチン 【公式】,nmn サプリメント 日本製 9000mg (1包300mg) 30日分 P3 ヒカル 高純度99.9% サーチュイン 遺伝子 亜鉛 マルチビタミン DHA EPA L-シスチン 【公式】,14040,1,,
418951-20251215-0727445991,MALL_193516971,mall,2025/12/15 13:51:00,14040,クレジットカード,,完了,0,,楽天市場,,70169-00000054,P3_01,nmn サプリメント 日本製 9000mg (1包300mg) 30日分 P3 ヒカル 高純度99.9% サーチュイン 遺伝子 亜鉛 マルチビタミン DHA EPA L-シスチン 【公式】,nmn サプリメント 日本製 9000mg (1包300mg) 30日分 P3 ヒカル 高純度99.9% サーチュイン 遺伝子 亜鉛 マルチビタミン DHA EPA L-シスチン 【公式】,14040,1,,
ladder-shop-10000248,MALL_193520671,mall,2025/12/15 14:23:32,14040,PayPay,,完了,0,,Yahoo!ショッピング,,70169-00000054,P3_01,P3 nmn サプリ メント 日本製 ヒカル｜公式 正規品｜ニコチンアミドモノヌクレオチド トランスレスベラトロール DHA EPA L-シスチン,P3 nmn サプリ メント 日本製 ヒカル｜公式 正規品｜ニコチンアミドモノヌクレオチド トランスレスベラトロール DHA EPA L-シスチン,14040,1,,
418951-20251215-0326546148,MALL_193522976,mall,2025/12/15 14:39:41,14040,クレジットカード,,完了,0,,楽天市場,,70169-00000054,P3_01,nmn サプリメント 日本製 9000mg (1包300mg) 30日分 P3 ヒカル 高純度99.9% サーチュイン 遺伝子 亜鉛 マルチビタミン DHA EPA L-シスチン 【公式】,nmn サプリメント 日本製 9000mg (1包300mg) 30日分 P3 ヒカル 高純度99.9% サーチュイン 遺伝子 亜鉛 マルチビタミン DHA EPA L-シスチン 【公式】,14040,1,,
418951-20251215-0618846003,MALL_193524220,mall,2025/12/15 14:50:29,14040,クレジットカード,,完了,0,,楽天市場,,70169-00000054,P3_01,nmn サプリメント 日本製 9000mg (1包300mg) 30日分 P3 ヒカル 高純度99.9% サーチュイン 遺伝子 亜鉛 マルチビタミン DHA EPA L-シスチン 【公式】,nmn サプリメント 日本製 9000mg (1包300mg) 30日分 P3 ヒカル 高純度99.9% サーチュイン 遺伝子 亜鉛 マルチビタミン DHA EPA L-シスチン 【公式】,14040,1,,
418951-20251215-0028946242,MALL_193525105,mall,2025/12/15 14:57:13,14040,クレジットカード,,完了,0,,楽天市場,,70169-00000054,P3_01,nmn サプリメント 日本製 9000mg (1包300mg) 30日分 P3 ヒカル 高純度99.9% サーチュイン 遺伝子 亜鉛 マルチビタミン DHA EPA L-シスチン 【公式】,nmn サプリメント 日本製 9000mg (1包300mg) 30日分 P3 ヒカル 高純度99.9% サーチュイン 遺伝子 亜鉛 マルチビタミン DHA EPA L-シスチン 【公式】,14040,1,,
418951-20251215-0914045855,MALL_191723982,mall,2025/12/15 16:05:17,17800,クレジットカード,,完了,0,,楽天市場,,70169-00000178,P3_boosterset,nmn サプリメント 日本製 9000mg (1包300mg) 30日分 P3 ヒカル 高純度99.9% サーチュイン 遺伝子 亜鉛 マルチビタミン DHA EPA L-シスチン 【公式】,nmn サプリメント 日本製 9000mg (1包300mg) 30日分 P3 ヒカル 高純度99.9% サーチュイン 遺伝子 亜鉛 マルチビタミン DHA EPA L-シスチン 【公式】,17800,1,,
418951-20251215-0914045855,MALL_191723982,mall,2025/12/15 16:05:17,17800,クレジットカード,,完了,0,,楽天市場,,70169-00000178,P3_boosterset,nmn サプリメント 日本製 9000mg (1包300mg) 30日分 P3 ヒカル 高純度99.9% サーチュイン 遺伝子 亜鉛 マルチビタミン DHA EPA L-シスチン 【公式】,nmn サプリメント 日本製 9000mg (1包300mg) 30日分 P3 ヒカル 高純度99.9% サーチュイン 遺伝子 亜鉛 マルチビタミン DHA EPA L-シスチン 【公式】,17800,1,,
418951-20251215-0307246176,MALL_193537152,mall,2025/12/15 16:55:05,26600,クレジットカード,,完了,0,,楽天市場,,70169-00000055,P3_2set,nmn サプリ 日本製 国産 サプリメント 9000mg (1包300mg) P3 お得2箱セット ヒカル 高純度99.9% サーチュイン 遺伝子 亜鉛 マルチビタミン DHA EPA L-シスチン 【公式】,nmn サプリ 日本製 国産 サプリメント 9000mg (1包300mg) P3 お得2箱セット ヒカル 高純度99.9% サーチュイン 遺伝子 亜鉛 マルチビタミン DHA EPA L-シスチン 【公式】,26600,1,,
418951-20251215-0393646165,MALL_193540114,mall,2025/12/15 17:23:41,14040,クレジットカード,,完了,0,,楽天市場,,70169-00000054,P3_01,nmn サプリメント 日本製 9000mg (1包300mg) 30日分 P3 ヒカル 高純度99.9% サーチュイン 遺伝子 亜鉛 マルチビタミン DHA EPA L-シスチン 【公式】,nmn サプリメント 日本製 9000mg (1包300mg) 30日分 P3 ヒカル 高純度99.9% サーチュイン 遺伝子 亜鉛 マルチビタミン DHA EPA L-シスチン 【公式】,14040,1,,
418951-20251215-0772645998,MALL_193541798,mall,2025/12/15 17:39:23,14040,クレジットカード,,完了,0,,楽天市場,,70169-00000054,P3_01,nmn サプリメント 日本製 9000mg (1包300mg) 30日分 P3 ヒカル 高純度99.9% サーチュイン 遺伝子 亜鉛 マルチビタミン DHA EPA L-シスチン 【公式】,nmn サプリメント 日本製 9000mg (1包300mg) 30日分 P3 ヒカル 高純度99.9% サーチュイン 遺伝子 亜鉛 マルチビタミン DHA EPA L-シスチン 【公式】,14040,1,,
418951-20251215-0361246178,MALL_193543740,mall,2025/12/15 17:56:07,17800,クレジットカード,,完了,0,,楽天市場,,70169-00000178,P3_boosterset,nmn サプリメント 日本製 9000mg (1包300mg) 30日分 P3 ヒカル 高純度99.9% サーチュイン 遺伝子 亜鉛 マルチビタミン DHA EPA L-シスチン 【公式】,nmn サプリメント 日本製 9000mg (1包300mg) 30日分 P3 ヒカル 高純度99.9% サーチュイン 遺伝子 亜鉛 マルチビタミン DHA EPA L-シスチン 【公式】,17800,1,,
418951-20251215-0361246178,MALL_193543740,mall,2025/12/15 17:56:07,17800,クレジットカード,,完了,0,,楽天市場,,70169-00000178,P3_boosterset,nmn サプリメント 日本製 9000mg (1包300mg) 30日分 P3 ヒカル 高純度99.9% サーチュイン 遺伝子 亜鉛 マルチビタミン DHA EPA L-シスチン 【公式】,nmn サプリメント 日本製 9000mg (1包300mg) 30日分 P3 ヒカル 高純度99.9% サーチュイン 遺伝子 亜鉛 マルチビタミン DHA EPA L-シスチン 【公式】,17800,1,,
418951-20251215-0557046161,MALL_193557114,mall,2025/12/15 19:43:08,4752,クレジットカード,,完了,0,,楽天市場,,70169-00000163,p3_booster_01,P3 BOOSTER ブースターゼリー 1箱30包入り ヒカル P3 NMN 補給サポート 腸活 ルテオリン サプリ ラクチュロースシロップ 菊の花エキス 植物性ナノ型乳酸菌 エクソソームプラセンタ 配合【公式】,P3 BOOSTER ブースターゼリー 1箱30包入り ヒカル P3 NMN 補給サポート 腸活 ルテオリン サプリ ラクチュロースシロップ 菊の花エキス 植物性ナノ型乳酸菌 エクソソームプラセンタ 配合【公式】,4752,1,,
418951-20251215-3746664166,MALL_193566241,mall,2025/12/15 20:34:37,12636,クレジットカード,,完了,0,,楽天市場,,70169-00000054,P3_01,nmn サプリメント 日本製 9000mg (1包300mg) 30日分 P3 ヒカル 高純度99.9% サーチュイン 遺伝子 亜鉛 マルチビタミン DHA EPA L-シスチン 【公式】,nmn サプリメント 日本製 9000mg (1包300mg) 30日分 P3 ヒカル 高純度99.9% サーチュイン 遺伝子 亜鉛 マルチビタミン DHA EPA L-シスチン 【公式】,12636,1,,
418951-20251215-0658246143,MALL_193566941,mall,2025/12/15 20:37:54,17800,クレジットカード,,完了,0,,楽天市場,,70169-00000178,P3_boosterset,nmn サプリメント 日本製 9000mg (1包300mg) 30日分 P3 ヒカル 高純度99.9% サーチュイン 遺伝子 亜鉛 マルチビタミン DHA EPA L-シスチン 【公式】,nmn サプリメント 日本製 9000mg (1包300mg) 30日分 P3 ヒカル 高純度99.9% サーチュイン 遺伝子 亜鉛 マルチビタミン DHA EPA L-シスチン 【公式】,17800,1,,
418951-20251215-0658246143,MALL_193566941,mall,2025/12/15 20:37:54,17800,クレジットカード,,完了,0,,楽天市場,,70169-00000178,P3_boosterset,nmn サプリメント 日本製 9000mg (1包300mg) 30日分 P3 ヒカル 高純度99.9% サーチュイン 遺伝子 亜鉛 マルチビタミン DHA EPA L-シスチン 【公式】,nmn サプリメント 日本製 9000mg (1包300mg) 30日分 P3 ヒカル 高純度99.9% サーチュイン 遺伝子 亜鉛 マルチビタミン DHA EPA L-シスチン 【公式】,17800,1,,
418951-20251215-0358146241,MALL_193568657,mall,2025/12/15 20:45:51,28080,クレジットカード,,完了,0,,楽天市場,,70169-00000054,P3_01,nmn サプリメント 日本製 9000mg (1包300mg) 30日分 P3 ヒカル 高純度99.9% サーチュイン 遺伝子 亜鉛 マルチビタミン DHA EPA L-シスチン 【公式】,nmn サプリメント 日本製 9000mg (1包300mg) 30日分 P3 ヒカル 高純度99.9% サーチュイン 遺伝子 亜鉛 マルチビタミン DHA EPA L-シスチン 【公式】,14040,2,,
418951-20251215-0925846002,MALL_193569425,mall,2025/12/15 20:49:31,14040,クレジットカード,,完了,0,,楽天市場,,70169-00000054,P3_01,nmn サプリメント 日本製 9000mg (1包300mg) 30日分 P3 ヒカル 高純度99.9% サーチュイン 遺伝子 亜鉛 マルチビタミン DHA EPA L-シスチン 【公式】,nmn サプリメント 日本製 9000mg (1包300mg) 30日分 P3 ヒカル 高純度99.9% サーチュイン 遺伝子 亜鉛 マルチビタミン DHA EPA L-シスチン 【公式】,14040,1,,
418951-20251215-0871546021,MALL_193573589,mall,2025/12/15 21:08:33,35600,クレジットカード,,完了,0,,楽天市場,,70169-00000178,P3_boosterset,nmn サプリメント 日本製 9000mg (1包300mg) 30日分 P3 ヒカル 高純度99.9% サーチュイン 遺伝子 亜鉛 マルチビタミン DHA EPA L-シスチン 【公式】,nmn サプリメント 日本製 9000mg (1包300mg) 30日分 P3 ヒカル 高純度99.9% サーチュイン 遺伝子 亜鉛 マルチビタミン DHA EPA L-シスチン 【公式】,17800,2,,
418951-20251215-0871546021,MALL_193573589,mall,2025/12/15 21:08:33,35600,クレジットカード,,完了,0,,楽天市場,,70169-00000178,P3_boosterset,nmn サプリメント 日本製 9000mg (1包300mg) 30日分 P3 ヒカル 高純度99.9% サーチュイン 遺伝子 亜鉛 マルチビタミン DHA EPA L-シスチン 【公式】,nmn サプリメント 日本製 9000mg (1包300mg) 30日分 P3 ヒカル 高純度99.9% サーチュイン 遺伝子 亜鉛 マルチビタミン DHA EPA L-シスチン 【公式】,17800,2,,
418951-20251215-3746861939,MALL_193575984,mall,2025/12/15 21:19:53,12636,クレジットカード,,完了,0,,楽天市場,,70169-00000054,P3_01,nmn サプリメント 日本製 9000mg (1包300mg) 30日分 P3 ヒカル 高純度99.9% サーチュイン 遺伝子 亜鉛 マルチビタミン DHA EPA L-シスチン 【公式】,nmn サプリメント 日本製 9000mg (1包300mg) 30日分 P3 ヒカル 高純度99.9% サーチュイン 遺伝子 亜鉛 マルチビタミン DHA EPA L-シスチン 【公式】,12636,1,,
418951-20251215-0565646190,MALL_193577184,mall,2025/12/15 21:24:41,14040,クレジットカード,,完了,0,,楽天市場,,70169-00000054,P3_01,nmn サプリメント 日本製 9000mg (1包300mg) 30日分 P3 ヒカル 高純度99.9% サーチュイン 遺伝子 亜鉛 マルチビタミン DHA EPA L-シスチン 【公式】,nmn サプリメント 日本製 9000mg (1包300mg) 30日分 P3 ヒカル 高純度99.9% サーチュイン 遺伝子 亜鉛 マルチビタミン DHA EPA L-シスチン 【公式】,14040,1,,
418951-20251215-0589046184,MALL_193581220,mall,2025/12/15 21:41:02,14040,クレジットカード,,完了,0,,楽天市場,,70169-00000054,P3_01,nmn サプリメント 日本製 9000mg (1包300mg) 30日分 P3 ヒカル 高純度99.9% サーチュイン 遺伝子 亜鉛 マルチビタミン DHA EPA L-シスチン 【公式】,nmn サプリメント 日本製 9000mg (1包300mg) 30日分 P3 ヒカル 高純度99.9% サーチュイン 遺伝子 亜鉛 マルチビタミン DHA EPA L-シスチン 【公式】,14040,1,,
418951-20251215-0419846248,MALL_193582675,mall,2025/12/15 21:47:28,14040,クレジットカード,,完了,0,,楽天市場,,70169-00000054,P3_01,nmn サプリメント 日本製 9000mg (1包300mg) 30日分 P3 ヒカル 高純度99.9% サーチュイン 遺伝子 亜鉛 マルチビタミン DHA EPA L-シスチン 【公式】,nmn サプリメント 日本製 9000mg (1包300mg) 30日分 P3 ヒカル 高純度99.9% サーチュイン 遺伝子 亜鉛 マルチビタミン DHA EPA L-シスチン 【公式】,14040,1,,
418951-20251215-0702946162,MALL_193589580,mall,2025/12/15 22:13:27,14040,クレジットカード,,完了,0,,楽天市場,,70169-00000054,P3_01,nmn サプリメント 日本製 9000mg (1包300mg) 30日分 P3 ヒカル 高純度99.9% サーチュイン 遺伝子 亜鉛 マルチビタミン DHA EPA L-シスチン 【公式】,nmn サプリメント 日本製 9000mg (1包300mg) 30日分 P3 ヒカル 高純度99.9% サーチュイン 遺伝子 亜鉛 マルチビタミン DHA EPA L-シスチン 【公式】,14040,1,,
418951-20251215-0556446228,MALL_193592204,mall,2025/12/15 22:24:52,17800,クレジットカード,,完了,0,,楽天市場,,70169-00000178,P3_boosterset,nmn サプリメント 日本製 9000mg (1包300mg) 30日分 P3 ヒカル 高純度99.9% サーチュイン 遺伝子 亜鉛 マルチビタミン DHA EPA L-シスチン 【公式】,nmn サプリメント 日本製 9000mg (1包300mg) 30日分 P3 ヒカル 高純度99.9% サーチュイン 遺伝子 亜鉛 マルチビタミン DHA EPA L-シスチン 【公式】,17800,1,,
418951-20251215-0556446228,MALL_193592204,mall,2025/12/15 22:24:52,17800,クレジットカード,,完了,0,,楽天市場,,70169-00000178,P3_boosterset,nmn サプリメント 日本製 9000mg (1包300mg) 30日分 P3 ヒカル 高純度99.9% サーチュイン 遺伝子 亜鉛 マルチビタミン DHA EPA L-シスチン 【公式】,nmn サプリメント 日本製 9000mg (1包300mg) 30日分 P3 ヒカル 高純度99.9% サーチュイン 遺伝子 亜鉛 マルチビタミン DHA EPA L-シスチン 【公式】,17800,1,,
418951-20251215-0678946195,MALL_193592623,mall,2025/12/15 22:26:41,14040,クレジットカード,,完了,0,,楽天市場,,70169-00000054,P3_01,nmn サプリメント 日本製 9000mg (1包300mg) 30日分 P3 ヒカル 高純度99.9% サーチュイン 遺伝子 亜鉛 マルチビタミン DHA EPA L-シスチン 【公式】,nmn サプリメント 日本製 9000mg (1包300mg) 30日分 P3 ヒカル 高純度99.9% サーチュイン 遺伝子 亜鉛 マルチビタミン DHA EPA L-シスチン 【公式】,14040,1,,
418951-20251215-0147146305,MALL_193594051,mall,2025/12/15 22:31:23,14040,クレジットカード,,完了,0,,楽天市場,,70169-00000054,P3_01,nmn サプリメント 日本製 9000mg (1包300mg) 30日分 P3 ヒカル 高純度99.9% サーチュイン 遺伝子 亜鉛 マルチビタミン DHA EPA L-シスチン 【公式】,nmn サプリメント 日本製 9000mg (1包300mg) 30日分 P3 ヒカル 高純度99.9% サーチュイン 遺伝子 亜鉛 マルチビタミン DHA EPA L-シスチン 【公式】,14040,1,,
418951-20251215-0598846232,MALL_193599551,mall,2025/12/15 22:53:33,14040,クレジットカード,,完了,0,,楽天市場,,70169-00000054,P3_01,nmn サプリメント 日本製 9000mg (1包300mg) 30日分 P3 ヒカル 高純度99.9% サーチュイン 遺伝子 亜鉛 マルチビタミン DHA EPA L-シスチン 【公式】,nmn サプリメント 日本製 9000mg (1包300mg) 30日分 P3 ヒカル 高純度99.9% サーチュイン 遺伝子 亜鉛 マルチビタミン DHA EPA L-シスチン 【公式】,14040,1,,
418951-20251215-0720246214,MALL_193605557,mall,2025/12/15 23:18:39,14040,クレジットカード,,完了,0,,楽天市場,,70169-00000054,P3_01,nmn サプリメント 日本製 9000mg (1包300mg) 30日分 P3 ヒカル 高純度99.9% サーチュイン 遺伝子 亜鉛 マルチビタミン DHA EPA L-シスチン 【公式】,nmn サプリメント 日本製 9000mg (1包300mg) 30日分 P3 ヒカル 高純度99.9% サーチュイン 遺伝子 亜鉛 マルチビタミン DHA EPA L-シスチン 【公式】,14040,1,,
418951-20251215-0858946175,MALL_193606113,mall,2025/12/15 23:21:13,26600,クレジットカード,,完了,0,,楽天市場,,70169-00000055,P3_2set,nmn サプリ 日本製 国産 サプリメント 9000mg (1包300mg) P3 お得2箱セット ヒカル 高純度99.9% サーチュイン 遺伝子 亜鉛 マルチビタミン DHA EPA L-シスチン 【公式】,nmn サプリ 日本製 国産 サプリメント 9000mg (1包300mg) P3 お得2箱セット ヒカル 高純度99.9% サーチュイン 遺伝子 亜鉛 マルチビタミン DHA EPA L-シスチン 【公式】,26600,1,,
418951-20251215-0708846193,MALL_193607299,mall,2025/12/15 23:26:39,14040,クレジットカード,,完了,0,,楽天市場,,70169-00000054,P3_01,nmn サプリメント 日本製 9000mg (1包300mg) 30日分 P3 ヒカル 高純度99.9% サーチュイン 遺伝子 亜鉛 マルチビタミン DHA EPA L-シスチン 【公式】,nmn サプリメント 日本製 9000mg (1包300mg) 30日分 P3 ヒカル 高純度99.9% サーチュイン 遺伝子 亜鉛 マルチビタミン DHA EPA L-シスチン 【公式】,14040,1,,
418951-20251215-0307646305,MALL_193614399,mall,2025/12/15 23:55:19,37900,クレジットカード,,完了,0,,楽天市場,,70169-00000056,P3_3set,NMNサプリメント 日本製 国産 9000mg (1包300mg) P3 お得3箱セット ヒカル 高純度99.9% サーチュイン 遺伝子 亜鉛 マルチビタミン DHA EPA L-シスチン 【公式】,NMNサプリメント 日本製 国産 9000mg (1包300mg) P3 お得3箱セット ヒカル 高純度99.9% サーチュイン 遺伝子 亜鉛 マルチビタミン DHA EPA L-シスチン 【公式】,37900,1,,
418951-20251215-0753546217,MALL_193616280,mall,2025/12/16 0:01:04,17800,クレジットカード,,完了,0,,楽天市場,,70169-00000178,P3_boosterset,nmn サプリメント 日本製 9000mg (1包300mg) 30日分 P3 ヒカル 高純度99.9% サーチュイン 遺伝子 亜鉛 マルチビタミン DHA EPA L-シスチン 【公式】,nmn サプリメント 日本製 9000mg (1包300mg) 30日分 P3 ヒカル 高純度99.9% サーチュイン 遺伝子 亜鉛 マルチビタミン DHA EPA L-シスチン 【公式】,17800,1,,
418951-20251215-0753546217,MALL_193616280,mall,2025/12/16 0:01:04,17800,クレジットカード,,完了,0,,楽天市場,,70169-00000178,P3_boosterset,nmn サプリメント 日本製 9000mg (1包300mg) 30日分 P3 ヒカル 高純度99.9% サーチュイン 遺伝子 亜鉛 マルチビタミン DHA EPA L-シスチン 【公式】,nmn サプリメント 日本製 9000mg (1包300mg) 30日分 P3 ヒカル 高純度99.9% サーチュイン 遺伝子 亜鉛 マルチビタミン DHA EPA L-シスチン 【公式】,17800,1,,
418951-20251216-3747794125,MALL_193623445,mall,2025/12/16 2:49:32,12636,クレジットカード,,完了,0,,楽天市場,,70169-00000054,P3_01,nmn サプリメント 日本製 9000mg (1包300mg) 30日分 ヒカル P3 高純度99.9% サーチュイン 遺伝子 亜鉛 マルチビタミン DHA EPA L-シスチン 【公式】,nmn サプリメント 日本製 9000mg (1包300mg) 30日分 ヒカル P3 高純度99.9% サーチュイン 遺伝子 亜鉛 マルチビタミン DHA EPA L-シスチン 【公式】,12636,1,,
418951-20251216-3747794331,MALL_193623591,mall,2025/12/16 2:58:34,12636,クレジットカード,,完了,0,,楽天市場,,70169-00000054,P3_01,nmn サプリメント 日本製 9000mg (1包300mg) 30日分 ヒカル P3 高純度99.9% サーチュイン 遺伝子 亜鉛 マルチビタミン DHA EPA L-シスチン 【公式】,nmn サプリメント 日本製 9000mg (1包300mg) 30日分 ヒカル P3 高純度99.9% サーチュイン 遺伝子 亜鉛 マルチビタミン DHA EPA L-シスチン 【公式】,12636,1,,
418951-20251216-3747803710,MALL_193623706,mall,2025/12/16 3:07:31,12636,クレジットカード,,完了,0,,楽天市場,,70169-00000054,P3_01,nmn サプリメント 日本製 9000mg (1包300mg) 30日分 ヒカル P3 高純度99.9% サーチュイン 遺伝子 亜鉛 マルチビタミン DHA EPA L-シスチン 【公式】,nmn サプリメント 日本製 9000mg (1包300mg) 30日分 ヒカル P3 高純度99.9% サーチュイン 遺伝子 亜鉛 マルチビタミン DHA EPA L-シスチン 【公式】,12636,1,,
418951-20251216-3747803713,MALL_193623710,mall,2025/12/16 3:07:31,12636,クレジットカード,,完了,0,,楽天市場,,70169-00000054,P3_01,nmn サプリメント 日本製 9000mg (1包300mg) 30日分 ヒカル P3 高純度99.9% サーチュイン 遺伝子 亜鉛 マルチビタミン DHA EPA L-シスチン 【公式】,nmn サプリメント 日本製 9000mg (1包300mg) 30日分 ヒカル P3 高純度99.9% サーチュイン 遺伝子 亜鉛 マルチビタミン DHA EPA L-シスチン 【公式】,12636,1,,
418951-20251216-3747803739,MALL_193623775,mall,2025/12/16 3:10:31,12636,クレジットカード,,完了,0,,楽天市場,,70169-00000054,P3_01,nmn サプリメント 日本製 9000mg (1包300mg) 30日分 ヒカル P3 高純度99.9% サーチュイン 遺伝子 亜鉛 マルチビタミン DHA EPA L-シスチン 【公式】,nmn サプリメント 日本製 9000mg (1包300mg) 30日分 ヒカル P3 高純度99.9% サーチュイン 遺伝子 亜鉛 マルチビタミン DHA EPA L-シスチン 【公式】,12636,1,,
418951-20251216-3747804066,MALL_193623877,mall,2025/12/16 3:19:35,12636,クレジットカード,,完了,0,,楽天市場,,70169-00000054,P3_01,nmn サプリメント 日本製 9000mg (1包300mg) 30日分 ヒカル P3 高純度99.9% サーチュイン 遺伝子 亜鉛 マルチビタミン DHA EPA L-シスチン 【公式】,nmn サプリメント 日本製 9000mg (1包300mg) 30日分 ヒカル P3 高純度99.9% サーチュイン 遺伝子 亜鉛 マルチビタミン DHA EPA L-シスチン 【公式】,12636,1,,
418951-20251216-3747812436,MALL_193624005,mall,2025/12/16 3:28:36,12636,クレジットカード,,完了,0,,楽天市場,,70169-00000054,P3_01,nmn サプリメント 日本製 9000mg (1包300mg) 30日分 ヒカル P3 高純度99.9% サーチュイン 遺伝子 亜鉛 マルチビタミン DHA EPA L-シスチン 【公式】,nmn サプリメント 日本製 9000mg (1包300mg) 30日分 ヒカル P3 高純度99.9% サーチュイン 遺伝子 亜鉛 マルチビタミン DHA EPA L-シスチン 【公式】,12636,1,,
418951-20251216-3747819970,MALL_193624721,mall,2025/12/16 4:25:36,16762,クレジットカード,,完了,0,,楽天市場,,70169-00000178,P3_boosterset,nmn サプリメント 日本製 9000mg (1包300mg) 30日分 P3 ヒカル 高純度99.9% サーチュイン 遺伝子 亜鉛 マルチビタミン DHA EPA L-シスチン 【公式】,nmn サプリメント 日本製 9000mg (1包300mg) 30日分 P3 ヒカル 高純度99.9% サーチュイン 遺伝子 亜鉛 マルチビタミン DHA EPA L-シスチン 【公式】,16762,1,,
418951-20251216-3747819970,MALL_193624721,mall,2025/12/16 4:25:36,16762,クレジットカード,,完了,0,,楽天市場,,70169-00000178,P3_boosterset,nmn サプリメント 日本製 9000mg (1包300mg) 30日分 P3 ヒカル 高純度99.9% サーチュイン 遺伝子 亜鉛 マルチビタミン DHA EPA L-シスチン 【公式】,nmn サプリメント 日本製 9000mg (1包300mg) 30日分 P3 ヒカル 高純度99.9% サーチュイン 遺伝子 亜鉛 マルチビタミン DHA EPA L-シスチン 【公式】,16762,1,,
418951-20251216-0003446464,MALL_193624820,mall,2025/12/16 4:37:11,17800,クレジットカード,,完了,0,,楽天市場,,70169-00000178,P3_boosterset,nmn サプリメント 日本製 9000mg (1包300mg) 30日分 P3 ヒカル 高純度99.9% サーチュイン 遺伝子 亜鉛 マルチビタミン DHA EPA L-シスチン 【公式】,nmn サプリメント 日本製 9000mg (1包300mg) 30日分 P3 ヒカル 高純度99.9% サーチュイン 遺伝子 亜鉛 マルチビタミン DHA EPA L-シスチン 【公式】,17800,1,,
418951-20251216-0003446464,MALL_193624820,mall,2025/12/16 4:37:11,17800,クレジットカード,,完了,0,,楽天市場,,70169-00000178,P3_boosterset,nmn サプリメント 日本製 9000mg (1包300mg) 30日分 P3 ヒカル 高純度99.9% サーチュイン 遺伝子 亜鉛 マルチビタミン DHA EPA L-シスチン 【公式】,nmn サプリメント 日本製 9000mg (1包300mg) 30日分 P3 ヒカル 高純度99.9% サーチュイン 遺伝子 亜鉛 マルチビタミン DHA EPA L-シスチン 【公式】,17800,1,,
418951-20251216-0085846549,MALL_193638536,mall,2025/12/16 9:52:42,37900,クレジットカード,,完了,0,,楽天市場,,70169-00000056,P3_3set,NMNサプリメント 日本製 国産 9000mg (1包300mg) P3 お得3箱セット ヒカル 高純度99.9% サーチュイン 遺伝子 亜鉛 マルチビタミン DHA EPA L-シスチン 【公式】,NMNサプリメント 日本製 国産 9000mg (1包300mg) P3 お得3箱セット ヒカル 高純度99.9% サーチュイン 遺伝子 亜鉛 マルチビタミン DHA EPA L-シスチン 【公式】,37900,1,,
418951-20251216-0230646397,MALL_193659724,mall,2025/12/16 14:00:23,14040,クレジットカード,,完了,0,,楽天市場,,70169-00000054,P3_01,nmn サプリメント 日本製 9000mg (1包300mg) 30日分 P3 ヒカル 高純度99.9% サーチュイン 遺伝子 亜鉛 マルチビタミン DHA EPA L-シスチン 【公式】,nmn サプリメント 日本製 9000mg (1包300mg) 30日分 P3 ヒカル 高純度99.9% サーチュイン 遺伝子 亜鉛 マルチビタミン DHA EPA L-シスチン 【公式】,14040,1,,
418951-20251216-0538546383,MALL_193677139,mall,2025/12/16 18:42:07,14040,クレジットカード,,完了,0,,楽天市場,,70169-00000054,P3_01,nmn サプリメント 日本製 9000mg (1包300mg) 30日分 P3 ヒカル 高純度99.9% サーチュイン 遺伝子 亜鉛 マルチビタミン DHA EPA L-シスチン 【公式】,nmn サプリメント 日本製 9000mg (1包300mg) 30日分 P3 ヒカル 高純度99.9% サーチュイン 遺伝子 亜鉛 マルチビタミン DHA EPA L-シスチン 【公式】,14040,1,,
ladder-shop-10000251,MALL_193681344,mall,2025/12/16 19:43:00,14040,PayPayあと払い,,完了,0,,Yahoo!ショッピング,,70169-00000054,P3_01,P3 nmn サプリ メント 日本製 ヒカル｜公式 正規品｜ニコチンアミドモノヌクレオチド トランスレスベラトロール DHA EPA L-シスチン,P3 nmn サプリ メント 日本製 ヒカル｜公式 正規品｜ニコチンアミドモノヌクレオチド トランスレスベラトロール DHA EPA L-シスチン,14040,1,,
418951-20251216-0385846397,MALL_193681962,mall,2025/12/16 19:51:41,14040,後払い(楽天),,完了,0,,楽天市場,,70169-00000054,P3_01,nmn サプリメント 日本製 9000mg (1包300mg) 30日分 P3 ヒカル 高純度99.9% サーチュイン 遺伝子 亜鉛 マルチビタミン DHA EPA L-シスチン 【公式】,nmn サプリメント 日本製 9000mg (1包300mg) 30日分 P3 ヒカル 高純度99.9% サーチュイン 遺伝子 亜鉛 マルチビタミン DHA EPA L-シスチン 【公式】,14040,1,,
418951-20251216-0385646444,MALL_193682431,mall,2025/12/16 19:57:12,17800,クレジットカード,,完了,0,,楽天市場,,70169-00000178,P3_boosterset,nmn サプリメント 日本製 9000mg (1包300mg) 30日分 P3 ヒカル 高純度99.9% サーチュイン 遺伝子 亜鉛 マルチビタミン DHA EPA L-シスチン 【公式】,nmn サプリメント 日本製 9000mg (1包300mg) 30日分 P3 ヒカル 高純度99.9% サーチュイン 遺伝子 亜鉛 マルチビタミン DHA EPA L-シスチン 【公式】,17800,1,,
418951-20251216-0385646444,MALL_193682431,mall,2025/12/16 19:57:12,17800,クレジットカード,,完了,0,,楽天市場,,70169-00000178,P3_boosterset,nmn サプリメント 日本製 9000mg (1包300mg) 30日分 P3 ヒカル 高純度99.9% サーチュイン 遺伝子 亜鉛 マルチビタミン DHA EPA L-シスチン 【公式】,nmn サプリメント 日本製 9000mg (1包300mg) 30日分 P3 ヒカル 高純度99.9% サーチュイン 遺伝子 亜鉛 マルチビタミン DHA EPA L-シスチン 【公式】,17800,1,,
418951-20251216-3749265277,MALL_193703640,mall,2025/12/16 23:55:21,4276,クレジットカード,,完了,0,,楽天市場,,70169-00000163,p3_booster_01,P3 BOOSTER ブースターゼリー 1箱30包入り ヒカル P3 NMN 補給サポート 腸活 ルテオリン サプリ ラクチュロースシロップ 菊の花エキス 植物性ナノ型乳酸菌 エクソソームプラセンタ 配合【公式】,P3 BOOSTER ブースターゼリー 1箱30包入り ヒカル P3 NMN 補給サポート 腸活 ルテオリン サプリ ラクチュロースシロップ 菊の花エキス 植物性ナノ型乳酸菌 エクソソームプラセンタ 配合【公式】,4276,1,,
418951-20251217-3749359950,MALL_193708185,mall,2025/12/17 2:19:22,12636,クレジットカード,,完了,0,,楽天市場,,70169-00000054,P3_01,【定期購入】【1箱から継続中ずっと10％OFF】P3 NMNパーフェクトサプリメント1箱 ヒカル サプリ 日本製 9000mg (1包300mg) 30日分 高純度99.9% サーチュイン 遺伝子 亜鉛 マルチビタミン DHA EPA L-シスチン 【公式】,【定期購入】【1箱から継続中ずっと10％OFF】P3 NMNパーフェクトサプリメント1箱 ヒカル サプリ 日本製 9000mg (1包300mg) 30日分 高純度99.9% サーチュイン 遺伝子 亜鉛 マルチビタミン DHA EPA L-シスチン 【公式】,12636,1,,
418951-20251217-3749359964,MALL_193708187,mall,2025/12/17 2:19:22,12636,クレジットカード,,完了,0,,楽天市場,,70169-00000054,P3_01,【定期購入】【1箱から継続中ずっと10％OFF】P3 NMNパーフェクトサプリメント1箱 ヒカル サプリ 日本製 9000mg (1包300mg) 30日分 高純度99.9% サーチュイン 遺伝子 亜鉛 マルチビタミン DHA EPA L-シスチン 【公式】,【定期購入】【1箱から継続中ずっと10％OFF】P3 NMNパーフェクトサプリメント1箱 ヒカル サプリ 日本製 9000mg (1包300mg) 30日分 高純度99.9% サーチュイン 遺伝子 亜鉛 マルチビタミン DHA EPA L-シスチン 【公式】,12636,1,,
418951-20251217-3749359973,MALL_193708189,mall,2025/12/17 2:19:22,12636,クレジットカード,,完了,0,,楽天市場,,70169-00000054,P3_01,【定期購入】【1箱から継続中ずっと10％OFF】P3 NMNパーフェクトサプリメント1箱 ヒカル サプリ 日本製 9000mg (1包300mg) 30日分 高純度99.9% サーチュイン 遺伝子 亜鉛 マルチビタミン DHA EPA L-シスチン 【公式】,【定期購入】【1箱から継続中ずっと10％OFF】P3 NMNパーフェクトサプリメント1箱 ヒカル サプリ 日本製 9000mg (1包300mg) 30日分 高純度99.9% サーチュイン 遺伝子 亜鉛 マルチビタミン DHA EPA L-シスチン 【公式】,12636,1,,
418951-20251217-3749391541,MALL_193708855,mall,2025/12/17 2:58:31,12636,クレジットカード,,完了,0,,楽天市場,,70169-00000054,P3_01,nmn サプリメント 日本製 9000mg (1包300mg) 30日分 ヒカル P3 高純度99.9% サーチュイン 遺伝子 亜鉛 マルチビタミン DHA EPA L-シスチン 【公式】,nmn サプリメント 日本製 9000mg (1包300mg) 30日分 ヒカル P3 高純度99.9% サーチュイン 遺伝子 亜鉛 マルチビタミン DHA EPA L-シスチン 【公式】,12636,1,,
418951-20251217-3749392039,MALL_193708856,mall,2025/12/17 2:58:31,12636,クレジットカード,,完了,0,,楽天市場,,70169-00000054,P3_01,nmn サプリメント 日本製 9000mg (1包300mg) 30日分 ヒカル P3 高純度99.9% サーチュイン 遺伝子 亜鉛 マルチビタミン DHA EPA L-シスチン 【公式】,nmn サプリメント 日本製 9000mg (1包300mg) 30日分 ヒカル P3 高純度99.9% サーチュイン 遺伝子 亜鉛 マルチビタミン DHA EPA L-シスチン 【公式】,12636,1,,
418951-20251217-3749405657,MALL_193708986,mall,2025/12/17 3:10:21,12636,クレジットカード,,完了,0,,楽天市場,,70169-00000054,P3_01,nmn サプリメント 日本製 9000mg (1包300mg) 30日分 ヒカル P3 高純度99.9% サーチュイン 遺伝子 亜鉛 マルチビタミン DHA EPA L-シスチン 【公式】,nmn サプリメント 日本製 9000mg (1包300mg) 30日分 ヒカル P3 高純度99.9% サーチュイン 遺伝子 亜鉛 マルチビタミン DHA EPA L-シスチン 【公式】,12636,1,,
418951-20251217-3749413400,MALL_193709546,mall,2025/12/17 3:58:22,12636,クレジットカード,,完了,0,,楽天市場,,70169-00000054,P3_01,nmn サプリメント 日本製 9000mg (1包300mg) 30日分 P3 ヒカル 高純度99.9% サーチュイン 遺伝子 亜鉛 マルチビタミン DHA EPA L-シスチン 【公式】,nmn サプリメント 日本製 9000mg (1包300mg) 30日分 P3 ヒカル 高純度99.9% サーチュイン 遺伝子 亜鉛 マルチビタミン DHA EPA L-シスチン 【公式】,12636,1,,
418951-20251217-3749413420,MALL_193709547,mall,2025/12/17 3:58:23,4276,クレジットカード,,完了,0,,楽天市場,,70169-00000163,p3_booster_01,P3 BOOSTER ブースターゼリー 1箱30包入り ヒカル P3 NMN 補給サポート 腸活 ルテオリン サプリ ラクチュロースシロップ 菊の花エキス 植物性ナノ型乳酸菌 エクソソームプラセンタ 配合【公式】,P3 BOOSTER ブースターゼリー 1箱30包入り ヒカル P3 NMN 補給サポート 腸活 ルテオリン サプリ ラクチュロースシロップ 菊の花エキス 植物性ナノ型乳酸菌 エクソソームプラセンタ 配合【公式】,4276,1,,
418951-20251217-0720646362,MALL_193713888,mall,2025/12/17 7:33:08,14040,クレジットカード,,完了,0,,楽天市場,,70169-00000054,P3_01,nmn サプリメント 日本製 9000mg (1包300mg) 30日分 P3 ヒカル 高純度99.9% サーチュイン 遺伝子 亜鉛 マルチビタミン DHA EPA L-シスチン 【公式】,nmn サプリメント 日本製 9000mg (1包300mg) 30日分 P3 ヒカル 高純度99.9% サーチュイン 遺伝子 亜鉛 マルチビタミン DHA EPA L-シスチン 【公式】,14040,1,,
418951-20251217-0663246416,MALL_193717471,mall,2025/12/17 8:34:59,37900,クレジットカード,,完了,0,,楽天市場,,70169-00000056,P3_3set,NMNサプリメント 日本製 国産 9000mg (1包300mg) P3 お得3箱セット ヒカル 高純度99.9% サーチュイン 遺伝子 亜鉛 マルチビタミン DHA EPA L-シスチン 【公式】,NMNサプリメント 日本製 国産 9000mg (1包300mg) P3 お得3箱セット ヒカル 高純度99.9% サーチュイン 遺伝子 亜鉛 マルチビタミン DHA EPA L-シスチン 【公式】,37900,1,,
418951-20251217-0743246396,MALL_193720722,mall,2025/12/17 9:25:01,14040,銀行振込,,完了,0,,楽天市場,,70169-00000054,P3_01,nmn サプリメント 日本製 9000mg (1包300mg) 30日分 P3 ヒカル 高純度99.9% サーチュイン 遺伝子 亜鉛 マルチビタミン DHA EPA L-シスチン 【公式】,nmn サプリメント 日本製 9000mg (1包300mg) 30日分 P3 ヒカル 高純度99.9% サーチュイン 遺伝子 亜鉛 マルチビタミン DHA EPA L-シスチン 【公式】,14040,1,,
ladder-shop-10000252,MALL_193724985,mall,2025/12/17 10:28:21,12636,PayPayあと払い,,完了,0,,Yahoo!ショッピング,,70169-00000054,P3_01,P3 nmn サプリ メント 日本製 ヒカル｜公式 正規品｜ニコチンアミドモノヌクレオチド トランスレスベラトロール DHA EPA L-シスチン,P3 nmn サプリ メント 日本製 ヒカル｜公式 正規品｜ニコチンアミドモノヌクレオチド トランスレスベラトロール DHA EPA L-シスチン,12636,1,,
418951-20251217-0713646416,MALL_193725741,mall,2025/12/17 10:39:13,37900,クレジットカード,,完了,0,,楽天市場,,70169-00000056,P3_3set,NMNサプリメント 日本製 国産 9000mg (1包300mg) P3 お得3箱セット ヒカル 高純度99.9% サーチュイン 遺伝子 亜鉛 マルチビタミン DHA EPA L-シスチン 【公式】,NMNサプリメント 日本製 国産 9000mg (1包300mg) P3 お得3箱セット ヒカル 高純度99.9% サーチュイン 遺伝子 亜鉛 マルチビタミン DHA EPA L-シスチン 【公式】,37900,1,,
418951-20251217-0846246431,MALL_193728778,mall,2025/12/17 11:20:25,14040,クレジットカード,,完了,0,,楽天市場,,70169-00000054,P3_01,nmn サプリメント 日本製 9000mg (1包300mg) 30日分 P3 ヒカル 高純度99.9% サーチュイン 遺伝子 亜鉛 マルチビタミン DHA EPA L-シスチン 【公式】,nmn サプリメント 日本製 9000mg (1包300mg) 30日分 P3 ヒカル 高純度99.9% サーチュイン 遺伝子 亜鉛 マルチビタミン DHA EPA L-シスチン 【公式】,14040,1,,
ladder-shop-10000253,MALL_193749946,mall,2025/12/17 16:48:06,14040,クレジットカード,,完了,0,,Yahoo!ショッピング,,70169-00000054,P3_01,P3 nmn サプリ メント 日本製 ヒカル｜公式 正規品｜ニコチンアミドモノヌクレオチド トランスレスベラトロール DHA EPA L-シスチン,P3 nmn サプリ メント 日本製 ヒカル｜公式 正規品｜ニコチンアミドモノヌクレオチド トランスレスベラトロール DHA EPA L-シスチン,14040,1,,
418951-20251217-0078446756,MALL_193775916,mall,2025/12/17 22:47:24,14040,クレジットカード,,完了,0,,楽天市場,,70169-00000054,P3_01,nmn サプリメント 日本製 9000mg (1包300mg) 30日分 P3 ヒカル 高純度99.9% サーチュイン 遺伝子 亜鉛 マルチビタミン DHA EPA L-シスチン 【公式】,nmn サプリメント 日本製 9000mg (1包300mg) 30日分 P3 ヒカル 高純度99.9% サーチュイン 遺伝子 亜鉛 マルチビタミン DHA EPA L-シスチン 【公式】,14040,1,,
418951-20251218-3750973054,MALL_193786507,mall,2025/12/18 2:28:35,12636,クレジットカード,,完了,0,,楽天市場,,70169-00000054,P3_01,【定期購入】【1箱から継続中ずっと10％OFF】P3 NMNパーフェクトサプリメント1箱 ヒカル サプリ 日本製 9000mg (1包300mg) 30日分 高純度99.9% サーチュイン 遺伝子 亜鉛 マルチビタミン DHA EPA L-シスチン 【公式】,【定期購入】【1箱から継続中ずっと10％OFF】P3 NMNパーフェクトサプリメント1箱 ヒカル サプリ 日本製 9000mg (1包300mg) 30日分 高純度99.9% サーチュイン 遺伝子 亜鉛 マルチビタミン DHA EPA L-シスチン 【公式】,12636,1,,
418951-20251218-3750973053,MALL_193786511,mall,2025/12/18 2:28:35,12636,クレジットカード,,完了,0,,楽天市場,,70169-00000054,P3_01,【定期購入】【1箱から継続中ずっと10％OFF】P3 NMNパーフェクトサプリメント1箱 ヒカル サプリ 日本製 9000mg (1包300mg) 30日分 高純度99.9% サーチュイン 遺伝子 亜鉛 マルチビタミン DHA EPA L-シスチン 【公式】,【定期購入】【1箱から継続中ずっと10％OFF】P3 NMNパーフェクトサプリメント1箱 ヒカル サプリ 日本製 9000mg (1包300mg) 30日分 高純度99.9% サーチュイン 遺伝子 亜鉛 マルチビタミン DHA EPA L-シスチン 【公式】,12636,1,,
418951-20251218-3750978015,MALL_193786762,mall,2025/12/18 2:40:32,12636,クレジットカード,,完了,0,,楽天市場,,70169-00000054,P3_01,【定期購入】【1箱から継続中ずっと10％OFF】P3 NMN サプリメント1箱 日本製 9000mg (1包300mg) 30日分 ヒカル サプリ 高純度99.9% 亜鉛 マルチビタミン DHA EPA L-シスチン 【公式】,【定期購入】【1箱から継続中ずっと10％OFF】P3 NMN サプリメント1箱 日本製 9000mg (1包300mg) 30日分 ヒカル サプリ 高純度99.9% 亜鉛 マルチビタミン DHA EPA L-シスチン 【公式】,12636,1,,
418951-20251218-3750978049,MALL_193786764,mall,2025/12/18 2:40:34,12636,クレジットカード,,完了,0,,楽天市場,,70169-00000054,P3_01,【定期購入】【1箱から継続中ずっと10％OFF】P3 NMN サプリメント1箱 日本製 9000mg (1包300mg) 30日分 ヒカル サプリ 高純度99.9% 亜鉛 マルチビタミン DHA EPA L-シスチン 【公式】,【定期購入】【1箱から継続中ずっと10％OFF】P3 NMN サプリメント1箱 日本製 9000mg (1包300mg) 30日分 ヒカル サプリ 高純度99.9% 亜鉛 マルチビタミン DHA EPA L-シスチン 【公式】,12636,1,,
418951-20251218-3750981802,MALL_193786898,mall,2025/12/18 2:49:37,12636,クレジットカード,,完了,0,,楽天市場,,70169-00000054,P3_01,nmn サプリメント 日本製 9000mg (1包300mg) 30日分 ヒカル P3 高純度99.9% サーチュイン 遺伝子 亜鉛 マルチビタミン DHA EPA L-シスチン 【公式】,nmn サプリメント 日本製 9000mg (1包300mg) 30日分 ヒカル P3 高純度99.9% サーチュイン 遺伝子 亜鉛 マルチビタミン DHA EPA L-シスチン 【公式】,12636,1,,
418951-20251218-3750981805,MALL_193786901,mall,2025/12/18 2:49:37,12636,クレジットカード,,完了,0,,楽天市場,,70169-00000054,P3_01,nmn サプリメント 日本製 9000mg (1包300mg) 30日分 ヒカル P3 高純度99.9% サーチュイン 遺伝子 亜鉛 マルチビタミン DHA EPA L-シスチン 【公式】,nmn サプリメント 日本製 9000mg (1包300mg) 30日分 ヒカル P3 高純度99.9% サーチュイン 遺伝子 亜鉛 マルチビタミン DHA EPA L-シスチン 【公式】,12636,1,,
418951-20251218-3750986587,MALL_193787061,mall,2025/12/18 2:58:33,12636,クレジットカード,,完了,0,,楽天市場,,70169-00000054,P3_01,nmn サプリメント 日本製 9000mg (1包300mg) 30日分 ヒカル P3 高純度99.9% サーチュイン 遺伝子 亜鉛 マルチビタミン DHA EPA L-シスチン 【公式】,nmn サプリメント 日本製 9000mg (1包300mg) 30日分 ヒカル P3 高純度99.9% サーチュイン 遺伝子 亜鉛 マルチビタミン DHA EPA L-シスチン 【公式】,12636,1,,
418951-20251218-3750987347,MALL_193787284,mall,2025/12/18 3:10:41,12636,クレジットカード,,完了,0,,楽天市場,,70169-00000054,P3_01,nmn サプリメント 日本製 9000mg (1包300mg) 30日分 ヒカル P3 高純度99.9% サーチュイン 遺伝子 亜鉛 マルチビタミン DHA EPA L-シスチン 【公式】,nmn サプリメント 日本製 9000mg (1包300mg) 30日分 ヒカル P3 高純度99.9% サーチュイン 遺伝子 亜鉛 マルチビタミン DHA EPA L-シスチン 【公式】,12636,1,,
418951-20251218-3750991029,MALL_193787427,mall,2025/12/18 3:19:35,12636,クレジットカード,,完了,0,,楽天市場,,70169-00000054,P3_01,nmn サプリメント 日本製 9000mg (1包300mg) 30日分 ヒカル P3 高純度99.9% サーチュイン 遺伝子 亜鉛 マルチビタミン DHA EPA L-シスチン 【公式】,nmn サプリメント 日本製 9000mg (1包300mg) 30日分 ヒカル P3 高純度99.9% サーチュイン 遺伝子 亜鉛 マルチビタミン DHA EPA L-シスチン 【公式】,12636,1,,
418951-20251218-3750993837,MALL_193787562,mall,2025/12/18 3:28:35,12636,クレジットカード,,完了,0,,楽天市場,,70169-00000054,P3_01,nmn サプリメント 日本製 9000mg (1包300mg) 30日分 ヒカル P3 高純度99.9% サーチュイン 遺伝子 亜鉛 マルチビタミン DHA EPA L-シスチン 【公式】,nmn サプリメント 日本製 9000mg (1包300mg) 30日分 ヒカル P3 高純度99.9% サーチュイン 遺伝子 亜鉛 マルチビタミン DHA EPA L-シスチン 【公式】,12636,1,,
418951-20251218-3751003890,MALL_193787949,mall,2025/12/18 3:58:35,16762,クレジットカード,,完了,0,,楽天市場,,70169-00000178,P3_boosterset,nmn サプリメント 日本製 9000mg (1包300mg) 30日分 P3 ヒカル 高純度99.9% サーチュイン 遺伝子 亜鉛 マルチビタミン DHA EPA L-シスチン 【公式】,nmn サプリメント 日本製 9000mg (1包300mg) 30日分 P3 ヒカル 高純度99.9% サーチュイン 遺伝子 亜鉛 マルチビタミン DHA EPA L-シスチン 【公式】,16762,1,,
418951-20251218-3751003890,MALL_193787949,mall,2025/12/18 3:58:35,16762,クレジットカード,,完了,0,,楽天市場,,70169-00000178,P3_boosterset,nmn サプリメント 日本製 9000mg (1包300mg) 30日分 P3 ヒカル 高純度99.9% サーチュイン 遺伝子 亜鉛 マルチビタミン DHA EPA L-シスチン 【公式】,nmn サプリメント 日本製 9000mg (1包300mg) 30日分 P3 ヒカル 高純度99.9% サーチュイン 遺伝子 亜鉛 マルチビタミン DHA EPA L-シスチン 【公式】,16762,1,,
418951-20251218-3751003895,MALL_193787951,mall,2025/12/18 3:58:35,12636,クレジットカード,,完了,0,,楽天市場,,70169-00000054,P3_01,nmn サプリメント 日本製 9000mg (1包300mg) 30日分 P3 ヒカル 高純度99.9% サーチュイン 遺伝子 亜鉛 マルチビタミン DHA EPA L-シスチン 【公式】,nmn サプリメント 日本製 9000mg (1包300mg) 30日分 P3 ヒカル 高純度99.9% サーチュイン 遺伝子 亜鉛 マルチビタミン DHA EPA L-シスチン 【公式】,12636,1,,
418951-20251218-3751003897,MALL_193787954,mall,2025/12/18 3:58:36,12636,クレジットカード,,完了,0,,楽天市場,,70169-00000054,P3_01,nmn サプリメント 日本製 9000mg (1包300mg) 30日分 P3 ヒカル 高純度99.9% サーチュイン 遺伝子 亜鉛 マルチビタミン DHA EPA L-シスチン 【公式】,nmn サプリメント 日本製 9000mg (1包300mg) 30日分 P3 ヒカル 高純度99.9% サーチュイン 遺伝子 亜鉛 マルチビタミン DHA EPA L-シスチン 【公式】,12636,1,,
418951-20251218-0290846892,MALL_191674904,mall,2025/12/18 10:39:11,14040,クレジットカード,,完了,0,,楽天市場,,70169-00000054,P3_01,nmn サプリメント 日本製 9000mg (1包300mg) 30日分 P3 ヒカル 高純度99.9% サーチュイン 遺伝子 亜鉛 マルチビタミン DHA EPA L-シスチン 【公式】,nmn サプリメント 日本製 9000mg (1包300mg) 30日分 P3 ヒカル 高純度99.9% サーチュイン 遺伝子 亜鉛 マルチビタミン DHA EPA L-シスチン 【公式】,14040,1,,
418951-20251218-0404046852,MALL_193840962,mall,2025/12/18 17:25:42,14040,クレジットカード,,完了,0,,楽天市場,,70169-00000054,P3_01,nmn サプリメント 日本製 9000mg (1包300mg) 30日分 P3 ヒカル 高純度99.9% サーチュイン 遺伝子 亜鉛 マルチビタミン DHA EPA L-シスチン 【公式】,nmn サプリメント 日本製 9000mg (1包300mg) 30日分 P3 ヒカル 高純度99.9% サーチュイン 遺伝子 亜鉛 マルチビタミン DHA EPA L-シスチン 【公式】,14040,1,,
418951-20251218-0407846938,MALL_192805441,mall,2025/12/18 17:45:45,35600,クレジットカード,,完了,0,,楽天市場,,70169-00000178,P3_boosterset,nmn サプリメント 日本製 9000mg (1包300mg) 30日分 P3 ヒカル 高純度99.9% サーチュイン 遺伝子 亜鉛 マルチビタミン DHA EPA L-シスチン 【公式】,nmn サプリメント 日本製 9000mg (1包300mg) 30日分 P3 ヒカル 高純度99.9% サーチュイン 遺伝子 亜鉛 マルチビタミン DHA EPA L-シスチン 【公式】,17800,2,,
418951-20251218-0407846938,MALL_192805441,mall,2025/12/18 17:45:45,35600,クレジットカード,,完了,0,,楽天市場,,70169-00000178,P3_boosterset,nmn サプリメント 日本製 9000mg (1包300mg) 30日分 P3 ヒカル 高純度99.9% サーチュイン 遺伝子 亜鉛 マルチビタミン DHA EPA L-シスチン 【公式】,nmn サプリメント 日本製 9000mg (1包300mg) 30日分 P3 ヒカル 高純度99.9% サーチュイン 遺伝子 亜鉛 マルチビタミン DHA EPA L-シスチン 【公式】,17800,2,,
418951-20251218-0434846858,MALL_193844977,mall,2025/12/18 18:19:35,14040,クレジットカード,,完了,0,,楽天市場,,70169-00000054,P3_01,nmn サプリメント 日本製 9000mg (1包300mg) 30日分 P3 ヒカル 高純度99.9% サーチュイン 遺伝子 亜鉛 マルチビタミン DHA EPA L-シスチン 【公式】,nmn サプリメント 日本製 9000mg (1包300mg) 30日分 P3 ヒカル 高純度99.9% サーチュイン 遺伝子 亜鉛 マルチビタミン DHA EPA L-シスチン 【公式】,14040,1,,
418951-20251218-0441146852,MALL_193846392,mall,2025/12/18 18:37:28,14040,クレジットカード,,完了,0,,楽天市場,,70169-00000054,P3_01,nmn サプリメント 日本製 9000mg (1包300mg) 30日分 P3 ヒカル 高純度99.9% サーチュイン 遺伝子 亜鉛 マルチビタミン DHA EPA L-シスチン 【公式】,nmn サプリメント 日本製 9000mg (1包300mg) 30日分 P3 ヒカル 高純度99.9% サーチュイン 遺伝子 亜鉛 マルチビタミン DHA EPA L-シスチン 【公式】,14040,1,,
ladder-shop-10000255,MALL_193849462,mall,2025/12/18 19:13:06,14040,クレジットカード,,完了,0,,Yahoo!ショッピング,,70169-00000054,P3_01,P3 nmn サプリ メント 日本製 ヒカル｜公式 正規品｜ニコチンアミドモノヌクレオチド トランスレスベラトロール DHA EPA L-シスチン,P3 nmn サプリ メント 日本製 ヒカル｜公式 正規品｜ニコチンアミドモノヌクレオチド トランスレスベラトロール DHA EPA L-シスチン,14040,1,,
418951-20251218-0669446818,MALL_193877096,mall,2025/12/18 22:59:22,14040,クレジットカード,,完了,0,,楽天市場,,70169-00000054,P3_01,nmn サプリメント 日本製 9000mg (1包300mg) 30日分 P3 ヒカル 高純度99.9% サーチュイン 遺伝子 亜鉛 マルチビタミン DHA EPA L-シスチン 【公式】,nmn サプリメント 日本製 9000mg (1包300mg) 30日分 P3 ヒカル 高純度99.9% サーチュイン 遺伝子 亜鉛 マルチビタミン DHA EPA L-シスチン 【公式】,14040,1,,
418951-20251219-3753010442,MALL_193889319,mall,2025/12/19 2:19:32,12636,クレジットカード,,完了,0,,楽天市場,,70169-00000054,P3_01,【定期購入】【1箱から継続中ずっと10％OFF】P3 NMNパーフェクトサプリメント1箱 ヒカル サプリ 日本製 9000mg (1包300mg) 30日分 高純度99.9% サーチュイン 遺伝子 亜鉛 マルチビタミン DHA EPA L-シスチン 【公式】,【定期購入】【1箱から継続中ずっと10％OFF】P3 NMNパーフェクトサプリメント1箱 ヒカル サプリ 日本製 9000mg (1包300mg) 30日分 高純度99.9% サーチュイン 遺伝子 亜鉛 マルチビタミン DHA EPA L-シスチン 【公式】,12636,1,,
418951-20251219-3753004905,MALL_193889321,mall,2025/12/19 2:19:32,12636,クレジットカード,,完了,0,,楽天市場,,70169-00000054,P3_01,【定期購入】【1箱から継続中ずっと10％OFF】P3 NMNパーフェクトサプリメント1箱 ヒカル サプリ 日本製 9000mg (1包300mg) 30日分 高純度99.9% サーチュイン 遺伝子 亜鉛 マルチビタミン DHA EPA L-シスチン 【公式】,【定期購入】【1箱から継続中ずっと10％OFF】P3 NMNパーフェクトサプリメント1箱 ヒカル サプリ 日本製 9000mg (1包300mg) 30日分 高純度99.9% サーチュイン 遺伝子 亜鉛 マルチビタミン DHA EPA L-シスチン 【公式】,12636,1,,
418951-20251219-3753010443,MALL_193889323,mall,2025/12/19 2:19:32,12636,クレジットカード,,完了,0,,楽天市場,,70169-00000054,P3_01,【定期購入】【1箱から継続中ずっと10％OFF】P3 NMNパーフェクトサプリメント1箱 ヒカル サプリ 日本製 9000mg (1包300mg) 30日分 高純度99.9% サーチュイン 遺伝子 亜鉛 マルチビタミン DHA EPA L-シスチン 【公式】,【定期購入】【1箱から継続中ずっと10％OFF】P3 NMNパーフェクトサプリメント1箱 ヒカル サプリ 日本製 9000mg (1包300mg) 30日分 高純度99.9% サーチュイン 遺伝子 亜鉛 マルチビタミン DHA EPA L-シスチン 【公式】,12636,1,,
418951-20251219-3753010470,MALL_193889324,mall,2025/12/19 2:19:32,12636,クレジットカード,,完了,0,,楽天市場,,70169-00000054,P3_01,【定期購入】【1箱から継続中ずっと10％OFF】P3 NMNパーフェクトサプリメント1箱 ヒカル サプリ 日本製 9000mg (1包300mg) 30日分 高純度99.9% サーチュイン 遺伝子 亜鉛 マルチビタミン DHA EPA L-シスチン 【公式】,【定期購入】【1箱から継続中ずっと10％OFF】P3 NMNパーフェクトサプリメント1箱 ヒカル サプリ 日本製 9000mg (1包300mg) 30日分 高純度99.9% サーチュイン 遺伝子 亜鉛 マルチビタミン DHA EPA L-シスチン 【公式】,12636,1,,
418951-20251219-3753011354,MALL_193889704,mall,2025/12/19 2:40:32,4276,クレジットカード,,完了,0,,楽天市場,,70169-00000163,p3_booster_01,P3 ブースターゼリー 1箱30包入り ヒカル P3 NMN 補給サポート ラクチュロースシロップ 菊の花エキス 植物性ナノ型乳酸菌 エクソソームプラセンタ 配合【公式】,P3 ブースターゼリー 1箱30包入り ヒカル P3 NMN 補給サポート ラクチュロースシロップ 菊の花エキス 植物性ナノ型乳酸菌 エクソソームプラセンタ 配合【公式】,4276,1,,
418951-20251219-3753016748,MALL_193889812,mall,2025/12/19 2:49:32,12636,クレジットカード,,完了,0,,楽天市場,,70169-00000054,P3_01,nmn サプリメント 日本製 9000mg (1包300mg) 30日分 ヒカル P3 高純度99.9% サーチュイン 遺伝子 亜鉛 マルチビタミン DHA EPA L-シスチン 【公式】,nmn サプリメント 日本製 9000mg (1包300mg) 30日分 ヒカル P3 高純度99.9% サーチュイン 遺伝子 亜鉛 マルチビタミン DHA EPA L-シスチン 【公式】,12636,1,,
418951-20251219-3753016768,MALL_193889813,mall,2025/12/19 2:49:32,4276,クレジットカード,,完了,0,,楽天市場,,70169-00000163,p3_booster_01,P3 BOOSTER ブースターゼリー 1箱30包入り ヒカル P3 NMN 補給サポート ラクチュロースシロップ 菊の花エキス 植物性ナノ型乳酸菌 エクソソームプラセンタ 配合【公式】,P3 BOOSTER ブースターゼリー 1箱30包入り ヒカル P3 NMN 補給サポート ラクチュロースシロップ 菊の花エキス 植物性ナノ型乳酸菌 エクソソームプラセンタ 配合【公式】,4276,1,,
418951-20251219-3753017162,MALL_193889975,mall,2025/12/19 2:58:35,12636,クレジットカード,,完了,0,,楽天市場,,70169-00000054,P3_01,nmn サプリメント 日本製 9000mg (1包300mg) 30日分 ヒカル P3 高純度99.9% サーチュイン 遺伝子 亜鉛 マルチビタミン DHA EPA L-シスチン 【公式】,nmn サプリメント 日本製 9000mg (1包300mg) 30日分 ヒカル P3 高純度99.9% サーチュイン 遺伝子 亜鉛 マルチビタミン DHA EPA L-シスチン 【公式】,12636,1,,
418951-20251219-3753023558,MALL_193890109,mall,2025/12/19 3:10:31,12636,クレジットカード,,完了,0,,楽天市場,,70169-00000054,P3_01,nmn サプリメント 日本製 9000mg (1包300mg) 30日分 ヒカル P3 高純度99.9% サーチュイン 遺伝子 亜鉛 マルチビタミン DHA EPA L-シスチン 【公式】,nmn サプリメント 日本製 9000mg (1包300mg) 30日分 ヒカル P3 高純度99.9% サーチュイン 遺伝子 亜鉛 マルチビタミン DHA EPA L-シスチン 【公式】,12636,1,,
418951-20251219-3753190978,MALL_190959064,mall,2025/12/19 9:04:29,25272,クレジットカード,,完了,0,,楽天市場,,70169-00000054,P3_01,nmn サプリメント 日本製 9000mg (1包300mg) 30日分 P3 ヒカル 高純度99.9% サーチュイン 遺伝子 亜鉛 マルチビタミン DHA EPA L-シスチン 【公式】,nmn サプリメント 日本製 9000mg (1包300mg) 30日分 P3 ヒカル 高純度99.9% サーチュイン 遺伝子 亜鉛 マルチビタミン DHA EPA L-シスチン 【公式】,12636,2,,
418951-20251219-0940546881,MALL_193909495,mall,2025/12/19 11:20:25,14040,クレジットカード,,完了,0,,楽天市場,,70169-00000054,P3_01,nmn サプリメント 日本製 9000mg (1包300mg) 30日分 P3 ヒカル 高純度99.9% サーチュイン 遺伝子 亜鉛 マルチビタミン DHA EPA L-シスチン 【公式】,nmn サプリメント 日本製 9000mg (1包300mg) 30日分 P3 ヒカル 高純度99.9% サーチュイン 遺伝子 亜鉛 マルチビタミン DHA EPA L-シスチン 【公式】,14040,1,,
418951-20251219-3753488754,MALL_193919011,mall,2025/12/19 13:31:29,12636,後払い(楽天),,完了,0,,楽天市場,,70169-00000054,P3_01,nmn サプリメント 日本製 9000mg (1包300mg) 30日分 P3 ヒカル 高純度99.9% サーチュイン 遺伝子 亜鉛 マルチビタミン DHA EPA L-シスチン 【公式】,nmn サプリメント 日本製 9000mg (1包300mg) 30日分 P3 ヒカル 高純度99.9% サーチュイン 遺伝子 亜鉛 マルチビタミン DHA EPA L-シスチン 【公式】,12636,1,,
418951-20251219-0132047154,MALL_193957431,mall,2025/12/19 21:07:38,14040,クレジットカード,,完了,0,,楽天市場,,70169-00000054,P3_01,nmn サプリメント 日本製 9000mg (1包300mg) 30日分 P3 ヒカル 高純度99.9% サーチュイン 遺伝子 亜鉛 マルチビタミン DHA EPA L-シスチン 【公式】,nmn サプリメント 日本製 9000mg (1包300mg) 30日分 P3 ヒカル 高純度99.9% サーチュイン 遺伝子 亜鉛 マルチビタミン DHA EPA L-シスチン 【公式】,14040,1,,
418951-20251219-0167247095,MALL_193960366,mall,2025/12/19 21:23:32,14040,クレジットカード,,完了,0,,楽天市場,,70169-00000054,P3_01,nmn サプリメント 日本製 9000mg (1包300mg) 30日分 P3 ヒカル 高純度99.9% サーチュイン 遺伝子 亜鉛 マルチビタミン DHA EPA L-シスチン 【公式】,nmn サプリメント 日本製 9000mg (1包300mg) 30日分 P3 ヒカル 高純度99.9% サーチュイン 遺伝子 亜鉛 マルチビタミン DHA EPA L-シスチン 【公式】,14040,1,,
ladder-shop-10000256,MALL_193984944,mall,2025/12/20 0:18:03,37900,PayPay,,完了,0,,Yahoo!ショッピング,,70169-00000056,P3_3set,P3 サプリ nmn 日本製 お得3箱セット ヒカル｜公式 正規品｜ニコチンアミドモノヌクレオチド トランスレスベラトロール DHA EPA L-シスチン,P3 サプリ nmn 日本製 お得3箱セット ヒカル｜公式 正規品｜ニコチンアミドモノヌクレオチド トランスレスベラトロール DHA EPA L-シスチン,37900,1,,
418951-20251220-3754948657,MALL_193990697,mall,2025/12/20 1:04:34,25272,クレジットカード,,完了,0,,楽天市場,,70169-00000054,P3_01,nmn サプリメント 日本製 9000mg (1包300mg) 30日分 P3 ヒカル 高純度99.9% サーチュイン 遺伝子 亜鉛 マルチビタミン DHA EPA L-シスチン 【公式】,nmn サプリメント 日本製 9000mg (1包300mg) 30日分 P3 ヒカル 高純度99.9% サーチュイン 遺伝子 亜鉛 マルチビタミン DHA EPA L-シスチン 【公式】,12636,2,,
ladder-shop-10000257,MALL_193992551,mall,2025/12/20 1:28:18,26600,クレジットカード,,完了,0,,Yahoo!ショッピング,,70169-00000055,P3_2set,P3 サプリ nmn 日本製 お得2箱セット ヒカル｜公式 正規品｜ニコチンアミドモノヌクレオチド トランスレスベラトロール DHA EPA L-シスチン,P3 サプリ nmn 日本製 お得2箱セット ヒカル｜公式 正規品｜ニコチンアミドモノヌクレオチド トランスレスベラトロール DHA EPA L-シスチン,26600,1,,
418951-20251220-3755056185,MALL_193995211,mall,2025/12/20 2:19:23,12636,クレジットカード,,完了,0,,楽天市場,,70169-00000054,P3_01,【定期購入】【1箱から継続中ずっと10％OFF】P3 NMNパーフェクトサプリメント1箱 ヒカル サプリ 日本製 9000mg (1包300mg) 30日分 高純度99.9% サーチュイン 遺伝子 亜鉛 マルチビタミン DHA EPA L-シスチン 【公式】,【定期購入】【1箱から継続中ずっと10％OFF】P3 NMNパーフェクトサプリメント1箱 ヒカル サプリ 日本製 9000mg (1包300mg) 30日分 高純度99.9% サーチュイン 遺伝子 亜鉛 マルチビタミン DHA EPA L-シスチン 【公式】,12636,1,,
418951-20251220-3755062177,MALL_193995592,mall,2025/12/20 2:28:22,12636,クレジットカード,,完了,0,,楽天市場,,70169-00000054,P3_01,【定期購入】【1箱から継続中ずっと10％OFF】P3 NMNパーフェクトサプリメント1箱 ヒカル サプリ 日本製 9000mg (1包300mg) 30日分 高純度99.9% サーチュイン 遺伝子 亜鉛 マルチビタミン DHA EPA L-シスチン 【公式】,【定期購入】【1箱から継続中ずっと10％OFF】P3 NMNパーフェクトサプリメント1箱 ヒカル サプリ 日本製 9000mg (1包300mg) 30日分 高純度99.9% サーチュイン 遺伝子 亜鉛 マルチビタミン DHA EPA L-シスチン 【公式】,12636,1,,
418951-20251220-3755062284,MALL_193995595,mall,2025/12/20 2:28:22,12636,クレジットカード,,完了,0,,楽天市場,,70169-00000054,P3_01,【定期購入】【1箱から継続中ずっと10％OFF】P3 NMN サプリメント1箱 日本製 9000mg (1包300mg) 30日分 ヒカル サプリ 高純度99.9% 亜鉛 マルチビタミン DHA EPA L-シスチン 【公式】,【定期購入】【1箱から継続中ずっと10％OFF】P3 NMN サプリメント1箱 日本製 9000mg (1包300mg) 30日分 ヒカル サプリ 高純度99.9% 亜鉛 マルチビタミン DHA EPA L-シスチン 【公式】,12636,1,,
418951-20251220-3755071388,MALL_192192271,mall,2025/12/20 2:40:22,4276,クレジットカード,,完了,0,,楽天市場,,70169-00000163,p3_booster_01,P3 ブースターゼリー 1箱30包入り ヒカル P3 NMN 補給サポート ラクチュロースシロップ 菊の花エキス 植物性ナノ型乳酸菌 エクソソームプラセンタ 配合【公式】,P3 ブースターゼリー 1箱30包入り ヒカル P3 NMN 補給サポート ラクチュロースシロップ 菊の花エキス 植物性ナノ型乳酸菌 エクソソームプラセンタ 配合【公式】,4276,1,,
418951-20251220-3755087699,MALL_193996717,mall,2025/12/20 2:58:25,12636,クレジットカード,,完了,0,,楽天市場,,70169-00000054,P3_01,nmn サプリメント 日本製 9000mg (1包300mg) 30日分 ヒカル P3 高純度99.9% サーチュイン 遺伝子 亜鉛 マルチビタミン DHA EPA L-シスチン 【公式】,nmn サプリメント 日本製 9000mg (1包300mg) 30日分 ヒカル P3 高純度99.9% サーチュイン 遺伝子 亜鉛 マルチビタミン DHA EPA L-シスチン 【公式】,12636,1,,
418951-20251220-3755087710,MALL_193996722,mall,2025/12/20 2:58:25,12636,クレジットカード,,完了,0,,楽天市場,,70169-00000054,P3_01,nmn サプリメント 日本製 9000mg (1包300mg) 30日分 ヒカル P3 高純度99.9% サーチュイン 遺伝子 亜鉛 マルチビタミン DHA EPA L-シスチン 【公式】,nmn サプリメント 日本製 9000mg (1包300mg) 30日分 ヒカル P3 高純度99.9% サーチュイン 遺伝子 亜鉛 マルチビタミン DHA EPA L-シスチン 【公式】,12636,1,,
418951-20251220-3755088236,MALL_193182098,mall,2025/12/20 3:07:22,12636,クレジットカード,,完了,0,,楽天市場,,70169-00000054,P3_01,nmn サプリメント 日本製 9000mg (1包300mg) 30日分 ヒカル P3 高純度99.9% サーチュイン 遺伝子 亜鉛 マルチビタミン DHA EPA L-シスチン 【公式】,nmn サプリメント 日本製 9000mg (1包300mg) 30日分 ヒカル P3 高純度99.9% サーチュイン 遺伝子 亜鉛 マルチビタミン DHA EPA L-シスチン 【公式】,12636,1,,
418951-20251220-3755111829,MALL_193997914,mall,2025/12/20 3:37:21,12636,クレジットカード,,完了,0,,楽天市場,,70169-00000054,P3_01,nmn サプリメント 日本製 9000mg (1包300mg) 30日分 P3 ヒカル 高純度99.9% サーチュイン 遺伝子 亜鉛 マルチビタミン DHA EPA L-シスチン 【公式】,nmn サプリメント 日本製 9000mg (1包300mg) 30日分 P3 ヒカル 高純度99.9% サーチュイン 遺伝子 亜鉛 マルチビタミン DHA EPA L-シスチン 【公式】,12636,1,,
418951-20251220-0635646989,MALL_194001831,mall,2025/12/20 6:00:50,14040,コンビニ決済,,完了,0,,楽天市場,,70169-00000054,P3_01,nmn サプリメント 日本製 9000mg (1包300mg) 30日分 P3 ヒカル 高純度99.9% サーチュイン 遺伝子 亜鉛 マルチビタミン DHA EPA L-シスチン 【公式】,nmn サプリメント 日本製 9000mg (1包300mg) 30日分 P3 ヒカル 高純度99.9% サーチュイン 遺伝子 亜鉛 マルチビタミン DHA EPA L-シスチン 【公式】,14040,1,,
418951-20251220-0582147029,MALL_194006690,mall,2025/12/20 7:16:21,14040,クレジットカード,,完了,0,,楽天市場,,70169-00000054,P3_01,nmn サプリメント 日本製 9000mg (1包300mg) 30日分 P3 ヒカル 高純度99.9% サーチュイン 遺伝子 亜鉛 マルチビタミン DHA EPA L-シスチン 【公式】,nmn サプリメント 日本製 9000mg (1包300mg) 30日分 P3 ヒカル 高純度99.9% サーチュイン 遺伝子 亜鉛 マルチビタミン DHA EPA L-シスチン 【公式】,14040,1,,
418951-20251220-0555647068,MALL_194007804,mall,2025/12/20 7:28:02,17800,クレジットカード,,完了,0,,楽天市場,,70169-00000178,P3_boosterset,nmn サプリメント 日本製 9000mg (1包300mg) 30日分 P3 ヒカル 高純度99.9% サーチュイン 遺伝子 亜鉛 マルチビタミン DHA EPA L-シスチン 【公式】,nmn サプリメント 日本製 9000mg (1包300mg) 30日分 P3 ヒカル 高純度99.9% サーチュイン 遺伝子 亜鉛 マルチビタミン DHA EPA L-シスチン 【公式】,17800,1,,
418951-20251220-0555647068,MALL_194007804,mall,2025/12/20 7:28:02,17800,クレジットカード,,完了,0,,楽天市場,,70169-00000178,P3_boosterset,nmn サプリメント 日本製 9000mg (1包300mg) 30日分 P3 ヒカル 高純度99.9% サーチュイン 遺伝子 亜鉛 マルチビタミン DHA EPA L-シスチン 【公式】,nmn サプリメント 日本製 9000mg (1包300mg) 30日分 P3 ヒカル 高純度99.9% サーチュイン 遺伝子 亜鉛 マルチビタミン DHA EPA L-シスチン 【公式】,17800,1,,
418951-20251220-3755350464,MALL_194009847,mall,2025/12/20 7:46:34,12636,クレジットカード,,完了,0,,楽天市場,,70169-00000054,P3_01,nmn サプリメント 日本製 9000mg (1包300mg) 30日分 P3 ヒカル 高純度99.9% サーチュイン 遺伝子 亜鉛 マルチビタミン DHA EPA L-シスチン 【公式】,nmn サプリメント 日本製 9000mg (1包300mg) 30日分 P3 ヒカル 高純度99.9% サーチュイン 遺伝子 亜鉛 マルチビタミン DHA EPA L-シスチン 【公式】,12636,1,,
418951-20251220-0532147167,MALL_194015933,mall,2025/12/20 8:34:40,37900,クレジットカード,,完了,0,,楽天市場,,70169-00000056,P3_3set,NMNサプリメント 日本製 国産 9000mg (1包300mg) P3 お得3箱セット ヒカル 高純度99.9% サーチュイン 遺伝子 亜鉛 マルチビタミン DHA EPA L-シスチン 【公式】,NMNサプリメント 日本製 国産 9000mg (1包300mg) P3 お得3箱セット ヒカル 高純度99.9% サーチュイン 遺伝子 亜鉛 マルチビタミン DHA EPA L-シスチン 【公式】,37900,1,,
418951-20251220-0665047055,MALL_194019010,mall,2025/12/20 8:53:25,17800,後払い(楽天),,完了,0,,楽天市場,,70169-00000178,P3_boosterset,nmn サプリメント 日本製 9000mg (1包300mg) 30日分 P3 ヒカル 高純度99.9% サーチュイン 遺伝子 亜鉛 マルチビタミン DHA EPA L-シスチン 【公式】,nmn サプリメント 日本製 9000mg (1包300mg) 30日分 P3 ヒカル 高純度99.9% サーチュイン 遺伝子 亜鉛 マルチビタミン DHA EPA L-シスチン 【公式】,17800,1,,
418951-20251220-0665047055,MALL_194019010,mall,2025/12/20 8:53:25,17800,後払い(楽天),,完了,0,,楽天市場,,70169-00000178,P3_boosterset,nmn サプリメント 日本製 9000mg (1包300mg) 30日分 P3 ヒカル 高純度99.9% サーチュイン 遺伝子 亜鉛 マルチビタミン DHA EPA L-シスチン 【公式】,nmn サプリメント 日本製 9000mg (1包300mg) 30日分 P3 ヒカル 高純度99.9% サーチュイン 遺伝子 亜鉛 マルチビタミン DHA EPA L-シスチン 【公式】,17800,1,,
418951-20251220-3755545712,MALL_194019862,mall,2025/12/20 8:59:12,12636,クレジットカード,,完了,0,,楽天市場,,70169-00000054,P3_01,nmn サプリメント 日本製 9000mg (1包300mg) 30日分 P3 ヒカル 高純度99.9% サーチュイン 遺伝子 亜鉛 マルチビタミン DHA EPA L-シスチン 【公式】,nmn サプリメント 日本製 9000mg (1包300mg) 30日分 P3 ヒカル 高純度99.9% サーチュイン 遺伝子 亜鉛 マルチビタミン DHA EPA L-シスチン 【公式】,12636,1,,
418951-20251220-0774446988,MALL_194025225,mall,2025/12/20 9:34:36,37900,クレジットカード,,完了,0,,楽天市場,,70169-00000056,P3_3set,NMNサプリメント 日本製 国産 9000mg (1包300mg) P3 お得3箱セット ヒカル 高純度99.9% サーチュイン 遺伝子 亜鉛 マルチビタミン DHA EPA L-シスチン 【公式】,NMNサプリメント 日本製 国産 9000mg (1包300mg) P3 お得3箱セット ヒカル 高純度99.9% サーチュイン 遺伝子 亜鉛 マルチビタミン DHA EPA L-シスチン 【公式】,37900,1,,
ladder-shop-10000258,MALL_194027443,mall,2025/12/20 9:48:10,12636,PayPayあと払い,,完了,0,,Yahoo!ショッピング,,70169-00000054,P3_01,P3 nmn サプリ メント 日本製 ヒカル｜公式 正規品｜ニコチンアミドモノヌクレオチド トランスレスベラトロール DHA EPA L-シスチン,P3 nmn サプリ メント 日本製 ヒカル｜公式 正規品｜ニコチンアミドモノヌクレオチド トランスレスベラトロール DHA EPA L-シスチン,12636,1,,
418951-20251220-0698047129,MALL_191824938,mall,2025/12/20 10:08:52,14040,クレジットカード,,完了,0,,楽天市場,,70169-00000054,P3_01,nmn サプリメント 日本製 9000mg (1包300mg) 30日分 P3 ヒカル 高純度99.9% サーチュイン 遺伝子 亜鉛 マルチビタミン DHA EPA L-シスチン 【公式】,nmn サプリメント 日本製 9000mg (1包300mg) 30日分 P3 ヒカル 高純度99.9% サーチュイン 遺伝子 亜鉛 マルチビタミン DHA EPA L-シスチン 【公式】,14040,1,,
418951-20251220-0775547028,MALL_194037177,mall,2025/12/20 10:47:09,14040,クレジットカード,,完了,0,,楽天市場,,70169-00000054,P3_01,nmn サプリメント 日本製 9000mg (1包300mg) 30日分 P3 ヒカル 高純度99.9% サーチュイン 遺伝子 亜鉛 マルチビタミン DHA EPA L-シスチン 【公式】,nmn サプリメント 日本製 9000mg (1包300mg) 30日分 P3 ヒカル 高純度99.9% サーチュイン 遺伝子 亜鉛 マルチビタミン DHA EPA L-シスチン 【公式】,14040,1,,
418951-20251220-0814347033,MALL_194040215,mall,2025/12/20 11:04:50,14040,クレジットカード,,完了,0,,楽天市場,,70169-00000054,P3_01,nmn サプリメント 日本製 9000mg (1包300mg) 30日分 P3 ヒカル 高純度99.9% サーチュイン 遺伝子 亜鉛 マルチビタミン DHA EPA L-シスチン 【公式】,nmn サプリメント 日本製 9000mg (1包300mg) 30日分 P3 ヒカル 高純度99.9% サーチュイン 遺伝子 亜鉛 マルチビタミン DHA EPA L-シスチン 【公式】,14040,1,,
418951-20251220-0720247176,MALL_194042669,mall,2025/12/20 11:13:22,14040,クレジットカード,,完了,0,,楽天市場,,70169-00000054,P3_01,nmn サプリメント 日本製 9000mg (1包300mg) 30日分 P3 ヒカル 高純度99.9% サーチュイン 遺伝子 亜鉛 マルチビタミン DHA EPA L-シスチン 【公式】,nmn サプリメント 日本製 9000mg (1包300mg) 30日分 P3 ヒカル 高純度99.9% サーチュイン 遺伝子 亜鉛 マルチビタミン DHA EPA L-シスチン 【公式】,14040,1,,
418951-20251220-0808447067,MALL_190652347,mall,2025/12/20 11:32:09,14040,クレジットカード,,完了,0,,楽天市場,,70169-00000054,P3_01,nmn サプリメント 日本製 9000mg (1包300mg) 30日分 P3 ヒカル 高純度99.9% サーチュイン 遺伝子 亜鉛 マルチビタミン DHA EPA L-シスチン 【公式】,nmn サプリメント 日本製 9000mg (1包300mg) 30日分 P3 ヒカル 高純度99.9% サーチュイン 遺伝子 亜鉛 マルチビタミン DHA EPA L-シスチン 【公式】,14040,1,,
418951-20251220-0800047059,MALL_190963992,mall,2025/12/20 11:35:56,14040,クレジットカード,,完了,0,,楽天市場,,70169-00000054,P3_01,nmn サプリメント 日本製 9000mg (1包300mg) 30日分 P3 ヒカル 高純度99.9% サーチュイン 遺伝子 亜鉛 マルチビタミン DHA EPA L-シスチン 【公式】,nmn サプリメント 日本製 9000mg (1包300mg) 30日分 P3 ヒカル 高純度99.9% サーチュイン 遺伝子 亜鉛 マルチビタミン DHA EPA L-シスチン 【公式】,14040,1,,
418951-20251220-0887047048,MALL_191886529,mall,2025/12/20 12:26:51,26600,クレジットカード,,完了,0,,楽天市場,,70169-00000055,P3_2set,nmn サプリ 日本製 国産 サプリメント 9000mg (1包300mg) P3 お得2箱セット ヒカル 高純度99.9% サーチュイン 遺伝子 亜鉛 マルチビタミン DHA EPA L-シスチン 【公式】,nmn サプリ 日本製 国産 サプリメント 9000mg (1包300mg) P3 お得2箱セット ヒカル 高純度99.9% サーチュイン 遺伝子 亜鉛 マルチビタミン DHA EPA L-シスチン 【公式】,26600,1,,
418951-20251220-0794647173,MALL_194057835,mall,2025/12/20 12:51:50,14040,クレジットカード,,完了,0,,楽天市場,,70169-00000054,P3_01,nmn サプリメント 日本製 9000mg (1包300mg) 30日分 P3 ヒカル 高純度99.9% サーチュイン 遺伝子 亜鉛 マルチビタミン DHA EPA L-シスチン 【公式】,nmn サプリメント 日本製 9000mg (1包300mg) 30日分 P3 ヒカル 高純度99.9% サーチュイン 遺伝子 亜鉛 マルチビタミン DHA EPA L-シスチン 【公式】,14040,1,,
418951-20251220-0996347006,MALL_194061571,mall,2025/12/20 13:17:08,28080,クレジットカード,,完了,0,,楽天市場,,70169-00000054,P3_01,nmn サプリメント 日本製 9000mg (1包300mg) 30日分 P3 ヒカル 高純度99.9% サーチュイン 遺伝子 亜鉛 マルチビタミン DHA EPA L-シスチン 【公式】,nmn サプリメント 日本製 9000mg (1包300mg) 30日分 P3 ヒカル 高純度99.9% サーチュイン 遺伝子 亜鉛 マルチビタミン DHA EPA L-シスチン 【公式】,14040,2,,
418951-20251220-0793447172,MALL_194062617,mall,2025/12/20 13:24:05,28080,クレジットカード,,完了,0,,楽天市場,,70169-00000054,P3_01,nmn サプリメント 日本製 9000mg (1包300mg) 30日分 P3 ヒカル 高純度99.9% サーチュイン 遺伝子 亜鉛 マルチビタミン DHA EPA L-シスチン 【公式】,nmn サプリメント 日本製 9000mg (1包300mg) 30日分 P3 ヒカル 高純度99.9% サーチュイン 遺伝子 亜鉛 マルチビタミン DHA EPA L-シスチン 【公式】,14040,2,,
418951-20251220-0972547048,MALL_191876553,mall,2025/12/20 13:42:11,14040,クレジットカード,,完了,0,,楽天市場,,70169-00000054,P3_01,nmn サプリメント 日本製 9000mg (1包300mg) 30日分 P3 ヒカル 高純度99.9% サーチュイン 遺伝子 亜鉛 マルチビタミン DHA EPA L-シスチン 【公式】,nmn サプリメント 日本製 9000mg (1包300mg) 30日分 P3 ヒカル 高純度99.9% サーチュイン 遺伝子 亜鉛 マルチビタミン DHA EPA L-シスチン 【公式】,14040,1,,
418951-20251220-0127447196,MALL_191918050,mall,2025/12/20 14:09:27,28080,クレジットカード,,完了,0,,楽天市場,,70169-00000054,P3_01,nmn サプリメント 日本製 9000mg (1包300mg) 30日分 P3 ヒカル 高純度99.9% サーチュイン 遺伝子 亜鉛 マルチビタミン DHA EPA L-シスチン 【公式】,nmn サプリメント 日本製 9000mg (1包300mg) 30日分 P3 ヒカル 高純度99.9% サーチュイン 遺伝子 亜鉛 マルチビタミン DHA EPA L-シスチン 【公式】,14040,2,,
418951-20251220-0901347181,MALL_194076893,mall,2025/12/20 15:00:24,14040,クレジットカード,,完了,0,,楽天市場,,70169-00000054,P3_01,nmn サプリメント 日本製 9000mg (1包300mg) 30日分 P3 ヒカル 高純度99.9% サーチュイン 遺伝子 亜鉛 マルチビタミン DHA EPA L-シスチン 【公式】,nmn サプリメント 日本製 9000mg (1包300mg) 30日分 P3 ヒカル 高純度99.9% サーチュイン 遺伝子 亜鉛 マルチビタミン DHA EPA L-シスチン 【公式】,14040,1,,
418951-20251220-0036747289,MALL_194077843,mall,2025/12/20 15:07:13,17800,クレジットカード,,完了,0,,楽天市場,,70169-00000178,P3_boosterset,nmn サプリメント 日本製 9000mg (1包300mg) 30日分 P3 ヒカル 高純度99.9% サーチュイン 遺伝子 亜鉛 マルチビタミン DHA EPA L-シスチン 【公式】,nmn サプリメント 日本製 9000mg (1包300mg) 30日分 P3 ヒカル 高純度99.9% サーチュイン 遺伝子 亜鉛 マルチビタミン DHA EPA L-シスチン 【公式】,17800,1,,
418951-20251220-0036747289,MALL_194077843,mall,2025/12/20 15:07:13,17800,クレジットカード,,完了,0,,楽天市場,,70169-00000178,P3_boosterset,nmn サプリメント 日本製 9000mg (1包300mg) 30日分 P3 ヒカル 高純度99.9% サーチュイン 遺伝子 亜鉛 マルチビタミン DHA EPA L-シスチン 【公式】,nmn サプリメント 日本製 9000mg (1包300mg) 30日分 P3 ヒカル 高純度99.9% サーチュイン 遺伝子 亜鉛 マルチビタミン DHA EPA L-シスチン 【公式】,17800,1,,
418951-20251220-0080347267,MALL_191430406,mall,2025/12/20 15:24:43,26600,クレジットカード,,完了,0,,楽天市場,,70169-00000055,P3_2set,nmn サプリ 日本製 国産 サプリメント 9000mg (1包300mg) P3 お得2箱セット ヒカル 高純度99.9% サーチュイン 遺伝子 亜鉛 マルチビタミン DHA EPA L-シスチン 【公式】,nmn サプリ 日本製 国産 サプリメント 9000mg (1包300mg) P3 お得2箱セット ヒカル 高純度99.9% サーチュイン 遺伝子 亜鉛 マルチビタミン DHA EPA L-シスチン 【公式】,26600,1,,
418951-20251220-0953747164,MALL_194081526,mall,2025/12/20 15:33:39,14040,クレジットカード,,完了,0,,楽天市場,,70169-00000054,P3_01,nmn サプリメント 日本製 9000mg (1包300mg) 30日分 P3 ヒカル 高純度99.9% サーチュイン 遺伝子 亜鉛 マルチビタミン DHA EPA L-シスチン 【公式】,nmn サプリメント 日本製 9000mg (1包300mg) 30日分 P3 ヒカル 高純度99.9% サーチュイン 遺伝子 亜鉛 マルチビタミン DHA EPA L-シスチン 【公式】,14040,1,,
418951-20251220-0067947356,MALL_194093228,mall,2025/12/20 16:56:03,14040,クレジットカード,,完了,0,,楽天市場,,70169-00000054,P3_01,nmn サプリメント 日本製 9000mg (1包300mg) 30日分 P3 ヒカル 高純度99.9% サーチュイン 遺伝子 亜鉛 マルチビタミン DHA EPA L-シスチン 【公式】,nmn サプリメント 日本製 9000mg (1包300mg) 30日分 P3 ヒカル 高純度99.9% サーチュイン 遺伝子 亜鉛 マルチビタミン DHA EPA L-シスチン 【公式】,14040,1,,
418951-20251220-0219347248,MALL_194095941,mall,2025/12/20 17:13:39,28080,クレジットカード,,完了,0,,楽天市場,,70169-00000054,P3_01,nmn サプリメント 日本製 9000mg (1包300mg) 30日分 P3 ヒカル 高純度99.9% サーチュイン 遺伝子 亜鉛 マルチビタミン DHA EPA L-シスチン 【公式】,nmn サプリメント 日本製 9000mg (1包300mg) 30日分 P3 ヒカル 高純度99.9% サーチュイン 遺伝子 亜鉛 マルチビタミン DHA EPA L-シスチン 【公式】,14040,2,,
418951-20251220-0171547351,MALL_191226500,mall,2025/12/20 18:20:59,14040,クレジットカード,,完了,0,,楽天市場,,70169-00000054,P3_01,nmn サプリメント 日本製 9000mg (1包300mg) 30日分 P3 ヒカル 高純度99.9% サーチュイン 遺伝子 亜鉛 マルチビタミン DHA EPA L-シスチン 【公式】,nmn サプリメント 日本製 9000mg (1包300mg) 30日分 P3 ヒカル 高純度99.9% サーチュイン 遺伝子 亜鉛 マルチビタミン DHA EPA L-シスチン 【公式】,14040,1,,
418951-20251220-0252447368,MALL_191915606,mall,2025/12/20 19:54:29,14040,クレジットカード,,完了,0,,楽天市場,,70169-00000054,P3_01,nmn サプリメント 日本製 9000mg (1包300mg) 30日分 P3 ヒカル 高純度99.9% サーチュイン 遺伝子 亜鉛 マルチビタミン DHA EPA L-シスチン 【公式】,nmn サプリメント 日本製 9000mg (1包300mg) 30日分 P3 ヒカル 高純度99.9% サーチュイン 遺伝子 亜鉛 マルチビタミン DHA EPA L-シスチン 【公式】,14040,1,,
418951-20251220-0361547325,MALL_194125385,mall,2025/12/20 20:13:19,14040,クレジットカード,,完了,0,,楽天市場,,70169-00000054,P3_01,nmn サプリメント 日本製 9000mg (1包300mg) 30日分 P3 ヒカル 高純度99.9% サーチュイン 遺伝子 亜鉛 マルチビタミン DHA EPA L-シスチン 【公式】,nmn サプリメント 日本製 9000mg (1包300mg) 30日分 P3 ヒカル 高純度99.9% サーチュイン 遺伝子 亜鉛 マルチビタミン DHA EPA L-シスチン 【公式】,14040,1,,
418951-20251220-0318447375,MALL_192121885,mall,2025/12/20 20:46:17,14040,クレジットカード,,完了,0,,楽天市場,,70169-00000054,P3_01,nmn サプリメント 日本製 9000mg (1包300mg) 30日分 P3 ヒカル 高純度99.9% サーチュイン 遺伝子 亜鉛 マルチビタミン DHA EPA L-シスチン 【公式】,nmn サプリメント 日本製 9000mg (1包300mg) 30日分 P3 ヒカル 高純度99.9% サーチュイン 遺伝子 亜鉛 マルチビタミン DHA EPA L-シスチン 【公式】,14040,1,,
418951-20251220-0644947205,MALL_194138361,mall,2025/12/20 21:10:09,14040,クレジットカード,,完了,0,,楽天市場,,70169-00000054,P3_01,nmn サプリメント 日本製 9000mg (1包300mg) 30日分 P3 ヒカル 高純度99.9% サーチュイン 遺伝子 亜鉛 マルチビタミン DHA EPA L-シスチン 【公式】,nmn サプリメント 日本製 9000mg (1包300mg) 30日分 P3 ヒカル 高純度99.9% サーチュイン 遺伝子 亜鉛 マルチビタミン DHA EPA L-シスチン 【公式】,14040,1,,
418951-20251220-0588347274,MALL_191993642,mall,2025/12/20 21:38:22,14040,クレジットカード,,完了,0,,楽天市場,,70169-00000054,P3_01,nmn サプリメント 日本製 9000mg (1包300mg) 30日分 P3 ヒカル 高純度99.9% サーチュイン 遺伝子 亜鉛 マルチビタミン DHA EPA L-シスチン 【公式】,nmn サプリメント 日本製 9000mg (1包300mg) 30日分 P3 ヒカル 高純度99.9% サーチュイン 遺伝子 亜鉛 マルチビタミン DHA EPA L-シスチン 【公式】,14040,1,,
418951-20251220-0733647209,MALL_194148061,mall,2025/12/20 21:47:36,37900,クレジットカード,,完了,0,,楽天市場,,70169-00000056,P3_3set,NMNサプリメント 日本製 国産 9000mg (1包300mg) P3 お得3箱セット ヒカル 高純度99.9% サーチュイン 遺伝子 亜鉛 マルチビタミン DHA EPA L-シスチン 【公式】,NMNサプリメント 日本製 国産 9000mg (1包300mg) P3 お得3箱セット ヒカル 高純度99.9% サーチュイン 遺伝子 亜鉛 マルチビタミン DHA EPA L-シスチン 【公式】,37900,1,,
418951-20251220-0723947220,MALL_192643686,mall,2025/12/20 22:08:50,14040,クレジットカード,,完了,0,,楽天市場,,70169-00000054,P3_01,nmn サプリメント 日本製 9000mg (1包300mg) 30日分 P3 ヒカル 高純度99.9% サーチュイン 遺伝子 亜鉛 マルチビタミン DHA EPA L-シスチン 【公式】,nmn サプリメント 日本製 9000mg (1包300mg) 30日分 P3 ヒカル 高純度99.9% サーチュイン 遺伝子 亜鉛 マルチビタミン DHA EPA L-シスチン 【公式】,14040,1,,
418951-20251220-0596447313,MALL_194156200,mall,2025/12/20 22:16:33,14040,クレジットカード,,完了,0,,楽天市場,,70169-00000054,P3_01,nmn サプリメント 日本製 9000mg (1包300mg) 30日分 P3 ヒカル 高純度99.9% サーチュイン 遺伝子 亜鉛 マルチビタミン DHA EPA L-シスチン 【公式】,nmn サプリメント 日本製 9000mg (1包300mg) 30日分 P3 ヒカル 高純度99.9% サーチュイン 遺伝子 亜鉛 マルチビタミン DHA EPA L-シスチン 【公式】,14040,1,,
418951-20251220-0521647382,MALL_194157915,mall,2025/12/20 22:22:36,14040,クレジットカード,,完了,0,,楽天市場,,70169-00000054,P3_01,nmn サプリメント 日本製 9000mg (1包300mg) 30日分 P3 ヒカル 高純度99.9% サーチュイン 遺伝子 亜鉛 マルチビタミン DHA EPA L-シスチン 【公式】,nmn サプリメント 日本製 9000mg (1包300mg) 30日分 P3 ヒカル 高純度99.9% サーチュイン 遺伝子 亜鉛 マルチビタミン DHA EPA L-シスチン 【公式】,14040,1,,
418951-20251220-0639547303,MALL_191938880,mall,2025/12/20 22:30:30,14040,クレジットカード,,完了,0,,楽天市場,,70169-00000054,P3_01,nmn サプリメント 日本製 9000mg (1包300mg) 30日分 P3 ヒカル 高純度99.9% サーチュイン 遺伝子 亜鉛 マルチビタミン DHA EPA L-シスチン 【公式】,nmn サプリメント 日本製 9000mg (1包300mg) 30日分 P3 ヒカル 高純度99.9% サーチュイン 遺伝子 亜鉛 マルチビタミン DHA EPA L-シスチン 【公式】,14040,1,,
418951-20251220-0561447365,MALL_194161139,mall,2025/12/20 22:33:34,14040,クレジットカード,,完了,0,,楽天市場,,70169-00000054,P3_01,nmn サプリメント 日本製 9000mg (1包300mg) 30日分 P3 ヒカル 高純度99.9% サーチュイン 遺伝子 亜鉛 マルチビタミン DHA EPA L-シスチン 【公式】,nmn サプリメント 日本製 9000mg (1包300mg) 30日分 P3 ヒカル 高純度99.9% サーチュイン 遺伝子 亜鉛 マルチビタミン DHA EPA L-シスチン 【公式】,14040,1,,
418951-20251220-0845047217,MALL_194164889,mall,2025/12/20 22:46:36,14040,クレジットカード,,完了,0,,楽天市場,,70169-00000054,P3_01,nmn サプリメント 日本製 9000mg (1包300mg) 30日分 P3 ヒカル 高純度99.9% サーチュイン 遺伝子 亜鉛 マルチビタミン DHA EPA L-シスチン 【公式】,nmn サプリメント 日本製 9000mg (1包300mg) 30日分 P3 ヒカル 高純度99.9% サーチュイン 遺伝子 亜鉛 マルチビタミン DHA EPA L-シスチン 【公式】,14040,1,,
418951-20251220-0742247308,MALL_194177711,mall,2025/12/20 23:29:44,37900,クレジットカード,,完了,0,,楽天市場,,70169-00000056,P3_3set,NMNサプリメント 日本製 国産 9000mg (1包300mg) P3 お得3箱セット ヒカル 高純度99.9% サーチュイン 遺伝子 亜鉛 マルチビタミン DHA EPA L-シスチン 【公式】,NMNサプリメント 日本製 国産 9000mg (1包300mg) P3 お得3箱セット ヒカル 高純度99.9% サーチュイン 遺伝子 亜鉛 マルチビタミン DHA EPA L-シスチン 【公式】,37900,1,,
418951-20251220-0523147393,MALL_194181604,mall,2025/12/20 23:41:56,17800,クレジットカード,,完了,0,,楽天市場,,70169-00000178,P3_boosterset,nmn サプリメント 日本製 9000mg (1包300mg) 30日分 P3 ヒカル 高純度99.9% サーチュイン 遺伝子 亜鉛 マルチビタミン DHA EPA L-シスチン 【公式】,nmn サプリメント 日本製 9000mg (1包300mg) 30日分 P3 ヒカル 高純度99.9% サーチュイン 遺伝子 亜鉛 マルチビタミン DHA EPA L-シスチン 【公式】,17800,1,,
418951-20251220-0523147393,MALL_194181604,mall,2025/12/20 23:41:56,17800,クレジットカード,,完了,0,,楽天市場,,70169-00000178,P3_boosterset,nmn サプリメント 日本製 9000mg (1包300mg) 30日分 P3 ヒカル 高純度99.9% サーチュイン 遺伝子 亜鉛 マルチビタミン DHA EPA L-シスチン 【公式】,nmn サプリメント 日本製 9000mg (1包300mg) 30日分 P3 ヒカル 高純度99.9% サーチュイン 遺伝子 亜鉛 マルチビタミン DHA EPA L-シスチン 【公式】,17800,1,,
418951-20251220-0041247396,MALL_194182205,mall,2025/12/20 23:43:50,73200,クレジットカード,,完了,0,,楽天市場,,70169-00000150,P3_6set,【まとめセット最大割引11;040円OFF】nmn サプリ 日本製 国産 サプリメント 9000mg (1包300mg) P3 お得6箱セット ヒカル 高純度99.9% サーチュイン 遺伝子 亜鉛 マルチビタミン DHA EPA L-シスチン 【公式】,【まとめセット最大割引11;040円OFF】nmn サプリ 日本製 国産 サプリメント 9000mg (1包300mg) P3 お得6箱セット ヒカル 高純度99.9% サーチュイン 遺伝子 亜鉛 マルチビタミン DHA EPA L-シスチン 【公式】,73200,1,,
418951-20251220-0017047409,MALL_194183202,mall,2025/12/20 23:46:49,14040,クレジットカード,,完了,0,,楽天市場,,70169-00000054,P3_01,nmn サプリメント 日本製 9000mg (1包300mg) 30日分 P3 ヒカル 高純度99.9% サーチュイン 遺伝子 亜鉛 マルチビタミン DHA EPA L-シスチン 【公式】,nmn サプリメント 日本製 9000mg (1包300mg) 30日分 P3 ヒカル 高純度99.9% サーチュイン 遺伝子 亜鉛 マルチビタミン DHA EPA L-シスチン 【公式】,14040,1,,
418951-20251220-0929147237,MALL_194185085,mall,2025/12/20 23:51:45,17800,クレジットカード,,完了,0,,楽天市場,,70169-00000178,P3_boosterset,nmn サプリメント 日本製 9000mg (1包300mg) 30日分 P3 ヒカル 高純度99.9% サーチュイン 遺伝子 亜鉛 マルチビタミン DHA EPA L-シスチン 【公式】,nmn サプリメント 日本製 9000mg (1包300mg) 30日分 P3 ヒカル 高純度99.9% サーチュイン 遺伝子 亜鉛 マルチビタミン DHA EPA L-シスチン 【公式】,17800,1,,
418951-20251220-0929147237,MALL_194185085,mall,2025/12/20 23:51:45,17800,クレジットカード,,完了,0,,楽天市場,,70169-00000178,P3_boosterset,nmn サプリメント 日本製 9000mg (1包300mg) 30日分 P3 ヒカル 高純度99.9% サーチュイン 遺伝子 亜鉛 マルチビタミン DHA EPA L-シスチン 【公式】,nmn サプリメント 日本製 9000mg (1包300mg) 30日分 P3 ヒカル 高純度99.9% サーチュイン 遺伝子 亜鉛 マルチビタミン DHA EPA L-シスチン 【公式】,17800,1,,
418951-20251220-0914047235,MALL_194187370,mall,2025/12/20 23:57:03,37900,クレジットカード,,完了,0,,楽天市場,,70169-00000056,P3_3set,NMNサプリメント 日本製 国産 9000mg (1包300mg) P3 お得3箱セット ヒカル 高純度99.9% サーチュイン 遺伝子 亜鉛 マルチビタミン DHA EPA L-シスチン 【公式】,NMNサプリメント 日本製 国産 9000mg (1包300mg) P3 お得3箱セット ヒカル 高純度99.9% サーチュイン 遺伝子 亜鉛 マルチビタミン DHA EPA L-シスチン 【公式】,37900,1,,
418951-20251221-0866747281,MALL_194192618,mall,2025/12/21 0:25:31,14040,クレジットカード,,完了,0,,楽天市場,,70169-00000054,P3_01,nmn サプリメント 日本製 9000mg (1包300mg) 30日分 P3 ヒカル 高純度99.9% サーチュイン 遺伝子 亜鉛 マルチビタミン DHA EPA L-シスチン 【公式】,nmn サプリメント 日本製 9000mg (1包300mg) 30日分 P3 ヒカル 高純度99.9% サーチュイン 遺伝子 亜鉛 マルチビタミン DHA EPA L-シスチン 【公式】,14040,1,,
418951-20251221-0879347316,MALL_194192734,mall,2025/12/21 0:27:02,42120,クレジットカード,,完了,0,,楽天市場,,70169-00000054,P3_01,nmn サプリメント 日本製 9000mg (1包300mg) 30日分 P3 ヒカル 高純度99.9% サーチュイン 遺伝子 亜鉛 マルチビタミン DHA EPA L-シスチン 【公式】,nmn サプリメント 日本製 9000mg (1包300mg) 30日分 P3 ヒカル 高純度99.9% サーチュイン 遺伝子 亜鉛 マルチビタミン DHA EPA L-シスチン 【公式】,14040,3,,
418951-20251221-3759259744,MALL_194197669,mall,2025/12/21 2:19:21,12636,クレジットカード,,完了,0,,楽天市場,,70169-00000054,P3_01,【定期購入】【1箱から継続中ずっと10％OFF】P3 NMNパーフェクトサプリメント1箱 ヒカル サプリ 日本製 9000mg (1包300mg) 30日分 高純度99.9% サーチュイン 遺伝子 亜鉛 マルチビタミン DHA EPA L-シスチン 【公式】,【定期購入】【1箱から継続中ずっと10％OFF】P3 NMNパーフェクトサプリメント1箱 ヒカル サプリ 日本製 9000mg (1包300mg) 30日分 高純度99.9% サーチュイン 遺伝子 亜鉛 マルチビタミン DHA EPA L-シスチン 【公式】,12636,1,,
418951-20251221-3759259760,MALL_194197679,mall,2025/12/21 2:19:22,12636,クレジットカード,,完了,0,,楽天市場,,70169-00000054,P3_01,【定期購入】【1箱から継続中ずっと10％OFF】P3 NMNパーフェクトサプリメント1箱 ヒカル サプリ 日本製 9000mg (1包300mg) 30日分 高純度99.9% サーチュイン 遺伝子 亜鉛 マルチビタミン DHA EPA L-シスチン 【公式】,【定期購入】【1箱から継続中ずっと10％OFF】P3 NMNパーフェクトサプリメント1箱 ヒカル サプリ 日本製 9000mg (1包300mg) 30日分 高純度99.9% サーチュイン 遺伝子 亜鉛 マルチビタミン DHA EPA L-シスチン 【公式】,12636,1,,
418951-20251221-3759259808,MALL_194197684,mall,2025/12/21 2:19:22,12636,クレジットカード,,完了,0,,楽天市場,,70169-00000054,P3_01,【定期購入】【1箱から継続中ずっと10％OFF】P3 NMNパーフェクトサプリメント1箱 ヒカル サプリ 日本製 9000mg (1包300mg) 30日分 高純度99.9% サーチュイン 遺伝子 亜鉛 マルチビタミン DHA EPA L-シスチン 【公式】,【定期購入】【1箱から継続中ずっと10％OFF】P3 NMNパーフェクトサプリメント1箱 ヒカル サプリ 日本製 9000mg (1包300mg) 30日分 高純度99.9% サーチュイン 遺伝子 亜鉛 マルチビタミン DHA EPA L-シスチン 【公式】,12636,1,,
418951-20251221-3759259848,MALL_194197691,mall,2025/12/21 2:19:23,12636,クレジットカード,,完了,0,,楽天市場,,70169-00000054,P3_01,【定期購入】【1箱から継続中ずっと10％OFF】P3 NMNパーフェクトサプリメント1箱 ヒカル サプリ 日本製 9000mg (1包300mg) 30日分 高純度99.9% サーチュイン 遺伝子 亜鉛 マルチビタミン DHA EPA L-シスチン 【公式】,【定期購入】【1箱から継続中ずっと10％OFF】P3 NMNパーフェクトサプリメント1箱 ヒカル サプリ 日本製 9000mg (1包300mg) 30日分 高純度99.9% サーチュイン 遺伝子 亜鉛 マルチビタミン DHA EPA L-シスチン 【公式】,12636,1,,
418951-20251221-3759264005,MALL_194197969,mall,2025/12/21 2:29:02,12636,クレジットカード,,完了,0,,楽天市場,,70169-00000054,P3_01,【定期購入】【1箱から継続中ずっと10％OFF】P3 NMNパーフェクトサプリメント1箱 ヒカル サプリ 日本製 9000mg (1包300mg) 30日分 高純度99.9% サーチュイン 遺伝子 亜鉛 マルチビタミン DHA EPA L-シスチン 【公式】,【定期購入】【1箱から継続中ずっと10％OFF】P3 NMNパーフェクトサプリメント1箱 ヒカル サプリ 日本製 9000mg (1包300mg) 30日分 高純度99.9% サーチュイン 遺伝子 亜鉛 マルチビタミン DHA EPA L-シスチン 【公式】,12636,1,,
418951-20251221-3759273232,MALL_194198448,mall,2025/12/21 2:49:25,12636,クレジットカード,,完了,0,,楽天市場,,70169-00000054,P3_01,nmn サプリメント 日本製 9000mg (1包300mg) 30日分 ヒカル P3 高純度99.9% サーチュイン 遺伝子 亜鉛 マルチビタミン DHA EPA L-シスチン 【公式】,nmn サプリメント 日本製 9000mg (1包300mg) 30日分 ヒカル P3 高純度99.9% サーチュイン 遺伝子 亜鉛 マルチビタミン DHA EPA L-シスチン 【公式】,12636,1,,
418951-20251221-3759277848,MALL_194198610,mall,2025/12/21 2:58:23,12636,クレジットカード,,完了,0,,楽天市場,,70169-00000054,P3_01,nmn サプリメント 日本製 9000mg (1包300mg) 30日分 ヒカル P3 高純度99.9% サーチュイン 遺伝子 亜鉛 マルチビタミン DHA EPA L-シスチン 【公式】,nmn サプリメント 日本製 9000mg (1包300mg) 30日分 ヒカル P3 高純度99.9% サーチュイン 遺伝子 亜鉛 マルチビタミン DHA EPA L-シスチン 【公式】,12636,1,,
418951-20251221-3759278266,MALL_194199032,mall,2025/12/21 3:19:23,12636,クレジットカード,,完了,0,,楽天市場,,70169-00000054,P3_01,nmn サプリメント 日本製 9000mg (1包300mg) 30日分 P3 ヒカル 高純度99.9% サーチュイン 遺伝子 亜鉛 マルチビタミン DHA EPA L-シスチン 【公式】,nmn サプリメント 日本製 9000mg (1包300mg) 30日分 P3 ヒカル 高純度99.9% サーチュイン 遺伝子 亜鉛 マルチビタミン DHA EPA L-シスチン 【公式】,12636,1,,
418951-20251221-0851047337,MALL_194199598,mall,2025/12/21 3:53:32,14040,コンビニ決済,,完了,0,,楽天市場,,70169-00000054,P3_01,nmn サプリメント 日本製 9000mg (1包300mg) 30日分 P3 ヒカル 高純度99.9% サーチュイン 遺伝子 亜鉛 マルチビタミン DHA EPA L-シスチン 【公式】,nmn サプリメント 日本製 9000mg (1包300mg) 30日分 P3 ヒカル 高純度99.9% サーチュイン 遺伝子 亜鉛 マルチビタミン DHA EPA L-シスチン 【公式】,14040,1,,
418951-20251221-0860147359,MALL_194201448,mall,2025/12/21 6:02:58,14040,クレジットカード,,完了,0,,楽天市場,,70169-00000054,P3_01,nmn サプリメント 日本製 9000mg (1包300mg) 30日分 P3 ヒカル 高純度99.9% サーチュイン 遺伝子 亜鉛 マルチビタミン DHA EPA L-シスチン 【公式】,nmn サプリメント 日本製 9000mg (1包300mg) 30日分 P3 ヒカル 高純度99.9% サーチュイン 遺伝子 亜鉛 マルチビタミン DHA EPA L-シスチン 【公式】,14040,1,,
418951-20251221-0870447337,MALL_192417720,mall,2025/12/21 6:42:33,17800,クレジットカード,,完了,0,,楽天市場,,70169-00000178,P3_boosterset,nmn サプリメント 日本製 9000mg (1包300mg) 30日分 P3 ヒカル 高純度99.9% サーチュイン 遺伝子 亜鉛 マルチビタミン DHA EPA L-シスチン 【公式】,nmn サプリメント 日本製 9000mg (1包300mg) 30日分 P3 ヒカル 高純度99.9% サーチュイン 遺伝子 亜鉛 マルチビタミン DHA EPA L-シスチン 【公式】,17800,1,,
418951-20251221-0870447337,MALL_192417720,mall,2025/12/21 6:42:33,17800,クレジットカード,,完了,0,,楽天市場,,70169-00000178,P3_boosterset,nmn サプリメント 日本製 9000mg (1包300mg) 30日分 P3 ヒカル 高純度99.9% サーチュイン 遺伝子 亜鉛 マルチビタミン DHA EPA L-シスチン 【公式】,nmn サプリメント 日本製 9000mg (1包300mg) 30日分 P3 ヒカル 高純度99.9% サーチュイン 遺伝子 亜鉛 マルチビタミン DHA EPA L-シスチン 【公式】,17800,1,,
418951-20251221-0147947412,MALL_194202798,mall,2025/12/21 6:56:34,42120,クレジットカード,,完了,0,,楽天市場,,70169-00000054,P3_01,nmn サプリメント 日本製 9000mg (1包300mg) 30日分 P3 ヒカル 高純度99.9% サーチュイン 遺伝子 亜鉛 マルチビタミン DHA EPA L-シスチン 【公式】,nmn サプリメント 日本製 9000mg (1包300mg) 30日分 P3 ヒカル 高純度99.9% サーチュイン 遺伝子 亜鉛 マルチビタミン DHA EPA L-シスチン 【公式】,14040,3,,
418951-20251221-0976547272,MALL_194204050,mall,2025/12/21 7:25:06,28080,クレジットカード,,完了,0,,楽天市場,,70169-00000054,P3_01,nmn サプリメント 日本製 9000mg (1包300mg) 30日分 P3 ヒカル 高純度99.9% サーチュイン 遺伝子 亜鉛 マルチビタミン DHA EPA L-シスチン 【公式】,nmn サプリメント 日本製 9000mg (1包300mg) 30日分 P3 ヒカル 高純度99.9% サーチュイン 遺伝子 亜鉛 マルチビタミン DHA EPA L-シスチン 【公式】,14040,2,,
418951-20251221-0977747293,MALL_194204830,mall,2025/12/21 7:42:00,14040,クレジットカード,,完了,0,,楽天市場,,70169-00000054,P3_01,nmn サプリメント 日本製 9000mg (1包300mg) 30日分 P3 ヒカル 高純度99.9% サーチュイン 遺伝子 亜鉛 マルチビタミン DHA EPA L-シスチン 【公式】,nmn サプリメント 日本製 9000mg (1包300mg) 30日分 P3 ヒカル 高純度99.9% サーチュイン 遺伝子 亜鉛 マルチビタミン DHA EPA L-シスチン 【公式】,14040,1,,
418951-20251221-0952647311,MALL_194212449,mall,2025/12/21 9:15:43,14040,クレジットカード,,完了,0,,楽天市場,,70169-00000054,P3_01,nmn サプリメント 日本製 9000mg (1包300mg) 30日分 P3 ヒカル 高純度99.9% サーチュイン 遺伝子 亜鉛 マルチビタミン DHA EPA L-シスチン 【公式】,nmn サプリメント 日本製 9000mg (1包300mg) 30日分 P3 ヒカル 高純度99.9% サーチュイン 遺伝子 亜鉛 マルチビタミン DHA EPA L-シスチン 【公式】,14040,1,,
ladder-shop-10000260,MALL_194213222,mall,2025/12/21 9:23:15,37900,PayPay,,完了,0,,Yahoo!ショッピング,,70169-00000056,P3_3set,P3 サプリ nmn 日本製 お得3箱セット ヒカル｜公式 正規品｜ニコチンアミドモノヌクレオチド トランスレスベラトロール DHA EPA L-シスチン,P3 サプリ nmn 日本製 お得3箱セット ヒカル｜公式 正規品｜ニコチンアミドモノヌクレオチド トランスレスベラトロール DHA EPA L-シスチン,37900,1,,
418951-20251221-0126947442,MALL_194214693,mall,2025/12/21 9:37:22,14040,クレジットカード,,完了,0,,楽天市場,,70169-00000054,P3_01,nmn サプリメント 日本製 9000mg (1包300mg) 30日分 P3 ヒカル 高純度99.9% サーチュイン 遺伝子 亜鉛 マルチビタミン DHA EPA L-シスチン 【公式】,nmn サプリメント 日本製 9000mg (1包300mg) 30日分 P3 ヒカル 高純度99.9% サーチュイン 遺伝子 亜鉛 マルチビタミン DHA EPA L-シスチン 【公式】,14040,1,,
418951-20251221-0940547369,MALL_194217520,mall,2025/12/21 10:05:30,17800,クレジットカード,,完了,0,,楽天市場,,70169-00000178,P3_boosterset,nmn サプリメント 日本製 9000mg (1包300mg) 30日分 P3 ヒカル 高純度99.9% サーチュイン 遺伝子 亜鉛 マルチビタミン DHA EPA L-シスチン 【公式】,nmn サプリメント 日本製 9000mg (1包300mg) 30日分 P3 ヒカル 高純度99.9% サーチュイン 遺伝子 亜鉛 マルチビタミン DHA EPA L-シスチン 【公式】,17800,1,,
418951-20251221-0940547369,MALL_194217520,mall,2025/12/21 10:05:30,17800,クレジットカード,,完了,0,,楽天市場,,70169-00000178,P3_boosterset,nmn サプリメント 日本製 9000mg (1包300mg) 30日分 P3 ヒカル 高純度99.9% サーチュイン 遺伝子 亜鉛 マルチビタミン DHA EPA L-シスチン 【公式】,nmn サプリメント 日本製 9000mg (1包300mg) 30日分 P3 ヒカル 高純度99.9% サーチュイン 遺伝子 亜鉛 マルチビタミン DHA EPA L-シスチン 【公式】,17800,1,,
418951-20251221-0302547419,MALL_194226736,mall,2025/12/21 11:11:31,37900,クレジットカード,,完了,0,,楽天市場,,70169-00000056,P3_3set,NMNサプリメント 日本製 国産 9000mg (1包300mg) P3 お得3箱セット ヒカル 高純度99.9% サーチュイン 遺伝子 亜鉛 マルチビタミン DHA EPA L-シスチン 【公式】,NMNサプリメント 日本製 国産 9000mg (1包300mg) P3 お得3箱セット ヒカル 高純度99.9% サーチュイン 遺伝子 亜鉛 マルチビタミン DHA EPA L-シスチン 【公式】,37900,1,,
418951-20251221-0349447449,MALL_194251072,mall,2025/12/21 14:47:46,14040,クレジットカード,,完了,0,,楽天市場,,70169-00000054,P3_01,nmn サプリメント 日本製 9000mg (1包300mg) 30日分 P3 ヒカル 高純度99.9% サーチュイン 遺伝子 亜鉛 マルチビタミン DHA EPA L-シスチン 【公式】,nmn サプリメント 日本製 9000mg (1包300mg) 30日分 P3 ヒカル 高純度99.9% サーチュイン 遺伝子 亜鉛 マルチビタミン DHA EPA L-シスチン 【公式】,14040,1,,
418951-20251221-3760204360,MALL_194251995,mall,2025/12/21 14:56:01,16762,クレジットカード,,完了,0,,楽天市場,,70169-00000178,P3_boosterset,nmn サプリメント 日本製 9000mg (1包300mg) 30日分 P3 ヒカル 高純度99.9% サーチュイン 遺伝子 亜鉛 マルチビタミン DHA EPA L-シスチン 【公式】,nmn サプリメント 日本製 9000mg (1包300mg) 30日分 P3 ヒカル 高純度99.9% サーチュイン 遺伝子 亜鉛 マルチビタミン DHA EPA L-シスチン 【公式】,16762,1,,
418951-20251221-3760204360,MALL_194251995,mall,2025/12/21 14:56:01,16762,クレジットカード,,完了,0,,楽天市場,,70169-00000178,P3_boosterset,nmn サプリメント 日本製 9000mg (1包300mg) 30日分 P3 ヒカル 高純度99.9% サーチュイン 遺伝子 亜鉛 マルチビタミン DHA EPA L-シスチン 【公式】,nmn サプリメント 日本製 9000mg (1包300mg) 30日分 P3 ヒカル 高純度99.9% サーチュイン 遺伝子 亜鉛 マルチビタミン DHA EPA L-シスチン 【公式】,16762,1,,
418951-20251221-0379447493,MALL_194267468,mall,2025/12/21 17:15:59,17800,クレジットカード,,完了,0,,楽天市場,,70169-00000178,P3_boosterset,nmn サプリメント 日本製 9000mg (1包300mg) 30日分 P3 ヒカル 高純度99.9% サーチュイン 遺伝子 亜鉛 マルチビタミン DHA EPA L-シスチン 【公式】,nmn サプリメント 日本製 9000mg (1包300mg) 30日分 P3 ヒカル 高純度99.9% サーチュイン 遺伝子 亜鉛 マルチビタミン DHA EPA L-シスチン 【公式】,17800,1,,
418951-20251221-0379447493,MALL_194267468,mall,2025/12/21 17:15:59,17800,クレジットカード,,完了,0,,楽天市場,,70169-00000178,P3_boosterset,nmn サプリメント 日本製 9000mg (1包300mg) 30日分 P3 ヒカル 高純度99.9% サーチュイン 遺伝子 亜鉛 マルチビタミン DHA EPA L-シスチン 【公式】,nmn サプリメント 日本製 9000mg (1包300mg) 30日分 P3 ヒカル 高純度99.9% サーチュイン 遺伝子 亜鉛 マルチビタミン DHA EPA L-シスチン 【公式】,17800,1,,
418951-20251221-0669747412,MALL_194276417,mall,2025/12/21 18:36:14,37900,クレジットカード,,完了,0,,楽天市場,,70169-00000056,P3_3set,NMNサプリメント 日本製 国産 9000mg (1包300mg) P3 お得3箱セット ヒカル 高純度99.9% サーチュイン 遺伝子 亜鉛 マルチビタミン DHA EPA L-シスチン 【公式】,NMNサプリメント 日本製 国産 9000mg (1包300mg) P3 お得3箱セット ヒカル 高純度99.9% サーチュイン 遺伝子 亜鉛 マルチビタミン DHA EPA L-シスチン 【公式】,37900,1,,
418951-20251221-0532347477,MALL_194283705,mall,2025/12/21 19:36:00,17800,クレジットカード,,完了,0,,楽天市場,,70169-00000178,P3_boosterset,nmn サプリメント 日本製 9000mg (1包300mg) 30日分 P3 ヒカル 高純度99.9% サーチュイン 遺伝子 亜鉛 マルチビタミン DHA EPA L-シスチン 【公式】,nmn サプリメント 日本製 9000mg (1包300mg) 30日分 P3 ヒカル 高純度99.9% サーチュイン 遺伝子 亜鉛 マルチビタミン DHA EPA L-シスチン 【公式】,17800,1,,
418951-20251221-0532347477,MALL_194283705,mall,2025/12/21 19:36:00,17800,クレジットカード,,完了,0,,楽天市場,,70169-00000178,P3_boosterset,nmn サプリメント 日本製 9000mg (1包300mg) 30日分 P3 ヒカル 高純度99.9% サーチュイン 遺伝子 亜鉛 マルチビタミン DHA EPA L-シスチン 【公式】,nmn サプリメント 日本製 9000mg (1包300mg) 30日分 P3 ヒカル 高純度99.9% サーチュイン 遺伝子 亜鉛 マルチビタミン DHA EPA L-シスチン 【公式】,17800,1,,
418951-20251221-0895547397,MALL_191615147,mall,2025/12/21 20:43:42,14040,クレジットカード,,完了,0,,楽天市場,,70169-00000054,P3_01,nmn サプリメント 日本製 9000mg (1包300mg) 30日分 P3 ヒカル 高純度99.9% サーチュイン 遺伝子 亜鉛 マルチビタミン DHA EPA L-シスチン 【公式】,nmn サプリメント 日本製 9000mg (1包300mg) 30日分 P3 ヒカル 高純度99.9% サーチュイン 遺伝子 亜鉛 マルチビタミン DHA EPA L-シスチン 【公式】,14040,1,,
418951-20251221-0469847591,MALL_194308701,mall,2025/12/21 22:14:59,14040,クレジットカード,,完了,0,,楽天市場,,70169-00000054,P3_01,nmn サプリメント 日本製 9000mg (1包300mg) 30日分 P3 ヒカル 高純度99.9% サーチュイン 遺伝子 亜鉛 マルチビタミン DHA EPA L-シスチン 【公式】,nmn サプリメント 日本製 9000mg (1包300mg) 30日分 P3 ヒカル 高純度99.9% サーチュイン 遺伝子 亜鉛 マルチビタミン DHA EPA L-シスチン 【公式】,14040,1,,
418951-20251222-0632147589,MALL_194330982,mall,2025/12/22 1:50:16,14040,クレジットカード,,完了,0,,楽天市場,,70169-00000054,P3_01,nmn サプリメント 日本製 9000mg (1包300mg) 30日分 P3 ヒカル 高純度99.9% サーチュイン 遺伝子 亜鉛 マルチビタミン DHA EPA L-シスチン 【公式】,nmn サプリメント 日本製 9000mg (1包300mg) 30日分 P3 ヒカル 高純度99.9% サーチュイン 遺伝子 亜鉛 マルチビタミン DHA EPA L-シスチン 【公式】,14040,1,,
418951-20251222-3761733722,MALL_194331758,mall,2025/12/22 2:19:34,12636,クレジットカード,,完了,0,,楽天市場,,70169-00000054,P3_01,【定期購入】【1箱から継続中ずっと10％OFF】P3 NMNパーフェクトサプリメント1箱 ヒカル サプリ 日本製 9000mg (1包300mg) 30日分 高純度99.9% サーチュイン 遺伝子 亜鉛 マルチビタミン DHA EPA L-シスチン 【公式】,【定期購入】【1箱から継続中ずっと10％OFF】P3 NMNパーフェクトサプリメント1箱 ヒカル サプリ 日本製 9000mg (1包300mg) 30日分 高純度99.9% サーチュイン 遺伝子 亜鉛 マルチビタミン DHA EPA L-シスチン 【公式】,12636,1,,
418951-20251222-3761733737,MALL_194331759,mall,2025/12/22 2:19:34,12636,クレジットカード,,完了,0,,楽天市場,,70169-00000054,P3_01,【定期購入】【1箱から継続中ずっと10％OFF】P3 NMNパーフェクトサプリメント1箱 ヒカル サプリ 日本製 9000mg (1包300mg) 30日分 高純度99.9% サーチュイン 遺伝子 亜鉛 マルチビタミン DHA EPA L-シスチン 【公式】,【定期購入】【1箱から継続中ずっと10％OFF】P3 NMNパーフェクトサプリメント1箱 ヒカル サプリ 日本製 9000mg (1包300mg) 30日分 高純度99.9% サーチュイン 遺伝子 亜鉛 マルチビタミン DHA EPA L-シスチン 【公式】,12636,1,,
418951-20251222-3761744983,MALL_194332416,mall,2025/12/22 2:49:23,12636,クレジットカード,,完了,0,,楽天市場,,70169-00000054,P3_01,nmn サプリメント 日本製 9000mg (1包300mg) 30日分 ヒカル P3 高純度99.9% サーチュイン 遺伝子 亜鉛 マルチビタミン DHA EPA L-シスチン 【公式】,nmn サプリメント 日本製 9000mg (1包300mg) 30日分 ヒカル P3 高純度99.9% サーチュイン 遺伝子 亜鉛 マルチビタミン DHA EPA L-シスチン 【公式】,12636,1,,
418951-20251222-3761745026,MALL_194332418,mall,2025/12/22 2:49:23,12636,クレジットカード,,完了,0,,楽天市場,,70169-00000054,P3_01,nmn サプリメント 日本製 9000mg (1包300mg) 30日分 ヒカル P3 高純度99.9% サーチュイン 遺伝子 亜鉛 マルチビタミン DHA EPA L-シスチン 【公式】,nmn サプリメント 日本製 9000mg (1包300mg) 30日分 ヒカル P3 高純度99.9% サーチュイン 遺伝子 亜鉛 マルチビタミン DHA EPA L-シスチン 【公式】,12636,1,,
418951-20251222-3761745038,MALL_194332420,mall,2025/12/22 2:49:24,12636,クレジットカード,,完了,0,,楽天市場,,70169-00000054,P3_01,nmn サプリメント 日本製 9000mg (1包300mg) 30日分 ヒカル P3 高純度99.9% サーチュイン 遺伝子 亜鉛 マルチビタミン DHA EPA L-シスチン 【公式】,nmn サプリメント 日本製 9000mg (1包300mg) 30日分 ヒカル P3 高純度99.9% サーチュイン 遺伝子 亜鉛 マルチビタミン DHA EPA L-シスチン 【公式】,12636,1,,
418951-20251222-3761745036,MALL_194332422,mall,2025/12/22 2:49:24,4276,クレジットカード,,完了,0,,楽天市場,,70169-00000163,p3_booster_01,P3 BOOSTER ブースターゼリー 1箱30包入り ヒカル P3 NMN 補給サポート ラクチュロースシロップ 菊の花エキス 植物性ナノ型乳酸菌 エクソソームプラセンタ 配合【公式】,P3 BOOSTER ブースターゼリー 1箱30包入り ヒカル P3 NMN 補給サポート ラクチュロースシロップ 菊の花エキス 植物性ナノ型乳酸菌 エクソソームプラセンタ 配合【公式】,4276,1,,
418951-20251222-3761749553,MALL_194332619,mall,2025/12/22 2:58:32,12636,クレジットカード,,完了,0,,楽天市場,,70169-00000054,P3_01,nmn サプリメント 日本製 9000mg (1包300mg) 30日分 ヒカル P3 高純度99.9% サーチュイン 遺伝子 亜鉛 マルチビタミン DHA EPA L-シスチン 【公式】,nmn サプリメント 日本製 9000mg (1包300mg) 30日分 ヒカル P3 高純度99.9% サーチュイン 遺伝子 亜鉛 マルチビタミン DHA EPA L-シスチン 【公式】,12636,1,,
418951-20251222-0897447460,MALL_194332620,mall,2025/12/22 2:58:33,14040,クレジットカード,,完了,0,,楽天市場,,70169-00000054,P3_01,nmn サプリメント 日本製 9000mg (1包300mg) 30日分 P3 ヒカル 高純度99.9% サーチュイン 遺伝子 亜鉛 マルチビタミン DHA EPA L-シスチン 【公式】,nmn サプリメント 日本製 9000mg (1包300mg) 30日分 P3 ヒカル 高純度99.9% サーチュイン 遺伝子 亜鉛 マルチビタミン DHA EPA L-シスチン 【公式】,14040,1,,
418951-20251222-3761750300,MALL_194333001,mall,2025/12/22 3:19:22,25272,クレジットカード,,完了,0,,楽天市場,,70169-00000054,P3_01,nmn サプリメント 日本製 9000mg (1包300mg) 30日分 ヒカル P3 高純度99.9% サーチュイン 遺伝子 亜鉛 マルチビタミン DHA EPA L-シスチン 【公式】,nmn サプリメント 日本製 9000mg (1包300mg) 30日分 ヒカル P3 高純度99.9% サーチュイン 遺伝子 亜鉛 マルチビタミン DHA EPA L-シスチン 【公式】,12636,2,,
418951-20251222-3761760688,MALL_194333148,mall,2025/12/22 3:28:27,12636,クレジットカード,,完了,0,,楽天市場,,70169-00000054,P3_01,nmn サプリメント 日本製 9000mg (1包300mg) 30日分 ヒカル P3 高純度99.9% サーチュイン 遺伝子 亜鉛 マルチビタミン DHA EPA L-シスチン 【公式】,nmn サプリメント 日本製 9000mg (1包300mg) 30日分 ヒカル P3 高純度99.9% サーチュイン 遺伝子 亜鉛 マルチビタミン DHA EPA L-シスチン 【公式】,12636,1,,
418951-20251222-3761760696,MALL_194333152,mall,2025/12/22 3:28:27,12636,クレジットカード,,完了,0,,楽天市場,,70169-00000054,P3_01,nmn サプリメント 日本製 9000mg (1包300mg) 30日分 ヒカル P3 高純度99.9% サーチュイン 遺伝子 亜鉛 マルチビタミン DHA EPA L-シスチン 【公式】,nmn サプリメント 日本製 9000mg (1包300mg) 30日分 ヒカル P3 高純度99.9% サーチュイン 遺伝子 亜鉛 マルチビタミン DHA EPA L-シスチン 【公式】,12636,1,,
418951-20251222-3761761209,MALL_194333483,mall,2025/12/22 3:49:29,12636,クレジットカード,,完了,0,,楽天市場,,70169-00000054,P3_01,nmn サプリメント 日本製 9000mg (1包300mg) 30日分 ヒカル P3 高純度99.9% サーチュイン 遺伝子 亜鉛 マルチビタミン DHA EPA L-シスチン 【公式】,nmn サプリメント 日本製 9000mg (1包300mg) 30日分 ヒカル P3 高純度99.9% サーチュイン 遺伝子 亜鉛 マルチビタミン DHA EPA L-シスチン 【公式】,12636,1,,
418951-20251222-0058147646,MALL_194337034,mall,2025/12/22 6:54:54,14040,コンビニ決済,,完了,0,,楽天市場,,70169-00000054,P3_01,nmn サプリメント 日本製 9000mg (1包300mg) 30日分 P3 ヒカル 高純度99.9% サーチュイン 遺伝子 亜鉛 マルチビタミン DHA EPA L-シスチン 【公式】,nmn サプリメント 日本製 9000mg (1包300mg) 30日分 P3 ヒカル 高純度99.9% サーチュイン 遺伝子 亜鉛 マルチビタミン DHA EPA L-シスチン 【公式】,14040,1,,
418951-20251222-0842247514,MALL_194340409,mall,2025/12/22 7:56:05,14040,クレジットカード,,完了,0,,楽天市場,,70169-00000054,P3_01,nmn サプリメント 日本製 9000mg (1包300mg) 30日分 P3 ヒカル 高純度99.9% サーチュイン 遺伝子 亜鉛 マルチビタミン DHA EPA L-シスチン 【公式】,nmn サプリメント 日本製 9000mg (1包300mg) 30日分 P3 ヒカル 高純度99.9% サーチュイン 遺伝子 亜鉛 マルチビタミン DHA EPA L-シスチン 【公式】,14040,1,,
418951-20251222-0718047572,MALL_194341391,mall,2025/12/22 8:09:53,14040,クレジットカード,,完了,0,,楽天市場,,70169-00000054,P3_01,nmn サプリメント 日本製 9000mg (1包300mg) 30日分 P3 ヒカル 高純度99.9% サーチュイン 遺伝子 亜鉛 マルチビタミン DHA EPA L-シスチン 【公式】,nmn サプリメント 日本製 9000mg (1包300mg) 30日分 P3 ヒカル 高純度99.9% サーチュイン 遺伝子 亜鉛 マルチビタミン DHA EPA L-シスチン 【公式】,14040,1,,
418951-20251222-0987047566,MALL_194381410,mall,2025/12/22 14:49:16,14040,クレジットカード,,完了,0,,楽天市場,,70169-00000054,P3_01,nmn サプリメント 日本製 9000mg (1包300mg) 30日分 P3 ヒカル 高純度99.9% サーチュイン 遺伝子 亜鉛 マルチビタミン DHA EPA L-シスチン 【公式】,nmn サプリメント 日本製 9000mg (1包300mg) 30日分 P3 ヒカル 高純度99.9% サーチュイン 遺伝子 亜鉛 マルチビタミン DHA EPA L-シスチン 【公式】,14040,1,,
ladder-shop-10000263,MALL_194381753,mall,2025/12/22 14:53:17,12636,クレジットカード,,完了,0,,Yahoo!ショッピング,,70169-00000054,P3_01,P3 nmn サプリ メント 日本製 ヒカル｜公式 正規品｜ニコチンアミドモノヌクレオチド トランスレスベラトロール DHA EPA L-シスチン,P3 nmn サプリ メント 日本製 ヒカル｜公式 正規品｜ニコチンアミドモノヌクレオチド トランスレスベラトロール DHA EPA L-シスチン,12636,1,,
418951-20251222-0443047650,MALL_194400764,mall,2025/12/22 19:07:48,14040,クレジットカード,,完了,0,,楽天市場,,70169-00000054,P3_01,nmn サプリメント 日本製 9000mg (1包300mg) 30日分 P3 ヒカル 高純度99.9% サーチュイン 遺伝子 亜鉛 マルチビタミン DHA EPA L-シスチン 【公式】,nmn サプリメント 日本製 9000mg (1包300mg) 30日分 P3 ヒカル 高純度99.9% サーチュイン 遺伝子 亜鉛 マルチビタミン DHA EPA L-シスチン 【公式】,14040,1,,
418951-20251222-0064247805,MALL_194405822,mall,2025/12/22 20:01:41,14040,クレジットカード,,完了,0,,楽天市場,,70169-00000054,P3_01,nmn サプリメント 日本製 9000mg (1包300mg) 30日分 P3 ヒカル 高純度99.9% サーチュイン 遺伝子 亜鉛 マルチビタミン DHA EPA L-シスチン 【公式】,nmn サプリメント 日本製 9000mg (1包300mg) 30日分 P3 ヒカル 高純度99.9% サーチュイン 遺伝子 亜鉛 マルチビタミン DHA EPA L-シスチン 【公式】,14040,1,,
ladder-shop-10000264,MALL_194409408,mall,2025/12/22 20:34:36,14040,PayPay,,完了,0,,Yahoo!ショッピング,,70169-00000054,P3_01,P3 nmn サプリ メント 日本製 ヒカル｜公式 正規品｜ニコチンアミドモノヌクレオチド トランスレスベラトロール DHA EPA L-シスチン,P3 nmn サプリ メント 日本製 ヒカル｜公式 正規品｜ニコチンアミドモノヌクレオチド トランスレスベラトロール DHA EPA L-シスチン,14040,1,,
418951-20251222-0377347735,MALL_194420669,mall,2025/12/22 22:03:48,14040,クレジットカード,,完了,0,,楽天市場,,70169-00000054,P3_01,nmn サプリメント 日本製 9000mg (1包300mg) 30日分 P3 ヒカル 高純度99.9% サーチュイン 遺伝子 亜鉛 マルチビタミン DHA EPA L-シスチン 【公式】,nmn サプリメント 日本製 9000mg (1包300mg) 30日分 P3 ヒカル 高純度99.9% サーチュイン 遺伝子 亜鉛 マルチビタミン DHA EPA L-シスチン 【公式】,14040,1,,
418951-20251222-0587547687,MALL_194432894,mall,2025/12/22 23:48:00,26600,クレジットカード,,完了,0,,楽天市場,,70169-00000055,P3_2set,nmn サプリ 日本製 国産 サプリメント 9000mg (1包300mg) P3 お得2箱セット ヒカル 高純度99.9% サーチュイン 遺伝子 亜鉛 マルチビタミン DHA EPA L-シスチン 【公式】,nmn サプリ 日本製 国産 サプリメント 9000mg (1包300mg) P3 お得2箱セット ヒカル 高純度99.9% サーチュイン 遺伝子 亜鉛 マルチビタミン DHA EPA L-シスチン 【公式】,26600,1,,
418951-20251223-0405647753,MALL_194436462,mall,2025/12/23 0:34:11,37900,クレジットカード,,完了,0,,楽天市場,,70169-00000056,P3_3set,NMNサプリメント 日本製 国産 9000mg (1包300mg) P3 お得3箱セット ヒカル 高純度99.9% サーチュイン 遺伝子 亜鉛 マルチビタミン DHA EPA L-シスチン 【公式】,NMNサプリメント 日本製 国産 9000mg (1包300mg) P3 お得3箱セット ヒカル 高純度99.9% サーチュイン 遺伝子 亜鉛 マルチビタミン DHA EPA L-シスチン 【公式】,37900,1,,
418951-20251223-3763660285,MALL_194439945,mall,2025/12/23 2:19:35,12636,後払い(楽天),,完了,0,,楽天市場,,70169-00000054,P3_01,【定期購入】【1箱から継続中ずっと10％OFF】P3 NMNパーフェクトサプリメント1箱 ヒカル サプリ 日本製 9000mg (1包300mg) 30日分 高純度99.9% サーチュイン 遺伝子 亜鉛 マルチビタミン DHA EPA L-シスチン 【公式】,【定期購入】【1箱から継続中ずっと10％OFF】P3 NMNパーフェクトサプリメント1箱 ヒカル サプリ 日本製 9000mg (1包300mg) 30日分 高純度99.9% サーチュイン 遺伝子 亜鉛 マルチビタミン DHA EPA L-シスチン 【公式】,12636,1,,
418951-20251223-3763724429,MALL_194443324,mall,2025/12/23 5:58:50,12636,クレジットカード,,完了,0,,楽天市場,,70169-00000054,P3_01,nmn サプリメント 日本製 9000mg (1包300mg) 30日分 P3 ヒカル 高純度99.9% サーチュイン 遺伝子 亜鉛 マルチビタミン DHA EPA L-シスチン 【公式】,nmn サプリメント 日本製 9000mg (1包300mg) 30日分 P3 ヒカル 高純度99.9% サーチュイン 遺伝子 亜鉛 マルチビタミン DHA EPA L-シスチン 【公式】,12636,1,,
418951-20251223-0041447931,MALL_194446536,mall,2025/12/23 7:23:14,14040,クレジットカード,,完了,0,,楽天市場,,70169-00000054,P3_01,nmn サプリメント 日本製 9000mg (1包300mg) 30日分 P3 ヒカル 高純度99.9% サーチュイン 遺伝子 亜鉛 マルチビタミン DHA EPA L-シスチン 【公式】,nmn サプリメント 日本製 9000mg (1包300mg) 30日分 P3 ヒカル 高純度99.9% サーチュイン 遺伝子 亜鉛 マルチビタミン DHA EPA L-シスチン 【公式】,14040,1,,
418951-20251223-0078747830,MALL_194450348,mall,2025/12/23 8:21:25,14040,クレジットカード,,完了,0,,楽天市場,,70169-00000054,P3_01,nmn サプリメント 日本製 9000mg (1包300mg) 30日分 P3 ヒカル 高純度99.9% サーチュイン 遺伝子 亜鉛 マルチビタミン DHA EPA L-シスチン 【公式】,nmn サプリメント 日本製 9000mg (1包300mg) 30日分 P3 ヒカル 高純度99.9% サーチュイン 遺伝子 亜鉛 マルチビタミン DHA EPA L-シスチン 【公式】,14040,1,,
418951-20251223-0330047972,MALL_194490555,mall,2025/12/23 16:54:11,14040,クレジットカード,,完了,0,,楽天市場,,70169-00000054,P3_01,nmn サプリメント 日本製 9000mg (1包300mg) 30日分 P3 ヒカル 高純度99.9% サーチュイン 遺伝子 亜鉛 マルチビタミン DHA EPA L-シスチン 【公式】,nmn サプリメント 日本製 9000mg (1包300mg) 30日分 P3 ヒカル 高純度99.9% サーチュイン 遺伝子 亜鉛 マルチビタミン DHA EPA L-シスチン 【公式】,14040,1,,
ladder-shop-10000266,MALL_194505662,mall,2025/12/23 20:28:26,14040,PayPay,,完了,0,,Yahoo!ショッピング,,70169-00000054,P3_01,P3 nmn サプリ メント 日本製 ヒカル｜公式 正規品｜ニコチンアミドモノヌクレオチド トランスレスベラトロール DHA EPA L-シスチン,P3 nmn サプリ メント 日本製 ヒカル｜公式 正規品｜ニコチンアミドモノヌクレオチド トランスレスベラトロール DHA EPA L-シスチン,14040,1,,
418951-20251223-0527147970,MALL_194516544,mall,2025/12/23 22:06:50,14040,クレジットカード,,完了,0,,楽天市場,,70169-00000054,P3_01,nmn サプリメント 日本製 9000mg (1包300mg) 30日分 P3 ヒカル 高純度99.9% サーチュイン 遺伝子 亜鉛 マルチビタミン DHA EPA L-シスチン 【公式】,nmn サプリメント 日本製 9000mg (1包300mg) 30日分 P3 ヒカル 高純度99.9% サーチュイン 遺伝子 亜鉛 マルチビタミン DHA EPA L-シスチン 【公式】,14040,1,,
418951-20251223-0588647897,MALL_194524955,mall,2025/12/23 23:22:58,14040,クレジットカード,,完了,0,,楽天市場,,70169-00000054,P3_01,nmn サプリメント 日本製 9000mg (1包300mg) 30日分 P3 ヒカル 高純度99.9% サーチュイン 遺伝子 亜鉛 マルチビタミン DHA EPA L-シスチン 【公式】,nmn サプリメント 日本製 9000mg (1包300mg) 30日分 P3 ヒカル 高純度99.9% サーチュイン 遺伝子 亜鉛 マルチビタミン DHA EPA L-シスチン 【公式】,14040,1,,
418951-20251224-3765407112,MALL_194533624,mall,2025/12/24 2:28:32,12636,クレジットカード,,完了,0,,楽天市場,,70169-00000054,P3_01,【定期購入】【1箱から継続中ずっと10％OFF】P3 NMNパーフェクトサプリメント1箱 ヒカル サプリ 日本製 9000mg (1包300mg) 30日分 高純度99.9% サーチュイン 遺伝子 亜鉛 マルチビタミン DHA EPA L-シスチン 【公式】,【定期購入】【1箱から継続中ずっと10％OFF】P3 NMNパーフェクトサプリメント1箱 ヒカル サプリ 日本製 9000mg (1包300mg) 30日分 高純度99.9% サーチュイン 遺伝子 亜鉛 マルチビタミン DHA EPA L-シスチン 【公式】,12636,1,,
418951-20251224-3765407137,MALL_194533636,mall,2025/12/24 2:28:34,12636,クレジットカード,,完了,0,,楽天市場,,70169-00000054,P3_01,【定期購入】【1箱から継続中ずっと10％OFF】P3 NMNパーフェクトサプリメント1箱 ヒカル サプリ 日本製 9000mg (1包300mg) 30日分 高純度99.9% サーチュイン 遺伝子 亜鉛 マルチビタミン DHA EPA L-シスチン 【公式】,【定期購入】【1箱から継続中ずっと10％OFF】P3 NMNパーフェクトサプリメント1箱 ヒカル サプリ 日本製 9000mg (1包300mg) 30日分 高純度99.9% サーチュイン 遺伝子 亜鉛 マルチビタミン DHA EPA L-シスチン 【公式】,12636,1,,
418951-20251224-0647847826,MALL_194533999,mall,2025/12/24 2:48:59,14040,クレジットカード,,完了,0,,楽天市場,,70169-00000054,P3_01,nmn サプリメント 日本製 9000mg (1包300mg) 30日分 P3 ヒカル 高純度99.9% サーチュイン 遺伝子 亜鉛 マルチビタミン DHA EPA L-シスチン 【公式】,nmn サプリメント 日本製 9000mg (1包300mg) 30日分 P3 ヒカル 高純度99.9% サーチュイン 遺伝子 亜鉛 マルチビタミン DHA EPA L-シスチン 【公式】,14040,1,,
418951-20251224-3765430401,MALL_194534894,mall,2025/12/24 3:46:25,12636,クレジットカード,,完了,0,,楽天市場,,70169-00000054,P3_01,nmn サプリメント 日本製 9000mg (1包300mg) 30日分 P3 ヒカル 高純度99.9% サーチュイン 遺伝子 亜鉛 マルチビタミン DHA EPA L-シスチン 【公式】,nmn サプリメント 日本製 9000mg (1包300mg) 30日分 P3 ヒカル 高純度99.9% サーチュイン 遺伝子 亜鉛 マルチビタミン DHA EPA L-シスチン 【公式】,12636,1,,
418951-20251224-0751147955,MALL_194542813,mall,2025/12/24 8:21:27,17800,クレジットカード,,完了,0,,楽天市場,,70169-00000178,P3_boosterset,nmn サプリメント 日本製 9000mg (1包300mg) 30日分 P3 ヒカル 高純度99.9% サーチュイン 遺伝子 亜鉛 マルチビタミン DHA EPA L-シスチン 【公式】,nmn サプリメント 日本製 9000mg (1包300mg) 30日分 P3 ヒカル 高純度99.9% サーチュイン 遺伝子 亜鉛 マルチビタミン DHA EPA L-シスチン 【公式】,17800,1,,
418951-20251224-0751147955,MALL_194542813,mall,2025/12/24 8:21:27,17800,クレジットカード,,完了,0,,楽天市場,,70169-00000178,P3_boosterset,nmn サプリメント 日本製 9000mg (1包300mg) 30日分 P3 ヒカル 高純度99.9% サーチュイン 遺伝子 亜鉛 マルチビタミン DHA EPA L-シスチン 【公式】,nmn サプリメント 日本製 9000mg (1包300mg) 30日分 P3 ヒカル 高純度99.9% サーチュイン 遺伝子 亜鉛 マルチビタミン DHA EPA L-シスチン 【公式】,17800,1,,
418951-20251224-0821947829,MALL_194559543,mall,2025/12/24 11:51:51,14040,クレジットカード,,完了,0,,楽天市場,,70169-00000054,P3_01,nmn サプリメント 日本製 9000mg (1包300mg) 30日分 P3 ヒカル 高純度99.9% サーチュイン 遺伝子 亜鉛 マルチビタミン DHA EPA L-シスチン 【公式】,nmn サプリメント 日本製 9000mg (1包300mg) 30日分 P3 ヒカル 高純度99.9% サーチュイン 遺伝子 亜鉛 マルチビタミン DHA EPA L-シスチン 【公式】,14040,1,,
418951-20251224-0917247980,MALL_194568028,mall,2025/12/24 13:43:39,14040,クレジットカード,,完了,0,,楽天市場,,70169-00000054,P3_01,nmn サプリメント 日本製 9000mg (1包300mg) 30日分 P3 ヒカル 高純度99.9% サーチュイン 遺伝子 亜鉛 マルチビタミン DHA EPA L-シスチン 【公式】,nmn サプリメント 日本製 9000mg (1包300mg) 30日分 P3 ヒカル 高純度99.9% サーチュイン 遺伝子 亜鉛 マルチビタミン DHA EPA L-シスチン 【公式】,14040,1,,
418951-20251224-0889847916,MALL_194578495,mall,2025/12/24 16:24:14,4752,クレジットカード,,完了,0,,楽天市場,,70169-00000163,p3_booster_01,P3 BOOSTER ブースターゼリー 1箱30包入り ヒカル P3 NMN 補給サポート 腸活 ルテオリン サプリ ラクチュロースシロップ 菊の花エキス 植物性ナノ型乳酸菌 エクソソームプラセンタ 配合【公式】,P3 BOOSTER ブースターゼリー 1箱30包入り ヒカル P3 NMN 補給サポート 腸活 ルテオリン サプリ ラクチュロースシロップ 菊の花エキス 植物性ナノ型乳酸菌 エクソソームプラセンタ 配合【公式】,4752,1,,
418951-20251224-0058248044,MALL_194586969,mall,2025/12/24 18:55:52,14040,クレジットカード,,完了,0,,楽天市場,,70169-00000054,P3_01,nmn サプリメント 日本製 9000mg (1包300mg) 30日分 P3 ヒカル 高純度99.9% サーチュイン 遺伝子 亜鉛 マルチビタミン DHA EPA L-シスチン 【公式】,nmn サプリメント 日本製 9000mg (1包300mg) 30日分 P3 ヒカル 高純度99.9% サーチュイン 遺伝子 亜鉛 マルチビタミン DHA EPA L-シスチン 【公式】,14040,1,,
418951-20251224-0067648063,MALL_194589049,mall,2025/12/24 19:29:14,14040,クレジットカード,,完了,0,,楽天市場,,70169-00000054,P3_01,nmn サプリメント 日本製 9000mg (1包300mg) 30日分 P3 ヒカル 高純度99.9% サーチュイン 遺伝子 亜鉛 マルチビタミン DHA EPA L-シスチン 【公式】,nmn サプリメント 日本製 9000mg (1包300mg) 30日分 P3 ヒカル 高純度99.9% サーチュイン 遺伝子 亜鉛 マルチビタミン DHA EPA L-シスチン 【公式】,14040,1,,
418951-20251225-3767017710,MALL_191642969,mall,2025/12/25 0:34:56,4276,クレジットカード,,完了,0,,楽天市場,,70169-00000163,p3_booster_01,P3 BOOSTER ブースターゼリー 1箱30包入り ヒカル P3 NMN 補給サポート 腸活 ルテオリン サプリ ラクチュロースシロップ 菊の花エキス 植物性ナノ型乳酸菌 エクソソームプラセンタ 配合【公式】,P3 BOOSTER ブースターゼリー 1箱30包入り ヒカル P3 NMN 補給サポート 腸活 ルテオリン サプリ ラクチュロースシロップ 菊の花エキス 植物性ナノ型乳酸菌 エクソソームプラセンタ 配合【公式】,4276,1,,
418951-20251225-3767222648,MALL_194627767,mall,2025/12/25 2:28:25,12636,クレジットカード,,完了,0,,楽天市場,,70169-00000054,P3_01,【定期購入】【1箱から継続中ずっと10％OFF】P3 NMNパーフェクトサプリメント1箱 ヒカル サプリ 日本製 9000mg (1包300mg) 30日分 高純度99.9% サーチュイン 遺伝子 亜鉛 マルチビタミン DHA EPA L-シスチン 【公式】,【定期購入】【1箱から継続中ずっと10％OFF】P3 NMNパーフェクトサプリメント1箱 ヒカル サプリ 日本製 9000mg (1包300mg) 30日分 高純度99.9% サーチュイン 遺伝子 亜鉛 マルチビタミン DHA EPA L-シスチン 【公式】,12636,1,,
418951-20251225-0397548139,MALL_194638119,mall,2025/12/25 6:53:30,14040,クレジットカード,,完了,0,,楽天市場,,70169-00000054,P3_01,nmn サプリメント 日本製 9000mg (1包300mg) 30日分 P3 ヒカル 高純度99.9% サーチュイン 遺伝子 亜鉛 マルチビタミン DHA EPA L-シスチン 【公式】,nmn サプリメント 日本製 9000mg (1包300mg) 30日分 P3 ヒカル 高純度99.9% サーチュイン 遺伝子 亜鉛 マルチビタミン DHA EPA L-シスチン 【公式】,14040,1,,
418951-20251225-0401348132,MALL_190640994,mall,2025/12/25 7:06:40,14040,クレジットカード,,完了,0,,楽天市場,,70169-00000054,P3_01,nmn サプリメント 日本製 9000mg (1包300mg) 30日分 P3 ヒカル 高純度99.9% サーチュイン 遺伝子 亜鉛 マルチビタミン DHA EPA L-シスチン 【公式】,nmn サプリメント 日本製 9000mg (1包300mg) 30日分 P3 ヒカル 高純度99.9% サーチュイン 遺伝子 亜鉛 マルチビタミン DHA EPA L-シスチン 【公式】,14040,1,,
418951-20251225-0505348100,MALL_194649743,mall,2025/12/25 8:32:12,14040,クレジットカード,,完了,0,,楽天市場,,70169-00000054,P3_01,nmn サプリメント 日本製 9000mg (1包300mg) 30日分 P3 ヒカル 高純度99.9% サーチュイン 遺伝子 亜鉛 マルチビタミン DHA EPA L-シスチン 【公式】,nmn サプリメント 日本製 9000mg (1包300mg) 30日分 P3 ヒカル 高純度99.9% サーチュイン 遺伝子 亜鉛 マルチビタミン DHA EPA L-シスチン 【公式】,14040,1,,
418951-20251225-0475348121,MALL_194650291,mall,2025/12/25 8:35:45,14040,クレジットカード,,完了,0,,楽天市場,,70169-00000054,P3_01,nmn サプリメント 日本製 9000mg (1包300mg) 30日分 P3 ヒカル 高純度99.9% サーチュイン 遺伝子 亜鉛 マルチビタミン DHA EPA L-シスチン 【公式】,nmn サプリメント 日本製 9000mg (1包300mg) 30日分 P3 ヒカル 高純度99.9% サーチュイン 遺伝子 亜鉛 マルチビタミン DHA EPA L-シスチン 【公式】,14040,1,,
582133021981902615,TIKTOK_582133021981902615,tiktok,01/15/2026 10:44:04 PM	,0,,,未発送,0,,,	,,TTS_P3B_1,1箱30包(20g) 30日分 日本製 P3 booster(P3ブースター) ゼリーサプリ NMN 植物性ナノ型乳酸菌 ラクチュロース 菊の花エキス CD38抑制 エクソソーム プラセンタ,1箱30包(20g) 30日分 日本製 P3 booster(P3ブースター) ゼリーサプリ NMN 植物性ナノ型乳酸菌 ラクチュロース 菊の花エキス CD38抑制 エクソソーム プラセンタ,0,1,ビタミン、ミネラル、ウェルネスサプリメント,
582108092675491038,TIKTOK_582108092675491038,tiktok,01/14/2026 11:06:37 AM	,13440,コンビニ,,未払い,0,,,	,,TTS_P3_1,ヒカル P3 NMNエイジングケアサプリ 30日分,ヒカル P3 NMNエイジングケアサプリ 30日分,13440,1,美容サプリメント,
582094558801528440,TIKTOK_582094558801528440,tiktok,01/13/2026 1:25:06 PM	,0,,,発送済み,0,,,	,,TTS_P3_3P,【Tiktok Shop 限定】 ヒカル P3 NMNエイジングケアサプリ 3日分,【Tiktok Shop 限定】 ヒカル P3 NMNエイジングケアサプリ 3日分,0,1,美容サプリメント,
582094558799102994,TIKTOK_582094558799102994,tiktok,01/13/2026 1:25:05 PM	,0,,,発送済み,0,,,	,,TTS_P3_3P,【Tiktok Shop 限定】 ヒカル P3 NMNエイジングケアサプリ 3日分,【Tiktok Shop 限定】 ヒカル P3 NMNエイジングケアサプリ 3日分,0,1,美容サプリメント,
582089083547649246,TIKTOK_582089083547649246,tiktok,01/13/2026 12:45:01 AM	,13440,コンビニ,,キャンセル済み,0,,,01/14/2026 11:06:03 AM	,,TTS_P3_1,ヒカル P3 NMNエイジングケアサプリ 30日分,ヒカル P3 NMNエイジングケアサプリ 30日分,13440,1,美容サプリメント,
582080048874423334,TIKTOK_582080048874423334,tiktok,01/12/2026 2:02:58 PM	,4039,Google Pay,,発送済み,0,,,	,,TTS_P3B_1,1箱30包(20g) 30日分 日本製 P3 booster(P3ブースター) ゼリーサプリ NMN 植物性ナノ型乳酸菌 ラクチュロース 菊の花エキス CD38抑制 エクソソーム プラセンタ,1箱30包(20g) 30日分 日本製 P3 booster(P3ブースター) ゼリーサプリ NMN 植物性ナノ型乳酸菌 ラクチュロース 菊の花エキス CD38抑制 エクソソーム プラセンタ,4039,1,ビタミン、ミネラル、ウェルネスサプリメント,
579207258388661670,TIKTOK_579207258388661670,tiktok,01/11/2026 11:24:04 AM	,0,,,発送済み,0,,,	,,TTS_P3B_1,1箱30包(20g) 30日分 日本製 P3 booster(P3ブースター) ゼリーサプリ NMN 植物性ナノ型乳酸菌 ラクチュロース 菊の花エキス CD38抑制 エクソソーム プラセンタ,1箱30包(20g) 30日分 日本製 P3 booster(P3ブースター) ゼリーサプリ NMN 植物性ナノ型乳酸菌 ラクチュロース 菊の花エキス CD38抑制 エクソソーム プラセンタ,0,1,ビタミン、ミネラル、ウェルネスサプリメント,
582031941819270566,TIKTOK_579207258388661670,tiktok,01/09/2026 12:05:12 PM	,0,,,発送済み,0,,,	,,TTS_P3_1,ヒカル P3 NMNエイジングケアサプリ 30日分,ヒカル P3 NMNエイジングケアサプリ 30日分,0,1,美容サプリメント,
582031941811340769,TIKTOK_582031941811340769,tiktok,01/09/2026 12:05:08 PM	,0,,,発送済み,0,,,	,,TTS_P3_1,ヒカル P3 NMNエイジングケアサプリ 30日分,ヒカル P3 NMNエイジングケアサプリ 30日分,0,1,美容サプリメント,
581921089722550228,TIKTOK_581921089722550228,tiktok,01/02/2026 6:52:26 AM	,28080,クレジット/デビットカード,,発送済み,0,,,	,,TTS_P3_1,ヒカル P3 NMNエイジングケアサプリ 30日分,ヒカル P3 NMNエイジングケアサプリ 30日分,28080,2,美容サプリメント,
581896961471644823,TIKTOK_581896961471644823,tiktok,12/31/2025 11:09:18 AM	,14040,PayPay,,発送済み,0,,,	,,TTS_P3_1,ヒカル P3 NMNエイジングケアサプリ 30日分,ヒカル P3 NMNエイジングケアサプリ 30日分,14040,1,美容サプリメント,
581820943407810139,TIKTOK_581820853813544539,tiktok,12/26/2025 1:33:45 AM	,11540,クレジット/デビットカード,,発送済み,0,,,	,,TTS_P3_1,ヒカル P3 NMNエイジングケアサプリ 30日分,ヒカル P3 NMNエイジングケアサプリ 30日分,11540,1,美容サプリメント,
581820853813544539,TIKTOK_581820853813544539,tiktok,12/26/2025 1:33:00 AM	,6653,クレジット/デビットカード,,発送済み,0,,,	,,TTS_P3B_1,1箱30包(20g) 30日分 日本製 P3 booster(P3ブースター) ゼリーサプリ NMN 植物性ナノ型乳酸菌 ラクチュロース 菊の花エキス CD38抑制 エクソソーム プラセンタ,1箱30包(20g) 30日分 日本製 P3 booster(P3ブースター) ゼリーサプリ NMN 植物性ナノ型乳酸菌 ラクチュロース 菊の花エキス CD38抑制 エクソソーム プラセンタ,6653,2,ビタミン、ミネラル、ウェルネスサプリメント,
581820914692818523,TIKTOK_581820853813544539,tiktok,12/26/2025 1:30:05 AM	,11040,クレジット/デビットカード,,発送済み,0,,,	,,TTS_P3_1,ヒカル P3 NMNエイジングケアサプリ 30日分,ヒカル P3 NMNエイジングケアサプリ 30日分,11040,1,美容サプリメント,
581667049643279625,TIKTOK_581667049643279625,tiktok,12/15/2025 4:47:57 PM	,13540,PayPay,,キャンセル済み,0,,,12/16/2025 6:25:20 PM	,,TTS_P3_1,ヒカル P3 NMNエイジングケアサプリ 30日分,ヒカル P3 NMNエイジングケアサプリ 30日分,13540,1,美容サプリメント,
581666521549866249,TIKTOK_581666521549866249,tiktok,12/15/2025 4:05:28 PM	,13540,PayPay,,キャンセル済み,0,,,12/16/2025 6:25:56 PM	,,TTS_P3_1,ヒカル P3 NMNエイジングケアサプリ 30日分,ヒカル P3 NMNエイジングケアサプリ 30日分,13540,1,美容サプリメント,
581627482134644187,TIKTOK_581627482134644187,tiktok,12/13/2025 1:40:42 AM	,14040,クレジット/デビットカード,,発送済み,0,,,	,,TTS_P3_1,ヒカル P3 NMNエイジングケアサプリ 30日分,ヒカル P3 NMNエイジングケアサプリ 30日分,14040,1,美容サプリメント,
581471902826464521,TIKTOK_581471902826464521,tiktok,12/03/2025 8:46:52 PM	,3802,PayPay,,完了,0,,,	,,TTS_P3B_1,1箱30包(20g) 30日分 日本製 P3 booster(P3ブースター) ゼリーサプリ NMN 植物性ナノ型乳酸菌 ラクチュロース 菊の花エキス CD38抑制 エクソソーム プラセンタ,1箱30包(20g) 30日分 日本製 P3 booster(P3ブースター) ゼリーサプリ NMN 植物性ナノ型乳酸菌 ラクチュロース 菊の花エキス CD38抑制 エクソソーム プラセンタ,3802,1,ビタミン、ミネラル、ウェルネスサプリメント,
581289103999141189,TIKTOK_581289103999141189,tiktok,11/21/2025 11:20:45 AM	,12540,クレジット/デビットカード,,完了,0,,,	,,TTS_P3_1,ヒカル P3 NMNエイジングケアサプリ 30日分,ヒカル P3 NMNエイジングケアサプリ 30日分,12540,1,美容サプリメント,
581235916370379946,TIKTOK_581235916370379946,tiktok,11/17/2025 1:07:19 PM	,14040,Apple Pay,,完了,0,,,	,,TTS_P3_1,ヒカル P3 NMNエイジングケアサプリ 30日分,ヒカル P3 NMNエイジングケアサプリ 30日分,14040,1,美容サプリメント,
581178758032689124,TIKTOK_581178758032689124,tiktok,11/13/2025 8:18:32 AM	,0,,,完了,0,,,	,,TTS_P3_1,ヒカル P3 NMNエイジングケアサプリ 30日分,ヒカル P3 NMNエイジングケアサプリ 30日分,0,1,美容サプリメント,
581160132111205574,TIKTOK_581160132111205574,tiktok,11/11/2025 9:56:21 PM	,14040,PayPay,,完了,0,,,	,,TTS_P3_1,ヒカル P3 NMNエイジングケアサプリ 30日分,ヒカル P3 NMNエイジングケアサプリ 30日分,14040,1,美容サプリメント,
581158210679244380,TIKTOK_581158210679244380,tiktok,11/11/2025 8:09:31 PM	,14040,クレジット/デビットカード,,完了,0,,,	,,TTS_P3_1,ヒカル P3 NMNエイジングケアサプリ 30日分,ヒカル P3 NMNエイジングケアサプリ 30日分,14040,1,美容サプリメント,
581134390377220052,TIKTOK_581134390377220052,tiktok,11/10/2025 12:53:04 PM	,13801,クレジット/デビットカード,,完了,0,,,	,,TTS_P3_1,ヒカル P3 NMNエイジングケアサプリ 30日分,ヒカル P3 NMNエイジングケアサプリ 30日分,14040,1,美容サプリメント,
581106869177189830,TIKTOK_581106869177189830,tiktok,11/08/2025 2:42:45 PM	,14040,Apple Pay,,完了,0,,,	,,TTS_P3_1,ヒカル P3 NMNエイジングケアサプリ 30日分,ヒカル P3 NMNエイジングケアサプリ 30日分,14040,1,美容サプリメント,
581091504838182300,TIKTOK_581091504838182300,tiktok,11/07/2025 5:21:38 PM	,13740,クレジット/デビットカード,,完了,0,,,	,,TTS_P3_1,ヒカル P3 NMNエイジングケアサプリ 30日分,ヒカル P3 NMNエイジングケアサプリ 30日分,14040,1,美容サプリメント,
581069269427783182,TIKTOK_581069269427783182,tiktok,11/06/2025 12:16:55 PM	,0,,,完了,0,,,	,,TTS_P3_1,ヒカル P3 NMNエイジングケアサプリ 30日分,ヒカル P3 NMNエイジングケアサプリ 30日分,0,1,美容サプリメント,
581069231149057042,TIKTOK_581069231149057042,tiktok,11/06/2025 12:16:31 PM	,0,,,完了,0,,,	,,TTS_P3_1,ヒカル P3 NMNエイジングケアサプリ 30日分,ヒカル P3 NMNエイジングケアサプリ 30日分,0,1,美容サプリメント,
581069217075136066,TIKTOK_581069217075136066,tiktok,11/06/2025 12:16:31 PM	,0,,,完了,0,,,	,,TTS_P3_1,ヒカル P3 NMNエイジングケアサプリ 30日分,ヒカル P3 NMNエイジングケアサプリ 30日分,0,1,美容サプリメント,
581069215369692742,TIKTOK_581069215369692742,tiktok,11/06/2025 12:16:31 PM	,0,,,完了,0,,,	,,TTS_P3_1,ヒカル P3 NMNエイジングケアサプリ 30日分,ヒカル P3 NMNエイジングケアサプリ 30日分,0,1,美容サプリメント,
581063188772390851,TIKTOK_581063188772390851,tiktok,11/05/2025 10:52:57 PM	,0,,,完了,0,,,	,,TTS_P3_1,ヒカル P3 NMNエイジングケアサプリ 30日分,ヒカル P3 NMNエイジングケアサプリ 30日分,0,1,美容サプリメント,
581063257269437644,TIKTOK_581063257269437644,tiktok,11/05/2025 10:52:56 PM	,0,,,完了,0,,,	,,TTS_P3B_1,1箱30包(20g) 30日分 日本製 P3 booster(P3ブースター) ゼリーサプリ NMN 植物性ナノ型乳酸菌 ラクチュロース 菊の花エキス CD38抑制 エクソソーム プラセンタ,1箱30包(20g) 30日分 日本製 P3 booster(P3ブースター) ゼリーサプリ NMN 植物性ナノ型乳酸菌 ラクチュロース 菊の花エキス CD38抑制 エクソソーム プラセンタ,0,1,ビタミン、ミネラル、ウェルネスサプリメント,
581063231053923971,TIKTOK_581063231053923971,tiktok,11/05/2025 10:52:56 PM	,0,,,完了,0,,,	,,TTS_P3_1,ヒカル P3 NMNエイジングケアサプリ 30日分,ヒカル P3 NMNエイジングケアサプリ 30日分,0,1,美容サプリメント,
581046010165364423,TIKTOK_581046010165364423,tiktok,11/04/2025 7:03:24 PM	,12540,PayPay,,完了,0,,,	,,TTS_P3_1,ヒカル P3 NMNエイジングケアサプリ 30日分,ヒカル P3 NMNエイジングケアサプリ 30日分,12540,1,美容サプリメント,
581038491887240809,TIKTOK_581038491887240809,tiktok,11/04/2025 9:15:56 AM	,0,,,完了,0,,,	,,TTS_P3_1,ヒカル P3 NMNエイジングケアサプリ 30日分,ヒカル P3 NMNエイジングケアサプリ 30日分,0,1,美容サプリメント,
581030022443009716,TIKTOK_581030022443009716,tiktok,11/03/2025 4:46:54 PM	,12540,PayPay,,完了,0,,,	,,TTS_P3_1,ヒカル P3 NMNエイジングケアサプリ 30日分,ヒカル P3 NMNエイジングケアサプリ 30日分,12540,1,美容サプリメント,
581013861065656079,TIKTOK_581013861065656079,tiktok,11/02/2025 2:52:52 PM	,0,,,完了,0,,,	,,TTS_P3_1,ヒカル P3 NMNエイジングケアサプリ 30日分,ヒカル P3 NMNエイジングケアサプリ 30日分,0,1,美容サプリメント,
581013781177534078,TIKTOK_581013781177534078,tiktok,11/02/2025 2:52:52 PM	,0,,,完了,0,,,	,,TTS_P3_1,ヒカル P3 NMNエイジングケアサプリ 30日分,ヒカル P3 NMNエイジングケアサプリ 30日分,0,1,美容サプリメント,
581013911097345814,TIKTOK_581013911097345814,tiktok,11/02/2025 2:52:52 PM	,0,,,完了,0,,,	,,TTS_P3_1,ヒカル P3 NMNエイジングケアサプリ 30日分,ヒカル P3 NMNエイジングケアサプリ 30日分,0,1,美容サプリメント,
581011199573526066,TIKTOK_581011199573526066,tiktok,11/02/2025 10:57:23 AM	,14040,コンビニ,,完了,0,,,	,,TTS_P3_1,ヒカル P3 NMNエイジングケアサプリ 30日分,ヒカル P3 NMNエイジングケアサプリ 30日分,14040,1,美容サプリメント,
581007035842397589,TIKTOK_581007035842397589,tiktok,11/01/2025 11:55:37 PM	,14040,PayPay,,キャンセル済み,0,,,11/03/2025 3:05:07 PM	,,TTS_P3_1,ヒカル P3 NMNエイジングケアサプリ 30日分,ヒカル P3 NMNエイジングケアサプリ 30日分,14040,1,美容サプリメント,
580993358602208661,TIKTOK_580993358602208661,tiktok,11/01/2025 12:12:14 AM	,14040,PayPay,,キャンセル済み,0,,,11/03/2025 3:04:59 PM	,,TTS_P3_1,ヒカル P3 NMNエイジングケアサプリ 30日分,ヒカル P3 NMNエイジングケアサプリ 30日分,14040,1,美容サプリメント,
580992997915199026,TIKTOK_580992997915199026,tiktok,10/31/2025 11:45:26 PM	,14040,コンビニ,,キャンセル済み,0,,,11/02/2025 10:55:48 AM	,,TTS_P3_1,ヒカル P3 NMNエイジングケアサプリ 30日分,ヒカル P3 NMNエイジングケアサプリ 30日分,14040,1,美容サプリメント,
580939074738750869,TIKTOK_580939074738750869,tiktok,10/28/2025 12:34:33 AM	,0,,,完了,0,,,	,,TTS_P3_1,ヒカル P3 NMNエイジングケアサプリ 30日分,ヒカル P3 NMNエイジングケアサプリ 30日分,0,1,美容サプリメント,
580938989760906991,TIKTOK_580938989760906991,tiktok,10/28/2025 12:34:31 AM	,0,,,完了,0,,,	,,TTS_P3_1,ヒカル P3 NMNエイジングケアサプリ 30日分,ヒカル P3 NMNエイジングケアサプリ 30日分,0,1,美容サプリメント,
580939067247396833,TIKTOK_580939067247396833,tiktok,10/28/2025 12:34:31 AM	,0,,,完了,0,,,	,,TTS_P3_1,ヒカル P3 NMNエイジングケアサプリ 30日分,ヒカル P3 NMNエイジングケアサプリ 30日分,0,1,美容サプリメント,
580939016711603814,TIKTOK_580939016711603814,tiktok,10/28/2025 12:34:30 AM	,0,,,完了,0,,,	,,TTS_P3_1,ヒカル P3 NMNエイジングケアサプリ 30日分,ヒカル P3 NMNエイジングケアサプリ 30日分,0,1,美容サプリメント,
580938977041680310,TIKTOK_580938977041680310,tiktok,10/28/2025 12:34:30 AM	,0,,,完了,0,,,	,,TTS_P3_1,ヒカル P3 NMNエイジングケアサプリ 30日分,ヒカル P3 NMNエイジングケアサプリ 30日分,0,1,美容サプリメント,
580927637393541043,TIKTOK_580927637393541043,tiktok,10/27/2025 7:41:13 AM	,14040,コンビニ,,完了,0,,,	,,TTS_P3_1,ヒカル P3 NMNエイジングケアサプリ 30日分,ヒカル P3 NMNエイジングケアサプリ 30日分,14040,1,美容サプリメント,
580922903699424908,TIKTOK_580922903699424908,tiktok,10/26/2025 9:04:53 PM	,14040,コンビニ,,完了,0,,,	,,TTS_P3_1,ヒカル P3 NMNエイジングケアサプリ 30日分,ヒカル P3 NMNエイジングケアサプリ 30日分,14040,1,美容サプリメント,
580875198679843858,TIKTOK_580875198679843858,tiktok,10/23/2025 10:22:13 AM	,0,,,完了,0,,,	,,TTS_P3_1,ヒカル P3 NMNエイジングケアサプリ 30日分,ヒカル P3 NMNエイジングケアサプリ 30日分,0,1,美容サプリメント,
580854977503725480,TIKTOK_580854977503725480,tiktok,10/21/2025 6:10:35 PM	,0,,,完了,0,,,	,,TTS_P3_1,ヒカル P3 NMNエイジングケアサプリ 30日分,ヒカル P3 NMNエイジングケアサプリ 30日分,0,1,美容サプリメント,
580824080876078368,TIKTOK_580824080876078368,tiktok,10/19/2025 8:42:19 AM	,13257,PayPay,,完了,0,,,	,,TTS_P3_1,ヒカル P3 NMNエイジングケアサプリ 30日分,ヒカル P3 NMNエイジングケアサプリ 30日分,13257,1,美容サプリメント,
580546006873835074,TIKTOK_580546006873835074,tiktok,09/27/2025 7:27:13 PM	,0,,,完了,0,,,	,,TTS_P3_1,ヒカル P3 NMNエイジングケアサプリ 30日分,ヒカル P3 NMNエイジングケアサプリ 30日分,0,1,美容サプリメント,
580544962623145607,TIKTOK_580544962623145607,tiktok,09/27/2025 5:43:52 PM	,0,,,完了,0,,,	,,TTS_P3_1,ヒカル P3 NMNエイジングケアサプリ 30日分,ヒカル P3 NMNエイジングケアサプリ 30日分,0,1,美容サプリメント,
580544940095735044,TIKTOK_580544940095735044,tiktok,09/27/2025 5:43:52 PM	,0,,,完了,0,,,	,,TTS_P3_1,ヒカル P3 NMNエイジングケアサプリ 30日分,ヒカル P3 NMNエイジングケアサプリ 30日分,0,1,美容サプリメント,
580174477337724534,TIKTOK_580174477337724534,tiktok,08/29/2025 5:03:40 PM	,13000,Apple Pay,,完了,0,,,	,,TTS_P3_1,30日分P3ヒカル NMN 9000mg サプリ高純度99.9% 日本製 コエンザイムQ10亜鉛ストロングマルチビタミンアミノ酸ミネラルDHA EPA L-シスチンα-リポ酸 53種類美容成分高配合,30日分P3ヒカル NMN 9000mg サプリ高純度99.9% 日本製 コエンザイムQ10亜鉛ストロングマルチビタミンアミノ酸ミネラルDHA EPA L-シスチンα-リポ酸 53種類美容成分高配合,13000,1,美容サプリメント,
